??id,kc0,kc1,kc2,kc3,kc4,kc5,kc6,kc7,kc8,kc9,kc10,kc11,kc12,kc13,kc14,kc15,kc16,kc17,kc18,kc19,kc20,kc21,kc22,kc23,kc24,kc25,kc26,kc27,kc28,kc29,kc30,kc31,kc32,kc33,kc34,kc35,kc36,kc37,kc38,kc39,kc40,kc41,kc42,kc43,kc44,kc45,kc46,kc47,kc48,kc49,kc50,kc51,kc52,kc53,kc54,kc55,kc56
uid0,0.651389,0.000000,0.037595,0.601353,0.343951,0.948686,0.000000,0.807519,0.792187,0.961504,0.784069,0.910557,0.000000,0.264025,0.000000,0.924724,0.000000,0.507824,0.616340,0.356401,0.073777,0.158391,0.941321,0.000000,0.934172,0.000000,0.695145,0.569599,0.000000,0.593641,0.811172,0.277992,0.108598,0.235276,0.392352,0.091354,0.000000,0.368615,0.788167,0.190031,0.844096,0.125515,0.142110,0.664495,0.577767,0.478705,0.498303,0.249788,0.535317,0.517164,0.468621,0.861027,0.318323,0.637771,0.000000,0.915553,0.000000
uid1,0.000000,0.000000,0.000000,0.000000,0.000000,0.000000,0.000000,0.000000,0.000000,0.000000,0.000000,0.000000,0.000000,0.000000,0.158391,0.000000,0.000000,0.000000,0.000000,0.000000,0.000000,0.000000,0.000000,0.000000,0.235276,0.000000,0.108598,0.000000,0.000000,0.000000,0.000000,0.000000,0.037595,0.220482,0.073777,0.000000,0.000000,0.000000,0.000000,0.000000,0.125515,0.091354,0.055859,0.000000,0.142110,0.000000,0.000000,0.000000,0.000000,0.000000,0.018978,0.000000,0.000000,0.000000,0.000000,0.000000,0.000000
uid2,0.158391,0.585780,0.000000,0.037595,0.331260,0.000000,0.552786,0.018978,0.174363,0.343951,0.644645,0.205403,0.000000,0.468621,0.569599,0.000000,0.368615,0.380597,0.526327,0.073777,0.142110,0.000000,0.000000,0.000000,0.000000,0.000000,0.277992,0.507824,0.000000,0.000000,0.561273,0.623621,0.291694,0.091354,0.108598,0.811172,0.190031,0.125515,0.000000,0.318323,0.000000,0.535317,0.517164,0.356401,0.000000,0.000000,0.220482,0.498303,0.000000,0.593641,0.728252,0.000000,0.695145,0.055859,0.000000,0.478705,0.000000
uid3,0.018978,0.000000,0.000000,0.000000,0.651389,0.000000,0.630764,0.000000,0.000000,0.000000,0.000000,0.000000,0.142110,0.190031,0.264025,0.507824,0.000000,0.488598,0.037595,0.637771,0.343951,0.569599,0.000000,0.526327,0.415196,0.368615,0.305136,0.055859,0.000000,0.517164,0.000000,0.601353,0.249788,0.174363,0.091354,0.658005,0.437182,0.000000,0.000000,0.073777,0.000000,0.125515,0.478705,0.205403,0.000000,0.000000,0.392352,0.468621,0.000000,0.000000,0.000000,0.000000,0.331260,0.356401,0.000000,0.000000,0.000000
uid4,0.670862,0.380597,0.775634,0.291694,0.849958,0.000000,0.073777,0.658005,0.037595,0.950615,0.552786,0.091354,0.585780,0.125515,0.695145,0.788167,0.955127,0.447863,0.784069,0.055859,0.630764,0.000000,0.000000,0.000000,0.608918,0.000000,0.577767,0.437182,0.828422,0.235276,0.305136,0.415196,0.000000,0.318323,0.507824,0.738468,0.000000,0.468621,0.000000,0.343951,0.000000,0.174363,0.868790,0.018978,0.743431,0.535317,0.944599,0.651389,0.000000,0.838006,0.700930,0.190031,0.683236,0.205403,0.923268,0.897720,0.000000
uid5,0.779892,0.000000,0.000000,0.331260,0.706606,0.821720,0.205403,0.517164,0.437182,0.000000,0.249788,0.142110,0.000000,0.569599,0.000000,0.264025,0.000000,0.000000,0.380597,0.000000,0.426295,0.873723,0.855598,0.775634,0.343951,0.000000,0.863665,0.447863,0.000000,0.771294,0.507824,0.018978,0.091354,0.190031,0.277992,0.158391,0.908827,0.644645,0.585780,0.852805,0.220482,0.728252,0.291694,0.478705,0.415196,0.368615,0.108598,0.305136,0.577767,0.910557,0.000000,0.945650,0.073777,0.125515,0.000000,0.235276,0.861027
uid6,0.055859,0.905265,0.585780,0.811172,0.498303,0.000000,0.664495,0.814755,0.108598,0.488598,0.630764,0.000000,0.000000,0.426295,0.683236,0.552786,0.517164,0.507824,0.623621,0.264025,0.125515,0.000000,0.000000,0.000000,0.931601,0.000000,0.249788,0.601353,0.700930,0.766870,0.616340,0.318323,0.018978,0.037595,0.190031,0.762360,0.158391,0.220482,0.000000,0.468621,0.000000,0.305136,0.838006,0.478705,0.775634,0.885259,0.091354,0.831678,0.000000,0.277992,0.738468,0.000000,0.380597,0.174363,0.954259,0.447863,0.000000
uid7,0.507824,0.498303,0.000000,0.712174,0.249788,0.000000,0.235276,0.174363,0.142110,0.000000,0.000000,0.593641,0.689247,0.091354,0.000000,0.878470,0.561273,0.380597,0.190031,0.577767,0.728252,0.368615,0.000000,0.000000,0.415196,0.000000,0.318323,0.220482,0.000000,0.447863,0.722995,0.037595,0.291694,0.677108,0.073777,0.841081,0.855598,0.818271,0.158391,0.403884,0.000000,0.437182,0.356401,0.205403,0.055859,0.000000,0.788167,0.392352,0.108598,0.000000,0.000000,0.644645,0.018978,0.630764,0.000000,0.000000,0.277992
uid8,0.000000,0.000000,0.000000,0.593641,0.507824,0.000000,0.468621,0.277992,0.142110,0.000000,0.318323,0.037595,0.000000,0.380597,0.000000,0.585780,0.000000,0.677108,0.108598,0.000000,0.205403,0.658005,0.000000,0.000000,0.695145,0.000000,0.637771,0.190031,0.000000,0.000000,0.291694,0.174363,0.644645,0.091354,0.356401,0.055859,0.000000,0.569599,0.403884,0.689247,0.706606,0.526327,0.488598,0.235276,0.158391,0.073777,0.000000,0.220482,0.368615,0.000000,0.000000,0.000000,0.305136,0.018978,0.000000,0.000000,0.608918
uid9,0.000000,0.000000,0.000000,0.343951,0.000000,0.000000,0.125515,0.356401,0.000000,0.000000,0.108598,0.000000,0.000000,0.000000,0.000000,0.000000,0.683236,0.000000,0.235276,0.552786,0.392352,0.488598,0.000000,0.517164,0.000000,0.000000,0.264025,0.055859,0.000000,0.380597,0.158391,0.037595,0.249788,0.000000,0.426295,0.142110,0.000000,0.000000,0.277992,0.616340,0.018978,0.437182,0.000000,0.073777,0.000000,0.000000,0.000000,0.220482,0.174363,0.000000,0.403884,0.305136,0.000000,0.000000,0.000000,0.000000,0.000000
uid10,0.000000,0.000000,0.000000,0.073777,0.018978,0.108598,0.000000,0.000000,0.331260,0.000000,0.000000,0.000000,0.000000,0.000000,0.190031,0.000000,0.000000,0.000000,0.000000,0.235276,0.000000,0.000000,0.000000,0.000000,0.000000,0.000000,0.000000,0.037595,0.000000,0.343951,0.000000,0.291694,0.000000,0.000000,0.318323,0.000000,0.000000,0.205403,0.000000,0.000000,0.000000,0.264025,0.220482,0.125515,0.000000,0.000000,0.000000,0.091354,0.000000,0.000000,0.000000,0.000000,0.305136,0.000000,0.000000,0.000000,0.000000
uid11,0.264025,0.403884,0.091354,0.821720,0.616340,0.915553,0.249788,0.658005,0.689247,0.831678,0.055859,0.803796,0.000000,0.722995,0.277992,0.142110,0.861027,0.775634,0.018978,0.158391,0.000000,0.000000,0.000000,0.000000,0.949660,0.000000,0.488598,0.037595,0.305136,0.426295,0.125515,0.000000,0.220482,0.073777,0.535317,0.507824,0.960759,0.891668,0.743431,0.356401,0.899661,0.601353,0.415196,0.190031,0.498303,0.000000,0.569599,0.561273,0.738468,0.593641,0.945650,0.931601,0.677108,0.788167,0.000000,0.000000,0.000000
uid12,0.593641,0.507824,0.544135,0.577767,0.125515,0.478705,0.331260,0.318323,0.616340,0.000000,0.825103,0.000000,0.000000,0.637771,0.000000,0.264025,0.000000,0.403884,0.343951,0.305136,0.055859,0.753077,0.468621,0.828422,0.000000,0.000000,0.000000,0.142110,0.000000,0.000000,0.291694,0.073777,0.158391,0.235276,0.368615,0.205403,0.000000,0.664495,0.000000,0.392352,0.844096,0.018978,0.356401,0.037595,0.108598,0.000000,0.091354,0.488598,0.852805,0.220482,0.000000,0.000000,0.277992,0.000000,0.000000,0.437182,0.788167
uid13,0.000000,0.000000,0.305136,0.000000,0.000000,0.000000,0.291694,0.000000,0.000000,0.000000,0.000000,0.000000,0.000000,0.000000,0.000000,0.000000,0.220482,0.000000,0.000000,0.000000,0.277992,0.380597,0.000000,0.108598,0.000000,0.000000,0.174363,0.000000,0.000000,0.190031,0.037595,0.142110,0.158391,0.415196,0.000000,0.055859,0.000000,0.000000,0.000000,0.073777,0.000000,0.091354,0.392352,0.000000,0.000000,0.000000,0.000000,0.235276,0.000000,0.000000,0.000000,0.000000,0.000000,0.000000,0.000000,0.000000,0.000000
uid14,0.670862,0.927554,0.055859,0.593641,0.507824,0.343951,0.073777,0.784069,0.800000,0.000000,0.771294,0.305136,0.000000,0.392352,0.356401,0.000000,0.931601,0.437182,0.601353,0.517164,0.037595,0.220482,0.000000,0.000000,0.910557,0.000000,0.644645,0.277992,0.000000,0.458341,0.000000,0.468621,0.000000,0.235276,0.535317,0.018978,0.000000,0.403884,0.796131,0.142110,0.863665,0.125515,0.174363,0.264025,0.426295,0.000000,0.712174,0.249788,0.807519,0.000000,0.577767,0.000000,0.331260,0.623621,0.000000,0.000000,0.895741
uid15,0.277992,0.468621,0.055859,0.000000,0.018978,0.000000,0.205403,0.569599,0.593641,0.771294,0.108598,0.000000,0.000000,0.664495,0.249788,0.174363,0.331260,0.000000,0.125515,0.142110,0.000000,0.000000,0.000000,0.000000,0.426295,0.000000,0.517164,0.073777,0.291694,0.000000,0.091354,0.264025,0.220482,0.037595,0.437182,0.000000,0.000000,0.356401,0.000000,0.447863,0.000000,0.498303,0.585780,0.190031,0.738468,0.000000,0.343951,0.478705,0.000000,0.488598,0.392352,0.000000,0.616340,0.000000,0.000000,0.000000,0.000000
uid16,0.000000,0.000000,0.000000,0.158391,0.000000,0.249788,0.000000,0.000000,0.000000,0.000000,0.000000,0.277992,0.000000,0.000000,0.291694,0.000000,0.000000,0.000000,0.055859,0.108598,0.000000,0.018978,0.000000,0.000000,0.000000,0.000000,0.000000,0.205403,0.000000,0.000000,0.392352,0.000000,0.368615,0.235276,0.125515,0.000000,0.000000,0.000000,0.000000,0.000000,0.000000,0.000000,0.343951,0.190031,0.000000,0.000000,0.000000,0.356401,0.000000,0.000000,0.091354,0.073777,0.264025,0.000000,0.000000,0.000000,0.000000
uid17,0.000000,0.000000,0.000000,0.331260,0.601353,0.000000,0.018978,0.426295,0.000000,0.623621,0.000000,0.037595,0.277992,0.073777,0.000000,0.000000,0.630764,0.458341,0.000000,0.055859,0.368615,0.000000,0.000000,0.000000,0.305136,0.000000,0.291694,0.264025,0.000000,0.235276,0.356401,0.437182,0.205403,0.249788,0.318323,0.000000,0.000000,0.000000,0.000000,0.608918,0.000000,0.158391,0.000000,0.091354,0.000000,0.000000,0.000000,0.392352,0.000000,0.488598,0.000000,0.174363,0.544135,0.142110,0.000000,0.585780,0.000000
uid18,0.073777,0.821720,0.498303,0.728252,0.552786,0.733409,0.205403,0.637771,0.695145,0.623621,0.142110,0.000000,0.910557,0.305136,0.403884,0.526327,0.018978,0.000000,0.220482,0.847055,0.426295,0.000000,0.000000,0.000000,0.174363,0.000000,0.331260,0.235276,0.000000,0.841081,0.437182,0.277992,0.000000,0.468621,0.108598,0.507824,0.000000,0.037595,0.891668,0.190031,0.878470,0.249788,0.415196,0.488598,0.577767,0.000000,0.055859,0.926153,0.664495,0.000000,0.125515,0.000000,0.569599,0.000000,0.392352,0.644645,0.000000
uid19,0.264025,0.000000,0.174363,0.517164,0.055859,0.949660,0.000000,0.623621,0.356401,0.000000,0.561273,0.458341,0.000000,0.585780,0.000000,0.738468,0.000000,0.368615,0.630764,0.037595,0.811172,0.932899,0.695145,0.779892,0.762360,0.000000,0.190031,0.637771,0.000000,0.775634,0.838006,0.380597,0.426295,0.220482,0.091354,0.073777,0.000000,0.018978,0.616340,0.677108,0.722995,0.158391,0.142110,0.291694,0.249788,0.792187,0.343951,0.318323,0.488598,0.000000,0.000000,0.000000,0.108598,0.447863,0.000000,0.712174,0.923268
uid20,0.585780,0.695145,0.000000,0.318323,0.722995,0.526327,0.018978,0.403884,0.000000,0.818271,0.437182,0.037595,0.305136,0.073777,0.608918,0.000000,0.834873,0.000000,0.784069,0.055859,0.392352,0.000000,0.000000,0.000000,0.291694,0.000000,0.277992,0.264025,0.000000,0.220482,0.343951,0.458341,0.190031,0.249788,0.331260,0.664495,0.000000,0.000000,0.507824,0.000000,0.447863,0.158391,0.757763,0.091354,0.677108,0.000000,0.796131,0.368615,0.569599,0.700930,0.616340,0.174363,0.535317,0.142110,0.000000,0.000000,0.000000
uid21,0.593641,0.517164,0.000000,0.249788,0.018978,0.264025,0.073777,0.205403,0.235276,0.190031,0.000000,0.000000,0.000000,0.403884,0.507824,0.000000,0.437182,0.000000,0.277992,0.426295,0.000000,0.000000,0.000000,0.000000,0.108598,0.000000,0.000000,0.305136,0.000000,0.447863,0.000000,0.158391,0.526327,0.318323,0.220482,0.585780,0.000000,0.368615,0.535317,0.000000,0.000000,0.000000,0.000000,0.142110,0.125515,0.000000,0.055859,0.577767,0.000000,0.000000,0.616340,0.000000,0.091354,0.000000,0.000000,0.000000,0.000000
uid22,0.000000,0.000000,0.018978,0.000000,0.000000,0.331260,0.000000,0.000000,0.000000,0.000000,0.000000,0.000000,0.000000,0.000000,0.125515,0.000000,0.000000,0.000000,0.000000,0.000000,0.091354,0.108598,0.000000,0.000000,0.000000,0.000000,0.000000,0.264025,0.000000,0.000000,0.000000,0.000000,0.205403,0.305136,0.000000,0.037595,0.000000,0.000000,0.000000,0.055859,0.000000,0.000000,0.158391,0.235276,0.000000,0.000000,0.000000,0.190031,0.000000,0.000000,0.000000,0.000000,0.142110,0.000000,0.000000,0.000000,0.000000
uid23,0.458341,0.717636,0.488598,0.585780,0.190031,0.507824,0.142110,0.468621,0.561273,0.000000,0.544135,0.392352,0.000000,0.073777,0.700930,0.000000,0.658005,0.291694,0.018978,0.174363,0.000000,0.818271,0.478705,0.000000,0.712174,0.000000,0.807519,0.415196,0.000000,0.664495,0.844096,0.055859,0.091354,0.426295,0.220482,0.205403,0.000000,0.158391,0.757763,0.437182,0.728252,0.125515,0.037595,0.796131,0.000000,0.000000,0.368615,0.831678,0.788167,0.000000,0.000000,0.000000,0.000000,0.380597,0.000000,0.000000,0.792187
uid24,0.000000,0.000000,0.000000,0.018978,0.000000,0.000000,0.000000,0.000000,0.000000,0.000000,0.000000,0.000000,0.000000,0.000000,0.000000,0.000000,0.000000,0.000000,0.000000,0.055859,0.000000,0.091354,0.000000,0.000000,0.000000,0.000000,0.000000,0.000000,0.000000,0.108598,0.205403,0.235276,0.000000,0.000000,0.142110,0.190031,0.000000,0.000000,0.000000,0.000000,0.000000,0.220482,0.000000,0.000000,0.000000,0.000000,0.000000,0.000000,0.000000,0.000000,0.174363,0.073777,0.000000,0.000000,0.000000,0.000000,0.000000
uid25,0.738468,0.000000,0.000000,0.091354,0.664495,0.000000,0.142110,0.174363,0.000000,0.000000,0.190031,0.000000,0.000000,0.616340,0.291694,0.000000,0.593641,0.000000,0.108598,0.658005,0.220482,0.000000,0.743431,0.517164,0.468621,0.426295,0.037595,0.356401,0.000000,0.264025,0.498303,0.552786,0.055859,0.706606,0.277992,0.018978,0.478705,0.651389,0.205403,0.544135,0.000000,0.235276,0.695145,0.000000,0.073777,0.000000,0.447863,0.601353,0.748300,0.000000,0.318323,0.125515,0.392352,0.415196,0.000000,0.000000,0.000000
uid26,0.488598,0.000000,0.000000,0.108598,0.517164,0.380597,0.458341,0.235276,0.535317,0.000000,0.249788,0.630764,0.018978,0.220482,0.000000,0.753077,0.000000,0.000000,0.000000,0.623621,0.142110,0.000000,0.000000,0.000000,0.073777,0.000000,0.055859,0.037595,0.000000,0.803796,0.158391,0.277992,0.174363,0.000000,0.091354,0.677108,0.706606,0.585780,0.343951,0.593641,0.264025,0.125515,0.000000,0.437182,0.552786,0.000000,0.507824,0.190031,0.426295,0.000000,0.000000,0.526327,0.368615,0.577767,0.000000,0.000000,0.000000
uid27,0.535317,0.055859,0.488598,0.343951,0.073777,0.000000,0.220482,0.264025,0.125515,0.000000,0.249788,0.000000,0.706606,0.415196,0.447863,0.000000,0.670862,0.637771,0.403884,0.468621,0.738468,0.000000,0.000000,0.000000,0.712174,0.000000,0.190031,0.142110,0.000000,0.291694,0.368615,0.108598,0.753077,0.561273,0.235276,0.277992,0.000000,0.000000,0.000000,0.658005,0.000000,0.000000,0.174363,0.205403,0.517164,0.000000,0.601353,0.018978,0.000000,0.037595,0.000000,0.000000,0.158391,0.000000,0.000000,0.392352,0.000000
uid28,0.000000,0.000000,0.000000,0.552786,0.000000,0.000000,0.000000,0.000000,0.000000,0.000000,0.000000,0.000000,0.000000,0.000000,0.235276,0.000000,0.415196,0.544135,0.000000,0.458341,0.220482,0.535317,0.000000,0.305136,0.174363,0.125515,0.190031,0.055859,0.000000,0.291694,0.277992,0.356401,0.018978,0.437182,0.158391,0.264025,0.142110,0.000000,0.000000,0.380597,0.000000,0.343951,0.000000,0.000000,0.000000,0.000000,0.108598,0.331260,0.000000,0.000000,0.426295,0.498303,0.037595,0.091354,0.000000,0.000000,0.000000
uid29,0.305136,0.488598,0.277992,0.561273,0.852805,0.142110,0.264025,0.220482,0.683236,0.908827,0.000000,0.677108,0.757763,0.706606,0.585780,0.917156,0.535317,0.437182,0.458341,0.630764,0.800000,0.000000,0.000000,0.000000,0.771294,0.000000,0.517164,0.091354,0.000000,0.403884,0.788167,0.018978,0.108598,0.762360,0.190031,0.368615,0.000000,0.552786,0.125515,0.478705,0.037595,0.055859,0.577767,0.447863,0.526327,0.000000,0.937849,0.426295,0.235276,0.866252,0.000000,0.291694,0.174363,0.733409,0.946682,0.664495,0.000000
uid30,0.616340,0.000000,0.000000,0.000000,0.577767,0.569599,0.000000,0.426295,0.728252,0.000000,0.712174,0.779892,0.368615,0.437182,0.073777,0.670862,0.000000,0.766870,0.000000,0.125515,0.277992,0.000000,0.000000,0.000000,0.264025,0.000000,0.305136,0.356401,0.000000,0.000000,0.392352,0.220482,0.458341,0.331260,0.235276,0.488598,0.644645,0.158391,0.000000,0.403884,0.468621,0.055859,0.037595,0.091354,0.517164,0.000000,0.000000,0.447863,0.000000,0.000000,0.000000,0.000000,0.291694,0.000000,0.000000,0.343951,0.000000
uid31,0.753077,0.458341,0.392352,0.073777,0.517164,0.928929,0.018978,0.108598,0.585780,0.880777,0.544135,0.910557,0.000000,0.142110,0.277992,0.437182,0.807519,0.000000,0.249788,0.174363,0.343951,0.000000,0.000000,0.000000,0.878470,0.000000,0.498303,0.205403,0.000000,0.000000,0.235276,0.507824,0.368615,0.380597,0.055859,0.091354,0.000000,0.792187,0.915553,0.748300,0.000000,0.264025,0.220482,0.037595,0.871280,0.000000,0.757763,0.190031,0.712174,0.488598,0.788167,0.000000,0.125515,0.000000,0.291694,0.158391,0.000000
uid32,0.000000,0.000000,0.544135,0.220482,0.305136,0.000000,0.264025,0.000000,0.091354,0.000000,0.392352,0.623621,0.000000,0.498303,0.458341,0.205403,0.000000,0.108598,0.000000,0.073777,0.488598,0.000000,0.000000,0.000000,0.415196,0.000000,0.277992,0.000000,0.000000,0.037595,0.468621,0.142110,0.000000,0.249788,0.018978,0.552786,0.000000,0.000000,0.000000,0.426295,0.000000,0.174363,0.343951,0.291694,0.000000,0.000000,0.000000,0.158391,0.000000,0.000000,0.235276,0.000000,0.318323,0.000000,0.447863,0.000000,0.000000
uid33,0.055859,0.437182,0.488598,0.220482,0.318323,0.616340,0.630764,0.712174,0.608918,0.000000,0.784069,0.000000,0.000000,0.356401,0.738468,0.000000,0.717636,0.174363,0.000000,0.277992,0.000000,0.000000,0.000000,0.000000,0.753077,0.000000,0.498303,0.018978,0.000000,0.264025,0.762360,0.205403,0.748300,0.190031,0.108598,0.403884,0.000000,0.037595,0.000000,0.091354,0.775634,0.447863,0.569599,0.468621,0.125515,0.000000,0.585780,0.593641,0.796131,0.000000,0.142110,0.000000,0.700930,0.291694,0.000000,0.331260,0.000000
uid34,0.343951,0.905265,0.821720,0.000000,0.623621,0.000000,0.852805,0.920271,0.291694,0.552786,0.403884,0.651389,0.000000,0.426295,0.091354,0.478705,0.616340,0.569599,0.844096,0.142110,0.593641,0.000000,0.000000,0.000000,0.458341,0.000000,0.415196,0.825103,0.871280,0.814755,0.831678,0.205403,0.468621,0.535317,0.601353,0.331260,0.380597,0.073777,0.000000,0.220482,0.000000,0.174363,0.108598,0.055859,0.811172,0.895741,0.683236,0.907063,0.000000,0.903433,0.775634,0.000000,0.190031,0.706606,0.000000,0.264025,0.000000
uid35,0.331260,0.800000,0.000000,0.205403,0.775634,0.000000,0.235276,0.825103,0.108598,0.000000,0.447863,0.415196,0.000000,0.683236,0.380597,0.190031,0.000000,0.073777,0.852805,0.018978,0.535317,0.000000,0.000000,0.000000,0.712174,0.000000,0.264025,0.762360,0.000000,0.000000,0.855598,0.142110,0.468621,0.220482,0.037595,0.426295,0.561273,0.601353,0.000000,0.792187,0.000000,0.174363,0.814755,0.277992,0.458341,0.753077,0.507824,0.125515,0.000000,0.000000,0.249788,0.000000,0.318323,0.356401,0.000000,0.834873,0.000000
uid36,0.205403,0.000000,0.000000,0.392352,0.125515,0.000000,0.000000,0.447863,0.073777,0.000000,0.055859,0.000000,0.343951,0.468621,0.000000,0.821720,0.000000,0.535317,0.577767,0.677108,0.478705,0.569599,0.000000,0.807519,0.403884,0.000000,0.356401,0.018978,0.000000,0.695145,0.415196,0.264025,0.437182,0.142110,0.368615,0.733409,0.000000,0.277992,0.891668,0.091354,0.910557,0.380597,0.585780,0.037595,0.108598,0.644645,0.174363,0.426295,0.630764,0.608918,0.670862,0.190031,0.771294,0.158391,0.000000,0.913920,0.498303
uid37,0.561273,0.935422,0.000000,0.415196,0.142110,0.343951,0.091354,0.577767,0.664495,0.000000,0.593641,0.291694,0.000000,0.018978,0.331260,0.733409,0.937849,0.437182,0.670862,0.125515,0.803796,0.356401,0.585780,0.775634,0.762360,0.000000,0.939029,0.264025,0.000000,0.771294,0.831678,0.000000,0.037595,0.305136,0.158391,0.174363,0.000000,0.108598,0.644645,0.569599,0.712174,0.073777,0.220482,0.249788,0.616340,0.788167,0.498303,0.738468,0.380597,0.000000,0.000000,0.000000,0.055859,0.507824,0.000000,0.722995,0.943527
uid38,0.291694,0.000000,0.205403,0.403884,0.392352,0.000000,0.544135,0.526327,0.517164,0.000000,0.415196,0.142110,0.000000,0.468621,0.000000,0.683236,0.000000,0.000000,0.507824,0.000000,0.000000,0.844096,0.608918,0.000000,0.712174,0.000000,0.220482,0.535317,0.000000,0.000000,0.000000,0.018978,0.091354,0.158391,0.305136,0.264025,0.000000,0.728252,0.488598,0.585780,0.664495,0.623621,0.331260,0.318323,0.277992,0.000000,0.108598,0.356401,0.174363,0.000000,0.000000,0.000000,0.073777,0.125515,0.000000,0.658005,0.821720
uid39,0.264025,0.695145,0.000000,0.380597,0.623621,0.392352,0.498303,0.205403,0.796131,0.887436,0.000000,0.818271,0.000000,0.190031,0.000000,0.331260,0.608918,0.889573,0.517164,0.866252,0.125515,0.000000,0.000000,0.000000,0.277992,0.000000,0.343951,0.055859,0.000000,0.706606,0.091354,0.249788,0.158391,0.468621,0.073777,0.683236,0.847055,0.561273,0.000000,0.018978,0.000000,0.108598,0.235276,0.037595,0.000000,0.000000,0.535317,0.142110,0.000000,0.000000,0.478705,0.000000,0.743431,0.844096,0.733409,0.220482,0.000000
uid40,0.437182,0.426295,0.899661,0.220482,0.863665,0.664495,0.055859,0.658005,0.526327,0.000000,0.091354,0.488598,0.000000,0.517164,0.000000,0.125515,0.392352,0.249788,0.235276,0.468621,0.913920,0.000000,0.000000,0.000000,0.174363,0.000000,0.447863,0.380597,0.000000,0.368615,0.897720,0.305136,0.018978,0.000000,0.108598,0.889573,0.000000,0.831678,0.651389,0.318323,0.073777,0.291694,0.158391,0.277992,0.403884,0.000000,0.205403,0.142110,0.623621,0.912255,0.775634,0.585780,0.683236,0.561273,0.000000,0.037595,0.000000
uid41,0.651389,0.264025,0.784069,0.569599,0.277992,0.000000,0.190031,0.018978,0.158391,0.891668,0.000000,0.811172,0.000000,0.037595,0.000000,0.535317,0.733409,0.838006,0.205403,0.000000,0.000000,0.000000,0.000000,0.000000,0.544135,0.000000,0.318323,0.220482,0.000000,0.800000,0.788167,0.174363,0.468621,0.517164,0.073777,0.664495,0.000000,0.630764,0.108598,0.000000,0.526327,0.249788,0.415196,0.235276,0.091354,0.855598,0.577767,0.331260,0.142110,0.305136,0.601353,0.000000,0.125515,0.000000,0.000000,0.478705,0.000000
uid42,0.712174,0.858339,0.055859,0.331260,0.468621,0.000000,0.073777,0.803796,0.608918,0.498303,0.695145,0.569599,0.000000,0.415196,0.728252,0.552786,0.526327,0.277992,0.380597,0.403884,0.037595,0.220482,0.000000,0.000000,0.897720,0.000000,0.544135,0.305136,0.000000,0.343951,0.585780,0.368615,0.000000,0.235276,0.517164,0.018978,0.000000,0.561273,0.000000,0.142110,0.000000,0.125515,0.174363,0.488598,0.291694,0.677108,0.880777,0.249788,0.000000,0.928929,0.264025,0.000000,0.717636,0.392352,0.903433,0.447863,0.000000
uid43,0.608918,0.000000,0.000000,0.544135,0.722995,0.000000,0.318323,0.073777,0.142110,0.000000,0.249788,0.677108,0.000000,0.305136,0.000000,0.498303,0.000000,0.637771,0.277992,0.000000,0.091354,0.852805,0.616340,0.700930,0.552786,0.000000,0.841081,0.018978,0.000000,0.689247,0.291694,0.000000,0.403884,0.158391,0.343951,0.683236,0.000000,0.762360,0.437182,0.585780,0.488598,0.814755,0.517164,0.190031,0.037595,0.205403,0.526327,0.055859,0.468621,0.000000,0.000000,0.895741,0.220482,0.670862,0.000000,0.356401,0.838006
uid44,0.670862,0.677108,0.738468,0.753077,0.356401,0.000000,0.305136,0.478705,0.601353,0.291694,0.331260,0.766870,0.000000,0.000000,0.000000,0.000000,0.018978,0.000000,0.174363,0.000000,0.000000,0.000000,0.000000,0.000000,0.277992,0.000000,0.037595,0.091354,0.000000,0.318323,0.748300,0.073777,0.552786,0.585780,0.220482,0.235276,0.000000,0.108598,0.000000,0.695145,0.000000,0.125515,0.343951,0.488598,0.403884,0.000000,0.055859,0.000000,0.498303,0.000000,0.205403,0.000000,0.249788,0.000000,0.392352,0.526327,0.000000
uid45,0.291694,0.000000,0.000000,0.526327,0.158391,0.403884,0.055859,0.552786,0.205403,0.000000,0.142110,0.368615,0.468621,0.544135,0.392352,0.866252,0.000000,0.577767,0.811172,0.722995,0.507824,0.426295,0.841081,0.934172,0.498303,0.000000,0.447863,0.037595,0.000000,0.935422,0.478705,0.091354,0.488598,0.249788,0.535317,0.644645,0.000000,0.235276,0.771294,0.018978,0.852805,0.517164,0.757763,0.000000,0.305136,0.880777,0.125515,0.569599,0.658005,0.000000,0.000000,0.277992,0.380597,0.073777,0.000000,0.855598,0.960000
uid46,0.000000,0.000000,0.000000,0.305136,0.585780,0.000000,0.073777,0.415196,0.000000,0.601353,0.000000,0.037595,0.291694,0.055859,0.000000,0.651389,0.623621,0.616340,0.000000,0.018978,0.368615,0.000000,0.000000,0.000000,0.318323,0.000000,0.277992,0.249788,0.000000,0.235276,0.403884,0.468621,0.205403,0.264025,0.331260,0.000000,0.000000,0.658005,0.000000,0.593641,0.000000,0.174363,0.000000,0.091354,0.000000,0.000000,0.000000,0.380597,0.000000,0.447863,0.000000,0.158391,0.517164,0.125515,0.000000,0.561273,0.000000
uid47,0.000000,0.000000,0.000000,0.000000,0.037595,0.000000,0.000000,0.305136,0.000000,0.000000,0.190031,0.000000,0.000000,0.220482,0.000000,0.000000,0.000000,0.235276,0.277992,0.000000,0.000000,0.264025,0.000000,0.000000,0.158391,0.000000,0.055859,0.000000,0.000000,0.000000,0.000000,0.091354,0.174363,0.000000,0.000000,0.000000,0.000000,0.000000,0.000000,0.249788,0.205403,0.125515,0.108598,0.073777,0.000000,0.000000,0.000000,0.142110,0.000000,0.000000,0.000000,0.000000,0.291694,0.000000,0.000000,0.000000,0.018978
uid48,0.277992,0.608918,0.458341,0.073777,0.651389,0.000000,0.552786,0.235276,0.700930,0.000000,0.415196,0.380597,0.000000,0.220482,0.305136,0.507824,0.000000,0.000000,0.498303,0.291694,0.142110,0.000000,0.000000,0.000000,0.091354,0.000000,0.055859,0.037595,0.601353,0.403884,0.158391,0.249788,0.190031,0.018978,0.108598,0.392352,0.000000,0.000000,0.000000,0.000000,0.000000,0.125515,0.695145,0.561273,0.426295,0.000000,0.000000,0.174363,0.000000,0.630764,0.318323,0.000000,0.264025,0.343951,0.000000,0.000000,0.000000
uid49,0.825103,0.651389,0.788167,0.637771,0.683236,0.000000,0.507824,0.220482,0.091354,0.000000,0.392352,0.368615,0.000000,0.437182,0.757763,0.593641,0.811172,0.264025,0.055859,0.907063,0.073777,0.000000,0.000000,0.000000,0.616340,0.000000,0.677108,0.158391,0.000000,0.893724,0.235276,0.125515,0.331260,0.018978,0.426295,0.356401,0.000000,0.818271,0.468621,0.844096,0.569599,0.664495,0.608918,0.142110,0.108598,0.000000,0.318323,0.190031,0.447863,0.658005,0.828422,0.000000,0.291694,0.343951,0.748300,0.561273,0.000000
uid50,0.125515,0.960759,0.000000,0.498303,0.158391,0.488598,0.037595,0.616340,0.142110,0.000000,0.018978,0.818271,0.677108,0.637771,0.733409,0.907063,0.000000,0.967601,0.949660,0.664495,0.526327,0.000000,0.000000,0.000000,0.426295,0.000000,0.544135,0.055859,0.000000,0.318323,0.644645,0.277992,0.343951,0.073777,0.415196,0.403884,0.861027,0.249788,0.000000,0.264025,0.392352,0.517164,0.738468,0.000000,0.205403,0.000000,0.108598,0.478705,0.931601,0.507824,0.920271,0.174363,0.585780,0.235276,0.000000,0.779892,0.000000
uid51,0.318323,0.000000,0.552786,0.073777,0.343951,0.000000,0.277992,0.235276,0.403884,0.000000,0.220482,0.000000,0.037595,0.249788,0.000000,0.000000,0.000000,0.000000,0.000000,0.000000,0.158391,0.000000,0.000000,0.000000,0.091354,0.000000,0.055859,0.000000,0.000000,0.000000,0.125515,0.447863,0.174363,0.018978,0.142110,0.507824,0.000000,0.426295,0.000000,0.468621,0.000000,0.108598,0.623621,0.264025,0.415196,0.000000,0.356401,0.190031,0.000000,0.000000,0.000000,0.380597,0.000000,0.437182,0.000000,0.000000,0.000000
uid52,0.000000,0.000000,0.055859,0.577767,0.677108,0.343951,0.073777,0.000000,0.000000,0.000000,0.000000,0.318323,0.000000,0.630764,0.331260,0.000000,0.498303,0.535317,0.593641,0.616340,0.037595,0.205403,0.000000,0.415196,0.000000,0.000000,0.458341,0.277992,0.000000,0.488598,0.392352,0.447863,0.018978,0.220482,0.689247,0.000000,0.000000,0.664495,0.000000,0.142110,0.000000,0.125515,0.174363,0.264025,0.561273,0.000000,0.000000,0.249788,0.000000,0.000000,0.526327,0.000000,0.356401,0.608918,0.000000,0.000000,0.000000
uid53,0.792187,0.803796,0.841081,0.415196,0.291694,0.722995,0.190031,0.174363,0.158391,0.000000,0.000000,0.000000,0.000000,0.055859,0.000000,0.403884,0.811172,0.651389,0.205403,0.000000,0.507824,0.630764,0.000000,0.000000,0.670862,0.000000,0.623621,0.220482,0.000000,0.762360,0.569599,0.037595,0.608918,0.318323,0.091354,0.380597,0.000000,0.368615,0.125515,0.664495,0.683236,0.331260,0.264025,0.235276,0.073777,0.437182,0.000000,0.544135,0.108598,0.000000,0.000000,0.847055,0.018978,0.000000,0.000000,0.000000,0.585780
uid54,0.876119,0.000000,0.891668,0.695145,0.447863,0.841081,0.037595,0.073777,0.834873,0.190031,0.728252,0.000000,0.108598,0.000000,0.779892,0.055859,0.000000,0.343951,0.552786,0.305136,0.235276,0.855598,0.000000,0.000000,0.828422,0.811172,0.677108,0.488598,0.000000,0.392352,0.544135,0.426295,0.249788,0.091354,0.593641,0.507824,0.831678,0.220482,0.722995,0.125515,0.000000,0.380597,0.616340,0.000000,0.018978,0.264025,0.291694,0.174363,0.356401,0.318323,0.142110,0.700930,0.561273,0.807519,0.000000,0.658005,0.878470
uid55,0.000000,0.000000,0.695145,0.318323,0.000000,0.000000,0.343951,0.415196,0.000000,0.000000,0.403884,0.000000,0.000000,0.000000,0.000000,0.000000,0.792187,0.000000,0.073777,0.644645,0.125515,0.608918,0.000000,0.762360,0.220482,0.158391,0.091354,0.037595,0.000000,0.468621,0.507824,0.498303,0.018978,0.000000,0.174363,0.277992,0.249788,0.000000,0.392352,0.722995,0.552786,0.437182,0.733409,0.264025,0.331260,0.000000,0.190031,0.561273,0.569599,0.000000,0.478705,0.368615,0.108598,0.142110,0.000000,0.000000,0.000000
uid56,0.000000,0.000000,0.468621,0.235276,0.392352,0.957633,0.356401,0.912255,0.910557,0.000000,0.748300,0.970561,0.000000,0.305136,0.593641,0.788167,0.000000,0.722995,0.037595,0.220482,0.644645,0.142110,0.000000,0.796131,0.677108,0.651389,0.498303,0.055859,0.000000,0.125515,0.733409,0.291694,0.318323,0.478705,0.073777,0.403884,0.695145,0.018978,0.908827,0.108598,0.743431,0.343951,0.447863,0.544135,0.517164,0.000000,0.577767,0.569599,0.762360,0.000000,0.174363,0.190031,0.331260,0.658005,0.000000,0.941321,0.000000
uid57,0.552786,0.318323,0.000000,0.722995,0.125515,0.796131,0.426295,0.468621,0.478705,0.174363,0.415196,0.277992,0.000000,0.091354,0.779892,0.264025,0.205403,0.190031,0.771294,0.018978,0.235276,0.000000,0.000000,0.000000,0.601353,0.000000,0.249788,0.458341,0.000000,0.689247,0.775634,0.037595,0.517164,0.055859,0.220482,0.717636,0.000000,0.291694,0.000000,0.142110,0.000000,0.380597,0.447863,0.158391,0.000000,0.000000,0.535317,0.331260,0.000000,0.368615,0.569599,0.000000,0.507824,0.000000,0.000000,0.073777,0.000000
uid58,0.821720,0.000000,0.871280,0.190031,0.437182,0.728252,0.018978,0.403884,0.305136,0.000000,0.091354,0.664495,0.766870,0.517164,0.831678,0.073777,0.000000,0.608918,0.264025,0.828422,0.331260,0.000000,0.000000,0.000000,0.205403,0.000000,0.771294,0.318323,0.903433,0.855598,0.415196,0.343951,0.000000,0.055859,0.125515,0.507824,0.000000,0.535317,0.717636,0.000000,0.142110,0.498303,0.108598,0.356401,0.291694,0.235276,0.174363,0.158391,0.601353,0.000000,0.834873,0.000000,0.637771,0.658005,0.000000,0.037595,0.000000
uid59,0.775634,0.784069,0.000000,0.291694,0.174363,0.601353,0.125515,0.037595,0.644645,0.000000,0.526327,0.651389,0.000000,0.235276,0.000000,0.264025,0.000000,0.437182,0.426295,0.658005,0.055859,0.403884,0.000000,0.000000,0.468621,0.000000,0.368615,0.343951,0.000000,0.728252,0.073777,0.091354,0.380597,0.018978,0.623621,0.205403,0.000000,0.277992,0.585780,0.458341,0.535317,0.142110,0.108598,0.318323,0.000000,0.000000,0.000000,0.000000,0.488598,0.000000,0.000000,0.712174,0.608918,0.700930,0.000000,0.000000,0.331260
uid60,0.291694,0.903433,0.000000,0.220482,0.205403,0.125515,0.437182,0.426295,0.415196,0.000000,0.305136,0.073777,0.939029,0.368615,0.108598,0.235276,0.913920,0.878470,0.447863,0.920271,0.644645,0.142110,0.000000,0.277992,0.593641,0.000000,0.866252,0.018978,0.000000,0.249788,0.683236,0.331260,0.190031,0.055859,0.356401,0.748300,0.000000,0.757763,0.403884,0.883039,0.517164,0.728252,0.561273,0.000000,0.343951,0.601353,0.569599,0.552786,0.174363,0.000000,0.000000,0.932899,0.091354,0.927554,0.000000,0.498303,0.852805
uid61,0.651389,0.926153,0.000000,0.249788,0.779892,0.796131,0.037595,0.593641,0.018978,0.901565,0.644645,0.073777,0.488598,0.055859,0.305136,0.695145,0.903433,0.905265,0.000000,0.000000,0.544135,0.000000,0.000000,0.000000,0.507824,0.000000,0.498303,0.478705,0.000000,0.205403,0.552786,0.403884,0.235276,0.468621,0.517164,0.623621,0.630764,0.318323,0.000000,0.415196,0.771294,0.158391,0.331260,0.108598,0.748300,0.000000,0.849958,0.577767,0.000000,0.803796,0.940186,0.174363,0.392352,0.091354,0.000000,0.447863,0.000000
uid62,0.343951,0.000000,0.235276,0.507824,0.601353,0.644645,0.437182,0.000000,0.055859,0.000000,0.403884,0.552786,0.000000,0.174363,0.125515,0.277992,0.305136,0.683236,0.000000,0.670862,0.091354,0.000000,0.000000,0.000000,0.392352,0.000000,0.743431,0.577767,0.000000,0.000000,0.108598,0.535317,0.190031,0.205403,0.018978,0.249788,0.000000,0.331260,0.585780,0.426295,0.000000,0.712174,0.142110,0.158391,0.000000,0.000000,0.318323,0.616340,0.000000,0.803796,0.380597,0.792187,0.825103,0.834873,0.073777,0.000000,0.000000
uid63,0.380597,0.923268,0.552786,0.125515,0.733409,0.828422,0.158391,0.205403,0.775634,0.935422,0.190031,0.478705,0.000000,0.885259,0.415196,0.000000,0.907063,0.788167,0.037595,0.403884,0.220482,0.616340,0.000000,0.000000,0.623621,0.000000,0.142110,0.356401,0.000000,0.305136,0.766870,0.368615,0.108598,0.458341,0.277992,0.018978,0.637771,0.658005,0.235276,0.000000,0.000000,0.174363,0.593641,0.000000,0.073777,0.811172,0.601353,0.608918,0.000000,0.943527,0.264025,0.055859,0.392352,0.468621,0.706606,0.883039,0.000000
uid64,0.507824,0.000000,0.738468,0.205403,0.706606,0.670862,0.743431,0.142110,0.577767,0.831678,0.498303,0.866252,0.055859,0.000000,0.331260,0.616340,0.796131,0.807519,0.766870,0.318323,0.174363,0.000000,0.000000,0.000000,0.249788,0.000000,0.018978,0.037595,0.818271,0.000000,0.091354,0.447863,0.220482,0.125515,0.158391,0.488598,0.517164,0.305136,0.000000,0.458341,0.733409,0.073777,0.264025,0.392352,0.664495,0.000000,0.876119,0.108598,0.000000,0.000000,0.000000,0.000000,0.356401,0.889573,0.000000,0.415196,0.000000
uid65,0.722995,0.728252,0.073777,0.403884,0.447863,0.847055,0.091354,0.664495,0.608918,0.000000,0.331260,0.868790,0.000000,0.478705,0.000000,0.356401,0.743431,0.535317,0.526327,0.878470,0.055859,0.220482,0.000000,0.000000,0.415196,0.000000,0.498303,0.458341,0.000000,0.683236,0.658005,0.616340,0.018978,0.249788,0.343951,0.000000,0.000000,0.800000,0.852805,0.158391,0.318323,0.142110,0.037595,0.468621,0.601353,0.569599,0.380597,0.235276,0.861027,0.000000,0.000000,0.887436,0.844096,0.893724,0.000000,0.305136,0.437182
uid66,0.108598,0.000000,0.561273,0.331260,0.447863,0.000000,0.415196,0.834873,0.831678,0.000000,0.800000,0.000000,0.018978,0.055859,0.753077,0.897720,0.924724,0.689247,0.091354,0.291694,0.728252,0.220482,0.000000,0.901565,0.788167,0.717636,0.552786,0.125515,0.000000,0.205403,0.873723,0.356401,0.380597,0.073777,0.158391,0.458341,0.784069,0.142110,0.828422,0.037595,0.885259,0.000000,0.488598,0.517164,0.585780,0.670862,0.644645,0.637771,0.706606,0.695145,0.249788,0.264025,0.392352,0.722995,0.000000,0.000000,0.000000
uid67,0.249788,0.000000,0.000000,0.561273,0.000000,0.000000,0.426295,0.235276,0.403884,0.000000,0.277992,0.125515,0.601353,0.343951,0.000000,0.517164,0.000000,0.000000,0.415196,0.000000,0.644645,0.000000,0.264025,0.000000,0.577767,0.000000,0.608918,0.158391,0.000000,0.000000,0.651389,0.018978,0.091354,0.190031,0.331260,0.174363,0.000000,0.000000,0.380597,0.220482,0.498303,0.637771,0.535317,0.437182,0.318323,0.000000,0.108598,0.544135,0.356401,0.000000,0.000000,0.000000,0.055859,0.142110,0.000000,0.488598,0.000000
uid68,0.073777,0.841081,0.825103,0.190031,0.458341,0.000000,0.577767,0.623621,0.000000,0.931601,0.091354,0.946682,0.000000,0.158391,0.695145,0.264025,0.478705,0.728252,0.437182,0.651389,0.803796,0.000000,0.000000,0.000000,0.235276,0.000000,0.108598,0.664495,0.000000,0.331260,0.689247,0.018978,0.249788,0.712174,0.380597,0.037595,0.125515,0.498303,0.000000,0.569599,0.000000,0.055859,0.368615,0.593641,0.924724,0.766870,0.488598,0.658005,0.000000,0.844096,0.526327,0.000000,0.415196,0.000000,0.392352,0.644645,0.000000
uid69,0.318323,0.000000,0.000000,0.000000,0.037595,0.000000,0.264025,0.000000,0.380597,0.000000,0.235276,0.000000,0.000000,0.108598,0.000000,0.000000,0.000000,0.190031,0.158391,0.000000,0.000000,0.142110,0.000000,0.000000,0.205403,0.000000,0.055859,0.073777,0.000000,0.000000,0.000000,0.437182,0.091354,0.305136,0.000000,0.498303,0.000000,0.415196,0.000000,0.220482,0.000000,0.507824,0.125515,0.018978,0.392352,0.000000,0.331260,0.174363,0.000000,0.000000,0.000000,0.356401,0.000000,0.426295,0.000000,0.000000,0.000000
uid70,0.664495,0.748300,0.895741,0.125515,0.766870,0.478705,0.220482,0.142110,0.174363,0.927554,0.380597,0.205403,0.552786,0.073777,0.677108,0.158391,0.934172,0.000000,0.825103,0.190031,0.616340,0.000000,0.000000,0.000000,0.569599,0.000000,0.561273,0.426295,0.000000,0.356401,0.585780,0.403884,0.343951,0.018978,0.498303,0.055859,0.000000,0.091354,0.458341,0.000000,0.392352,0.000000,0.037595,0.249788,0.733409,0.000000,0.920271,0.630764,0.526327,0.753077,0.683236,0.331260,0.488598,0.318323,0.866252,0.821720,0.000000
uid71,0.277992,0.000000,0.000000,0.458341,0.552786,0.125515,0.658005,0.108598,0.264025,0.000000,0.158391,0.743431,0.000000,0.368615,0.000000,0.392352,0.000000,0.526327,0.601353,0.803796,0.771294,0.577767,0.000000,0.000000,0.437182,0.000000,0.356401,0.073777,0.000000,0.828422,0.831678,0.190031,0.037595,0.637771,0.000000,0.235276,0.318323,0.700930,0.091354,0.608918,0.018978,0.205403,0.535317,0.561273,0.683236,0.868790,0.630764,0.585780,0.380597,0.000000,0.000000,0.677108,0.055859,0.712174,0.893724,0.000000,0.544135
uid72,0.458341,0.677108,0.331260,0.205403,0.637771,0.000000,0.249788,0.803796,0.055859,0.000000,0.318323,0.000000,0.000000,0.811172,0.468621,0.190031,0.728252,0.091354,0.356401,0.018978,0.855598,0.000000,0.000000,0.000000,0.771294,0.000000,0.277992,0.291694,0.488598,0.073777,0.343951,0.142110,0.437182,0.220482,0.000000,0.796131,0.000000,0.569599,0.000000,0.658005,0.000000,0.174363,0.700930,0.264025,0.000000,0.608918,0.733409,0.125515,0.000000,0.885259,0.235276,0.000000,0.807519,0.000000,0.844096,0.814755,0.000000
uid73,0.488598,0.950615,0.415196,0.125515,0.318323,0.000000,0.277992,0.689247,0.803796,0.000000,0.717636,0.637771,0.000000,0.220482,0.000000,0.728252,0.953374,0.000000,0.108598,0.190031,0.861027,0.931601,0.695145,0.831678,0.757763,0.000000,0.403884,0.037595,0.000000,0.091354,0.876119,0.142110,0.264025,0.018978,0.356401,0.343951,0.000000,0.291694,0.800000,0.664495,0.722995,0.249788,0.392352,0.468621,0.073777,0.841081,0.526327,0.498303,0.535317,0.000000,0.055859,0.962234,0.235276,0.174363,0.000000,0.712174,0.921784
uid74,0.637771,0.000000,0.000000,0.535317,0.318323,0.000000,0.291694,0.593641,0.380597,0.343951,0.205403,0.125515,0.468621,0.277992,0.174363,0.000000,0.000000,0.000000,0.000000,0.190031,0.561273,0.000000,0.000000,0.000000,0.368615,0.000000,0.498303,0.488598,0.000000,0.055859,0.544135,0.091354,0.108598,0.478705,0.517164,0.073777,0.000000,0.000000,0.000000,0.000000,0.000000,0.403884,0.000000,0.235276,0.000000,0.000000,0.018978,0.585780,0.000000,0.000000,0.651389,0.220482,0.037595,0.158391,0.000000,0.000000,0.000000
uid75,0.000000,0.000000,0.000000,0.055859,0.601353,0.000000,0.717636,0.091354,0.392352,0.000000,0.277992,0.488598,0.784069,0.125515,0.264025,0.000000,0.000000,0.403884,0.235276,0.158391,0.807519,0.651389,0.000000,0.000000,0.695145,0.000000,0.637771,0.205403,0.000000,0.000000,0.249788,0.305136,0.458341,0.775634,0.037595,0.073777,0.000000,0.000000,0.380597,0.689247,0.000000,0.220482,0.190031,0.018978,0.318323,0.000000,0.468621,0.174363,0.356401,0.000000,0.000000,0.743431,0.108598,0.478705,0.552786,0.142110,0.608918
uid76,0.000000,0.000000,0.000000,0.091354,0.468621,0.000000,0.000000,0.235276,0.368615,0.478705,0.000000,0.000000,0.037595,0.190031,0.000000,0.535317,0.507824,0.488598,0.000000,0.000000,0.174363,0.000000,0.000000,0.000000,0.073777,0.000000,0.055859,0.000000,0.000000,0.000000,0.125515,0.291694,0.158391,0.018978,0.142110,0.000000,0.000000,0.544135,0.000000,0.447863,0.000000,0.108598,0.000000,0.458341,0.000000,0.000000,0.000000,0.205403,0.000000,0.249788,0.000000,0.000000,0.356401,0.380597,0.000000,0.415196,0.000000
uid77,0.305136,0.000000,0.000000,0.000000,0.000000,0.000000,0.368615,0.000000,0.331260,0.000000,0.000000,0.356401,0.000000,0.380597,0.000000,0.264025,0.000000,0.000000,0.091354,0.343951,0.125515,0.000000,0.000000,0.291694,0.235276,0.158391,0.073777,0.055859,0.000000,0.277992,0.000000,0.000000,0.018978,0.000000,0.174363,0.000000,0.220482,0.000000,0.000000,0.000000,0.000000,0.437182,0.000000,0.392352,0.000000,0.000000,0.205403,0.000000,0.000000,0.000000,0.000000,0.447863,0.108598,0.142110,0.000000,0.000000,0.000000
uid78,0.748300,0.000000,0.923268,0.000000,0.585780,0.616340,0.458341,0.722995,0.368615,0.907063,0.733409,0.821720,0.630764,0.700930,0.037595,0.468621,0.917156,0.318323,0.934172,0.125515,0.689247,0.000000,0.000000,0.000000,0.561273,0.000000,0.437182,0.577767,0.953374,0.249788,0.683236,0.291694,0.535317,0.478705,0.277992,0.517164,0.753077,0.091354,0.000000,0.235276,0.569599,0.073777,0.018978,0.174363,0.507824,0.968819,0.880777,0.380597,0.000000,0.000000,0.426295,0.847055,0.108598,0.844096,0.000000,0.220482,0.000000
uid79,0.368615,0.392352,0.700930,0.018978,0.331260,0.807519,0.458341,0.037595,0.800000,0.517164,0.447863,0.000000,0.000000,0.073777,0.220482,0.712174,0.235276,0.000000,0.190031,0.108598,0.677108,0.000000,0.000000,0.000000,0.426295,0.000000,0.623621,0.142110,0.000000,0.000000,0.205403,0.277992,0.683236,0.695145,0.544135,0.000000,0.000000,0.305136,0.771294,0.000000,0.000000,0.174363,0.158391,0.507824,0.526327,0.000000,0.249788,0.125515,0.000000,0.000000,0.318323,0.000000,0.055859,0.000000,0.651389,0.091354,0.000000
uid80,0.356401,0.000000,0.000000,0.000000,0.264025,0.091354,0.000000,0.125515,0.000000,0.000000,0.108598,0.235276,0.000000,0.000000,0.392352,0.220482,0.000000,0.000000,0.000000,0.380597,0.000000,0.000000,0.000000,0.000000,0.000000,0.000000,0.437182,0.018978,0.000000,0.478705,0.000000,0.055859,0.037595,0.249788,0.158391,0.468621,0.000000,0.205403,0.073777,0.000000,0.000000,0.000000,0.000000,0.000000,0.000000,0.277992,0.000000,0.000000,0.190031,0.000000,0.403884,0.000000,0.142110,0.415196,0.000000,0.000000,0.000000
uid81,0.000000,0.000000,0.000000,0.205403,0.000000,0.000000,0.108598,0.264025,0.000000,0.000000,0.125515,0.000000,0.000000,0.748300,0.478705,0.000000,0.733409,0.000000,0.235276,0.637771,0.277992,0.616340,0.000000,0.689247,0.601353,0.561273,0.142110,0.380597,0.000000,0.000000,0.356401,0.343951,0.174363,0.000000,0.055859,0.158391,0.593641,0.000000,0.091354,0.712174,0.403884,0.073777,0.000000,0.018978,0.190031,0.000000,0.577767,0.415196,0.426295,0.000000,0.318323,0.220482,0.535317,0.552786,0.000000,0.000000,0.000000
uid82,0.488598,0.000000,0.000000,0.458341,0.091354,0.468621,0.000000,0.000000,0.000000,0.142110,0.593641,0.264025,0.000000,0.018978,0.517164,0.235276,0.174363,0.158391,0.000000,0.507824,0.205403,0.000000,0.000000,0.000000,0.380597,0.000000,0.220482,0.426295,0.000000,0.585780,0.000000,0.000000,0.305136,0.037595,0.190031,0.343951,0.000000,0.249788,0.000000,0.125515,0.392352,0.000000,0.000000,0.108598,0.331260,0.000000,0.000000,0.447863,0.000000,0.000000,0.526327,0.000000,0.498303,0.535317,0.000000,0.055859,0.000000
uid83,0.091354,0.651389,0.331260,0.368615,0.037595,0.458341,0.142110,0.305136,0.437182,0.264025,0.018978,0.415196,0.000000,0.561273,0.644645,0.000000,0.577767,0.000000,0.498303,0.601353,0.000000,0.000000,0.000000,0.000000,0.235276,0.000000,0.000000,0.478705,0.000000,0.392352,0.356401,0.277992,0.343951,0.000000,0.291694,0.318323,0.000000,0.535317,0.658005,0.055859,0.000000,0.000000,0.403884,0.220482,0.205403,0.000000,0.073777,0.683236,0.000000,0.000000,0.728252,0.000000,0.174363,0.000000,0.000000,0.000000,0.000000
uid84,0.748300,0.779892,0.956814,0.380597,0.651389,0.000000,0.468621,0.873723,0.788167,0.932899,0.426295,0.811172,0.838006,0.670862,0.000000,0.907063,0.608918,0.695145,0.073777,0.343951,0.125515,0.291694,0.000000,0.535317,0.205403,0.190031,0.108598,0.091354,0.967601,0.264025,0.403884,0.415196,0.018978,0.834873,0.174363,0.526327,0.235276,0.941321,0.000000,0.569599,0.458341,0.577767,0.689247,0.637771,0.437182,0.000000,0.158391,0.488598,0.498303,0.000000,0.305136,0.331260,0.055859,0.142110,0.000000,0.918728,0.630764
uid85,0.766870,0.000000,0.000000,0.658005,0.264025,0.108598,0.249788,0.577767,0.569599,0.000000,0.488598,0.073777,0.000000,0.190031,0.125515,0.800000,0.000000,0.380597,0.601353,0.291694,0.700930,0.158391,0.757763,0.000000,0.814755,0.000000,0.616340,0.018978,0.000000,0.722995,0.863665,0.174363,0.205403,0.055859,0.305136,0.318323,0.000000,0.277992,0.552786,0.748300,0.792187,0.235276,0.356401,0.000000,0.526327,0.825103,0.447863,0.807519,0.561273,0.000000,0.728252,0.664495,0.091354,0.458341,0.000000,0.796131,0.000000
uid86,0.158391,0.000000,0.000000,0.174363,0.190031,0.000000,0.318323,0.488598,0.517164,0.000000,0.264025,0.526327,0.380597,0.498303,0.000000,0.507824,0.037595,0.000000,0.000000,0.291694,0.437182,0.000000,0.000000,0.000000,0.392352,0.000000,0.343951,0.220482,0.000000,0.700930,0.447863,0.055859,0.249788,0.073777,0.426295,0.125515,0.000000,0.552786,0.000000,0.000000,0.717636,0.415196,0.569599,0.108598,0.091354,0.000000,0.000000,0.235276,0.000000,0.000000,0.000000,0.689247,0.000000,0.305136,0.000000,0.000000,0.000000
uid87,0.000000,0.000000,0.000000,0.000000,0.000000,0.091354,0.235276,0.000000,0.000000,0.000000,0.000000,0.073777,0.000000,0.190031,0.125515,0.000000,0.000000,0.000000,0.000000,0.000000,0.000000,0.142110,0.000000,0.000000,0.000000,0.000000,0.000000,0.018978,0.000000,0.000000,0.000000,0.174363,0.205403,0.037595,0.000000,0.000000,0.000000,0.264025,0.000000,0.000000,0.000000,0.249788,0.000000,0.000000,0.000000,0.000000,0.000000,0.000000,0.000000,0.000000,0.000000,0.000000,0.108598,0.000000,0.000000,0.000000,0.000000
uid88,0.018978,0.561273,0.000000,0.305136,0.458341,0.623621,0.000000,0.000000,0.142110,0.000000,0.235276,0.380597,0.000000,0.091354,0.000000,0.356401,0.000000,0.000000,0.498303,0.644645,0.664495,0.000000,0.000000,0.000000,0.331260,0.000000,0.073777,0.552786,0.000000,0.403884,0.000000,0.000000,0.343951,0.392352,0.616340,0.174363,0.249788,0.478705,0.037595,0.000000,0.762360,0.055859,0.000000,0.000000,0.437182,0.000000,0.000000,0.593641,0.000000,0.658005,0.468621,0.000000,0.706606,0.712174,0.000000,0.488598,0.000000
uid89,0.235276,0.912255,0.000000,0.569599,0.766870,0.844096,0.415196,0.249788,0.403884,0.000000,0.277992,0.142110,0.000000,0.343951,0.000000,0.526327,0.917156,0.018978,0.426295,0.920271,0.623621,0.878470,0.264025,0.700930,0.577767,0.000000,0.871280,0.174363,0.000000,0.695145,0.670862,0.000000,0.125515,0.190031,0.318323,0.158391,0.000000,0.717636,0.368615,0.220482,0.498303,0.771294,0.535317,0.447863,0.331260,0.585780,0.108598,0.544135,0.356401,0.000000,0.000000,0.000000,0.073777,0.091354,0.000000,0.507824,0.863665
uid90,0.447863,0.000000,0.000000,0.000000,0.018978,0.037595,0.073777,0.000000,0.249788,0.637771,0.158391,0.535317,0.000000,0.585780,0.468621,0.343951,0.644645,0.055859,0.000000,0.235276,0.664495,0.000000,0.000000,0.000000,0.766870,0.000000,0.392352,0.738468,0.000000,0.205403,0.000000,0.108598,0.569599,0.368615,0.190031,0.517164,0.000000,0.683236,0.174363,0.623621,0.091354,0.125515,0.712174,0.415196,0.544135,0.000000,0.728252,0.291694,0.000000,0.000000,0.380597,0.000000,0.426295,0.478705,0.717636,0.608918,0.000000
uid91,0.037595,0.000000,0.000000,0.426295,0.331260,0.000000,0.291694,0.437182,0.000000,0.544135,0.264025,0.190031,0.000000,0.368615,0.125515,0.415196,0.517164,0.552786,0.000000,0.018978,0.561273,0.000000,0.000000,0.000000,0.000000,0.000000,0.108598,0.000000,0.000000,0.235276,0.000000,0.055859,0.205403,0.174363,0.507824,0.158391,0.000000,0.380597,0.000000,0.526327,0.000000,0.318323,0.277992,0.498303,0.249788,0.000000,0.000000,0.000000,0.000000,0.000000,0.073777,0.000000,0.000000,0.091354,0.000000,0.447863,0.000000
uid92,0.712174,0.000000,0.000000,0.356401,0.125515,0.728252,0.037595,0.368615,0.733409,0.000000,0.277992,0.000000,0.000000,0.205403,0.000000,0.318323,0.577767,0.000000,0.478705,0.738468,0.000000,0.000000,0.000000,0.000000,0.458341,0.000000,0.569599,0.488598,0.000000,0.593641,0.000000,0.073777,0.000000,0.018978,0.291694,0.235276,0.000000,0.249788,0.683236,0.000000,0.264025,0.174363,0.091354,0.000000,0.000000,0.000000,0.437182,0.426295,0.331260,0.000000,0.535317,0.000000,0.644645,0.000000,0.630764,0.055859,0.000000
uid93,0.000000,0.000000,0.000000,0.437182,0.037595,0.000000,0.637771,0.517164,0.601353,0.000000,0.526327,0.343951,0.392352,0.108598,0.000000,0.000000,0.000000,0.174363,0.158391,0.000000,0.458341,0.125515,0.000000,0.000000,0.205403,0.000000,0.073777,0.055859,0.000000,0.000000,0.468621,0.249788,0.091354,0.368615,0.426295,0.356401,0.000000,0.000000,0.593641,0.220482,0.000000,0.447863,0.142110,0.000000,0.552786,0.000000,0.318323,0.190031,0.577767,0.000000,0.000000,0.000000,0.305136,0.331260,0.000000,0.000000,0.018978
uid94,0.073777,0.000000,0.000000,0.158391,0.437182,0.658005,0.356401,0.000000,0.000000,0.000000,0.091354,0.000000,0.000000,0.205403,0.000000,0.264025,0.000000,0.000000,0.000000,0.000000,0.000000,0.000000,0.000000,0.000000,0.249788,0.000000,0.142110,0.392352,0.000000,0.000000,0.000000,0.018978,0.235276,0.403884,0.608918,0.037595,0.108598,0.488598,0.000000,0.526327,0.601353,0.055859,0.000000,0.331260,0.468621,0.000000,0.368615,0.651389,0.000000,0.000000,0.000000,0.426295,0.000000,0.507824,0.000000,0.000000,0.000000
uid95,0.158391,0.912255,0.000000,0.771294,0.331260,0.818271,0.291694,0.478705,0.569599,0.000000,0.488598,0.880777,0.000000,0.235276,0.000000,0.775634,0.913920,0.863665,0.601353,0.318323,0.651389,0.858339,0.458341,0.000000,0.873723,0.000000,0.055859,0.415196,0.000000,0.876119,0.700930,0.220482,0.264025,0.018978,0.108598,0.073777,0.000000,0.305136,0.561273,0.447863,0.788167,0.277992,0.142110,0.125515,0.091354,0.623621,0.174363,0.205403,0.535317,0.000000,0.000000,0.926153,0.249788,0.924724,0.000000,0.000000,0.838006
uid96,0.552786,0.915553,0.834873,0.415196,0.908827,0.000000,0.055859,0.498303,0.125515,0.000000,0.561273,0.142110,0.380597,0.190031,0.717636,0.644645,0.000000,0.000000,0.855598,0.174363,0.447863,0.000000,0.000000,0.000000,0.368615,0.000000,0.392352,0.091354,0.873723,0.331260,0.437182,0.037595,0.073777,0.108598,0.403884,0.535317,0.577767,0.814755,0.000000,0.912255,0.000000,0.264025,0.517164,0.205403,0.743431,0.901565,0.779892,0.458341,0.000000,0.946682,0.683236,0.277992,0.712174,0.249788,0.000000,0.507824,0.000000
uid97,0.073777,0.897720,0.803796,0.190031,0.447863,0.498303,0.630764,0.779892,0.000000,0.771294,0.091354,0.825103,0.000000,0.174363,0.891668,0.264025,0.876119,0.552786,0.847055,0.526327,0.658005,0.000000,0.000000,0.000000,0.205403,0.000000,0.125515,0.458341,0.000000,0.517164,0.800000,0.018978,0.249788,0.343951,0.403884,0.037595,0.142110,0.863665,0.903433,0.000000,0.426295,0.055859,0.788167,0.623621,0.368615,0.000000,0.733409,0.488598,0.000000,0.651389,0.644645,0.000000,0.695145,0.706606,0.000000,0.000000,0.000000
uid98,0.821720,0.939029,0.000000,0.190031,0.775634,0.771294,0.277992,0.544135,0.073777,0.000000,0.825103,0.706606,0.498303,0.535317,0.585780,0.249788,0.946682,0.108598,0.717636,0.055859,0.488598,0.000000,0.000000,0.000000,0.380597,0.000000,0.235276,0.437182,0.000000,0.037595,0.426295,0.205403,0.356401,0.174363,0.000000,0.291694,0.788167,0.569599,0.000000,0.644645,0.343951,0.142110,0.561273,0.220482,0.368615,0.915553,0.695145,0.091354,0.000000,0.000000,0.158391,0.000000,0.630764,0.753077,0.000000,0.616340,0.000000
uid99,0.000000,0.670862,0.000000,0.091354,0.000000,0.426295,0.544135,0.235276,0.000000,0.000000,0.318323,0.593641,0.037595,0.220482,0.000000,0.000000,0.000000,0.000000,0.000000,0.277992,0.158391,0.000000,0.000000,0.000000,0.073777,0.000000,0.055859,0.000000,0.000000,0.608918,0.142110,0.343951,0.174363,0.018978,0.108598,0.601353,0.000000,0.000000,0.403884,0.249788,0.331260,0.125515,0.305136,0.561273,0.623621,0.000000,0.000000,0.190031,0.478705,0.000000,0.535317,0.000000,0.437182,0.498303,0.000000,0.291694,0.000000
uid100,0.000000,0.000000,0.158391,0.000000,0.000000,0.000000,0.018978,0.000000,0.000000,0.000000,0.000000,0.000000,0.000000,0.000000,0.000000,0.000000,0.000000,0.000000,0.000000,0.000000,0.000000,0.142110,0.000000,0.000000,0.000000,0.000000,0.000000,0.000000,0.000000,0.000000,0.000000,0.000000,0.000000,0.055859,0.000000,0.073777,0.000000,0.000000,0.000000,0.091354,0.000000,0.174363,0.108598,0.000000,0.000000,0.000000,0.000000,0.000000,0.000000,0.000000,0.000000,0.000000,0.000000,0.000000,0.000000,0.000000,0.000000
uid101,0.498303,0.831678,0.858339,0.700930,0.468621,0.788167,0.205403,0.142110,0.174363,0.000000,0.037595,0.876119,0.000000,0.073777,0.000000,0.689247,0.478705,0.577767,0.190031,0.871280,0.305136,0.561273,0.000000,0.000000,0.601353,0.000000,0.458341,0.235276,0.000000,0.811172,0.426295,0.018978,0.544135,0.249788,0.108598,0.677108,0.000000,0.670862,0.158391,0.507824,0.753077,0.517164,0.569599,0.220482,0.125515,0.277992,0.000000,0.392352,0.000000,0.000000,0.000000,0.866252,0.055859,0.889573,0.000000,0.728252,0.535317
uid102,0.670862,0.000000,0.000000,0.544135,0.535317,0.000000,0.637771,0.000000,0.552786,0.000000,0.000000,0.488598,0.000000,0.000000,0.190031,0.608918,0.000000,0.108598,0.249788,0.055859,0.291694,0.000000,0.000000,0.000000,0.356401,0.318323,0.277992,0.235276,0.000000,0.000000,0.000000,0.403884,0.018978,0.507824,0.331260,0.498303,0.380597,0.000000,0.000000,0.000000,0.000000,0.593641,0.000000,0.651389,0.000000,0.073777,0.091354,0.577767,0.158391,0.125515,0.037595,0.000000,0.264025,0.305136,0.000000,0.000000,0.000000
uid103,0.000000,0.000000,0.000000,0.235276,0.018978,0.000000,0.000000,0.190031,0.356401,0.000000,0.000000,0.000000,0.000000,0.220482,0.000000,0.158391,0.000000,0.000000,0.000000,0.000000,0.000000,0.000000,0.000000,0.000000,0.000000,0.000000,0.000000,0.343951,0.000000,0.000000,0.000000,0.073777,0.000000,0.091354,0.000000,0.108598,0.000000,0.264025,0.000000,0.000000,0.000000,0.249788,0.055859,0.142110,0.291694,0.000000,0.000000,0.174363,0.000000,0.000000,0.000000,0.000000,0.000000,0.000000,0.000000,0.000000,0.000000
uid104,0.912255,0.000000,0.644645,0.855598,0.889573,0.000000,0.000000,0.091354,0.814755,0.190031,0.792187,0.771294,0.073777,0.803796,0.517164,0.018978,0.498303,0.343951,0.552786,0.291694,0.220482,0.706606,0.000000,0.415196,0.616340,0.585780,0.458341,0.544135,0.000000,0.488598,0.380597,0.437182,0.249788,0.108598,0.601353,0.392352,0.637771,0.235276,0.811172,0.158391,0.936647,0.403884,0.712174,0.037595,0.055859,0.277992,0.305136,0.142110,0.356401,0.318323,0.125515,0.000000,0.561273,0.593641,0.000000,0.939029,0.000000
uid105,0.437182,0.849958,0.871280,0.190031,0.637771,0.000000,0.018978,0.561273,0.488598,0.000000,0.091354,0.738468,0.000000,0.585780,0.000000,0.108598,0.000000,0.788167,0.468621,0.644645,0.517164,0.000000,0.000000,0.426295,0.220482,0.000000,0.728252,0.305136,0.000000,0.392352,0.235276,0.249788,0.000000,0.037595,0.125515,0.658005,0.000000,0.623621,0.000000,0.844096,0.073777,0.616340,0.158391,0.535317,0.264025,0.458341,0.174363,0.142110,0.331260,0.000000,0.717636,0.000000,0.415196,0.722995,0.000000,0.055859,0.000000
uid106,0.488598,0.000000,0.895741,0.108598,0.712174,0.728252,0.912255,0.235276,0.478705,0.868790,0.517164,0.788167,0.055859,0.220482,0.318323,0.608918,0.871280,0.873723,0.903433,0.343951,0.158391,0.000000,0.000000,0.000000,0.091354,0.000000,0.037595,0.018978,0.000000,0.000000,0.142110,0.403884,0.190031,0.000000,0.073777,0.507824,0.544135,0.305136,0.000000,0.415196,0.700930,0.125515,0.331260,0.291694,0.658005,0.000000,0.796131,0.174363,0.000000,0.738468,0.000000,0.000000,0.392352,0.784069,0.000000,0.458341,0.000000
uid107,0.000000,0.000000,0.000000,0.392352,0.277992,0.000000,0.220482,0.158391,0.174363,0.000000,0.018978,0.437182,0.000000,0.091354,0.000000,0.403884,0.000000,0.000000,0.190031,0.458341,0.000000,0.000000,0.000000,0.000000,0.000000,0.000000,0.000000,0.235276,0.000000,0.000000,0.000000,0.037595,0.000000,0.331260,0.055859,0.368615,0.000000,0.356401,0.142110,0.000000,0.000000,0.343951,0.291694,0.205403,0.000000,0.000000,0.000000,0.000000,0.125515,0.000000,0.000000,0.000000,0.073777,0.000000,0.000000,0.000000,0.000000
uid108,0.318323,0.000000,0.000000,0.000000,0.249788,0.000000,0.037595,0.073777,0.000000,0.190031,0.488598,0.000000,0.091354,0.000000,0.000000,0.000000,0.000000,0.264025,0.426295,0.356401,0.220482,0.277992,0.000000,0.000000,0.000000,0.000000,0.000000,0.380597,0.000000,0.000000,0.305136,0.343951,0.392352,0.108598,0.368615,0.000000,0.000000,0.235276,0.000000,0.125515,0.498303,0.000000,0.437182,0.018978,0.055859,0.000000,0.000000,0.158391,0.000000,0.000000,0.142110,0.000000,0.415196,0.000000,0.000000,0.000000,0.000000
uid109,0.616340,0.526327,0.821720,0.235276,0.174363,0.249788,0.447863,0.883039,0.318323,0.878470,0.644645,0.841081,0.000000,0.706606,0.924724,0.403884,0.593641,0.331260,0.677108,0.305136,0.000000,0.000000,0.000000,0.000000,0.125515,0.000000,0.458341,0.190031,0.000000,0.277992,0.828422,0.368615,0.018978,0.000000,0.108598,0.073777,0.000000,0.608918,0.930278,0.507824,0.142110,0.380597,0.561273,0.468621,0.055859,0.000000,0.601353,0.205403,0.000000,0.000000,0.437182,0.000000,0.861027,0.000000,0.000000,0.757763,0.000000
uid110,0.073777,0.695145,0.800000,0.356401,0.712174,0.488598,0.458341,0.190031,0.305136,0.000000,0.291694,0.887436,0.000000,0.235276,0.000000,0.000000,0.651389,0.569599,0.437182,0.000000,0.000000,0.743431,0.174363,0.037595,0.771294,0.000000,0.664495,0.108598,0.000000,0.018978,0.000000,0.264025,0.507824,0.125515,0.205403,0.331260,0.000000,0.343951,0.249788,0.091354,0.544135,0.552786,0.762360,0.380597,0.403884,0.000000,0.838006,0.392352,0.220482,0.000000,0.000000,0.844096,0.055859,0.858339,0.000000,0.000000,0.733409
uid111,0.670862,0.738468,0.000000,0.343951,0.277992,0.855598,0.125515,0.356401,0.055859,0.844096,0.264025,0.000000,0.000000,0.380597,0.478705,0.000000,0.800000,0.091354,0.458341,0.403884,0.000000,0.000000,0.000000,0.000000,0.834873,0.000000,0.796131,0.073777,0.000000,0.291694,0.000000,0.018978,0.601353,0.037595,0.190031,0.331260,0.000000,0.142110,0.000000,0.664495,0.000000,0.447863,0.437182,0.305136,0.828422,0.220482,0.677108,0.415196,0.608918,0.000000,0.689247,0.000000,0.368615,0.000000,0.535317,0.392352,0.000000
uid112,0.762360,0.000000,0.000000,0.644645,0.000000,0.000000,0.018978,0.073777,0.305136,0.174363,0.426295,0.000000,0.091354,0.488598,0.844096,0.037595,0.000000,0.908827,0.291694,0.858339,0.205403,0.000000,0.000000,0.000000,0.651389,0.000000,0.689247,0.343951,0.000000,0.915553,0.403884,0.331260,0.585780,0.108598,0.437182,0.757763,0.766870,0.849958,0.507824,0.125515,0.601353,0.722995,0.623621,0.000000,0.055859,0.318323,0.658005,0.190031,0.478705,0.897720,0.142110,0.000000,0.468621,0.901565,0.000000,0.593641,0.000000
uid113,0.670862,0.403884,0.000000,0.498303,0.577767,0.000000,0.073777,0.318323,0.000000,0.644645,0.561273,0.018978,0.415196,0.091354,0.368615,0.000000,0.264025,0.000000,0.000000,0.037595,0.517164,0.000000,0.000000,0.000000,0.380597,0.000000,0.458341,0.343951,0.000000,0.235276,0.488598,0.331260,0.220482,0.426295,0.478705,0.728252,0.000000,0.000000,0.000000,0.000000,0.000000,0.158391,0.000000,0.055859,0.608918,0.000000,0.601353,0.552786,0.000000,0.000000,0.683236,0.174363,0.277992,0.142110,0.000000,0.000000,0.000000
uid114,0.158391,0.000000,0.000000,0.000000,0.000000,0.000000,0.356401,0.000000,0.331260,0.000000,0.091354,0.073777,0.000000,0.305136,0.205403,0.000000,0.000000,0.000000,0.000000,0.174363,0.000000,0.000000,0.000000,0.000000,0.000000,0.000000,0.055859,0.000000,0.000000,0.190031,0.000000,0.142110,0.392352,0.000000,0.000000,0.018978,0.000000,0.000000,0.000000,0.000000,0.000000,0.318323,0.000000,0.235276,0.291694,0.000000,0.000000,0.000000,0.000000,0.000000,0.037595,0.343951,0.220482,0.108598,0.000000,0.000000,0.000000
uid115,0.526327,0.000000,0.000000,0.468621,0.000000,0.000000,0.125515,0.055859,0.108598,0.000000,0.000000,0.000000,0.000000,0.018978,0.000000,0.426295,0.000000,0.380597,0.000000,0.073777,0.552786,0.000000,0.000000,0.000000,0.000000,0.000000,0.488598,0.037595,0.000000,0.277992,0.000000,0.415196,0.264025,0.447863,0.318323,0.000000,0.569599,0.616340,0.000000,0.000000,0.000000,0.142110,0.000000,0.220482,0.000000,0.000000,0.517164,0.091354,0.000000,0.000000,0.458341,0.205403,0.000000,0.249788,0.000000,0.000000,0.000000
uid116,0.000000,0.000000,0.403884,0.158391,0.000000,0.000000,0.415196,0.000000,0.000000,0.000000,0.000000,0.000000,0.000000,0.000000,0.000000,0.000000,0.331260,0.000000,0.073777,0.108598,0.392352,0.018978,0.000000,0.235276,0.000000,0.000000,0.264025,0.000000,0.000000,0.000000,0.190031,0.277992,0.343951,0.000000,0.125515,0.205403,0.000000,0.000000,0.000000,0.291694,0.000000,0.220482,0.000000,0.000000,0.000000,0.000000,0.000000,0.356401,0.000000,0.000000,0.055859,0.091354,0.000000,0.000000,0.000000,0.000000,0.000000
uid117,0.091354,0.000000,0.000000,0.343951,0.728252,0.868790,0.264025,0.593641,0.601353,0.000000,0.291694,0.498303,0.000000,0.561273,0.000000,0.318323,0.000000,0.403884,0.585780,0.000000,0.664495,0.818271,0.000000,0.000000,0.380597,0.000000,0.108598,0.616340,0.000000,0.880777,0.706606,0.415196,0.220482,0.037595,0.142110,0.073777,0.000000,0.779892,0.577767,0.828422,0.277992,0.748300,0.158391,0.174363,0.018978,0.637771,0.205403,0.190031,0.544135,0.000000,0.000000,0.000000,0.468621,0.488598,0.000000,0.235276,0.803796
uid118,0.507824,0.918728,0.928929,0.577767,0.174363,0.722995,0.108598,0.868790,0.468621,0.863665,0.517164,0.936647,0.000000,0.055859,0.000000,0.608918,0.779892,0.356401,0.728252,0.158391,0.000000,0.000000,0.000000,0.000000,0.593641,0.000000,0.447863,0.000000,0.000000,0.788167,0.931601,0.018978,0.091354,0.415196,0.205403,0.190031,0.535317,0.142110,0.000000,0.893724,0.683236,0.125515,0.235276,0.458341,0.651389,0.318323,0.343951,0.712174,0.392352,0.368615,0.291694,0.000000,0.073777,0.000000,0.807519,0.871280,0.000000
uid119,0.437182,0.000000,0.000000,0.000000,0.142110,0.000000,0.091354,0.000000,0.403884,0.000000,0.000000,0.356401,0.000000,0.018978,0.468621,0.000000,0.000000,0.249788,0.000000,0.125515,0.000000,0.000000,0.000000,0.000000,0.000000,0.000000,0.000000,0.000000,0.000000,0.000000,0.000000,0.000000,0.037595,0.535317,0.174363,0.158391,0.000000,0.108598,0.000000,0.000000,0.000000,0.073777,0.220482,0.000000,0.000000,0.000000,0.331260,0.000000,0.000000,0.000000,0.000000,0.000000,0.055859,0.343951,0.000000,0.000000,0.000000
uid120,0.658005,0.677108,0.733409,0.403884,0.055859,0.561273,0.264025,0.415196,0.000000,0.000000,0.468621,0.000000,0.000000,0.125515,0.000000,0.392352,0.689247,0.174363,0.142110,0.000000,0.000000,0.108598,0.000000,0.000000,0.205403,0.000000,0.073777,0.037595,0.000000,0.616340,0.000000,0.235276,0.091354,0.318323,0.577767,0.368615,0.000000,0.356401,0.535317,0.220482,0.478705,0.305136,0.158391,0.018978,0.695145,0.000000,0.000000,0.190031,0.593641,0.000000,0.000000,0.748300,0.552786,0.000000,0.000000,0.000000,0.000000
uid121,0.000000,0.426295,0.000000,0.608918,0.403884,0.000000,0.108598,0.517164,0.091354,0.821720,0.507824,0.073777,0.717636,0.125515,0.695145,0.000000,0.866252,0.871280,0.380597,0.055859,0.753077,0.000000,0.000000,0.000000,0.018978,0.000000,0.478705,0.552786,0.000000,0.264025,0.683236,0.037595,0.249788,0.700930,0.318323,0.356401,0.000000,0.855598,0.908827,0.000000,0.000000,0.205403,0.305136,0.142110,0.807519,0.000000,0.803796,0.415196,0.905265,0.437182,0.852805,0.220482,0.343951,0.190031,0.331260,0.644645,0.000000
uid122,0.000000,0.757763,0.000000,0.220482,0.091354,0.544135,0.037595,0.249788,0.235276,0.895741,0.437182,0.264025,0.593641,0.158391,0.917156,0.205403,0.905265,0.000000,0.855598,0.277992,0.658005,0.000000,0.000000,0.000000,0.601353,0.000000,0.608918,0.488598,0.000000,0.426295,0.637771,0.000000,0.392352,0.073777,0.552786,0.125515,0.000000,0.142110,0.517164,0.000000,0.468621,0.108598,0.018978,0.318323,0.733409,0.000000,0.883039,0.651389,0.569599,0.762360,0.689247,0.380597,0.526327,0.343951,0.844096,0.000000,0.000000
uid123,0.037595,0.000000,0.965684,0.108598,0.249788,0.863665,0.235276,0.073777,0.478705,0.957633,0.889573,0.561273,0.683236,0.291694,0.779892,0.368615,0.958437,0.956814,0.000000,0.577767,0.728252,0.000000,0.000000,0.000000,0.689247,0.000000,0.700930,0.403884,0.000000,0.664495,0.055859,0.091354,0.637771,0.305136,0.706606,0.142110,0.885259,0.125515,0.000000,0.535317,0.855598,0.277992,0.220482,0.174363,0.205403,0.000000,0.437182,0.158391,0.000000,0.913920,0.000000,0.458341,0.018978,0.526327,0.000000,0.818271,0.000000
uid124,0.903433,0.683236,0.000000,0.331260,0.468621,0.775634,0.403884,0.630764,0.000000,0.498303,0.608918,0.561273,0.000000,0.426295,0.762360,0.368615,0.517164,0.205403,0.664495,0.277992,0.158391,0.000000,0.000000,0.000000,0.796131,0.000000,0.037595,0.623621,0.000000,0.190031,0.644645,0.073777,0.825103,0.343951,0.291694,0.784069,0.000000,0.585780,0.000000,0.544135,0.814755,0.055859,0.831678,0.392352,0.800000,0.717636,0.000000,0.235276,0.000000,0.091354,0.415196,0.000000,0.142110,0.018978,0.000000,0.458341,0.000000
uid125,0.000000,0.000000,0.000000,0.277992,0.000000,0.000000,0.264025,0.458341,0.000000,0.000000,0.368615,0.000000,0.000000,0.000000,0.055859,0.000000,0.000000,0.000000,0.037595,0.000000,0.142110,0.000000,0.000000,0.000000,0.205403,0.125515,0.108598,0.018978,0.000000,0.415196,0.000000,0.392352,0.000000,0.000000,0.190031,0.356401,0.235276,0.000000,0.000000,0.000000,0.000000,0.426295,0.000000,0.291694,0.331260,0.000000,0.174363,0.000000,0.447863,0.000000,0.380597,0.305136,0.091354,0.158391,0.000000,0.000000,0.000000
uid126,0.811172,0.000000,0.000000,0.637771,0.468621,0.305136,0.415196,0.695145,0.771294,0.000000,0.677108,0.277992,0.000000,0.356401,0.318323,0.861027,0.190031,0.517164,0.658005,0.437182,0.689247,0.331260,0.814755,0.018978,0.873723,0.000000,0.125515,0.235276,0.000000,0.158391,0.000000,0.091354,0.174363,0.264025,0.447863,0.055859,0.000000,0.426295,0.670862,0.108598,0.855598,0.073777,0.498303,0.220482,0.601353,0.880777,0.577767,0.205403,0.762360,0.000000,0.717636,0.644645,0.291694,0.569599,0.000000,0.852805,0.000000
uid127,0.788167,0.852805,0.974256,0.517164,0.142110,0.458341,0.091354,0.380597,0.368615,0.969411,0.249788,0.000000,0.000000,0.018978,0.930278,0.664495,0.947694,0.000000,0.392352,0.125515,0.934172,0.000000,0.000000,0.000000,0.814755,0.000000,0.722995,0.415196,0.000000,0.866252,0.931601,0.000000,0.037595,0.623621,0.174363,0.158391,0.695145,0.108598,0.356401,0.847055,0.000000,0.055859,0.220482,0.403884,0.291694,0.000000,0.700930,0.552786,0.331260,0.903433,0.873723,0.000000,0.073777,0.000000,0.928929,0.728252,0.000000
uid128,0.220482,0.000000,0.000000,0.488598,0.000000,0.000000,0.277992,0.437182,0.291694,0.000000,0.356401,0.000000,0.000000,0.343951,0.000000,0.000000,0.000000,0.000000,0.415196,0.000000,0.585780,0.000000,0.000000,0.000000,0.000000,0.000000,0.517164,0.205403,0.000000,0.608918,0.000000,0.318323,0.235276,0.158391,0.091354,0.037595,0.000000,0.055859,0.403884,0.000000,0.000000,0.018978,0.190031,0.073777,0.331260,0.000000,0.000000,0.000000,0.380597,0.000000,0.623621,0.535317,0.174363,0.000000,0.000000,0.000000,0.249788
uid129,0.108598,0.753077,0.000000,0.498303,0.630764,0.000000,0.458341,0.305136,0.415196,0.000000,0.318323,0.000000,0.000000,0.380597,0.000000,0.552786,0.748300,0.677108,0.468621,0.000000,0.000000,0.644645,0.291694,0.561273,0.664495,0.000000,0.018978,0.264025,0.000000,0.577767,0.000000,0.343951,0.608918,0.073777,0.142110,0.037595,0.000000,0.488598,0.426295,0.249788,0.000000,0.700930,0.174363,0.125515,0.055859,0.000000,0.205403,0.158391,0.403884,0.000000,0.000000,0.000000,0.331260,0.000000,0.000000,0.000000,0.601353
uid130,0.000000,0.000000,0.000000,0.108598,0.000000,0.000000,0.000000,0.000000,0.000000,0.000000,0.000000,0.264025,0.000000,0.000000,0.000000,0.000000,0.000000,0.018978,0.125515,0.190031,0.000000,0.000000,0.000000,0.000000,0.000000,0.000000,0.000000,0.037595,0.000000,0.091354,0.000000,0.158391,0.000000,0.055859,0.000000,0.000000,0.000000,0.000000,0.000000,0.000000,0.000000,0.000000,0.000000,0.220482,0.073777,0.000000,0.000000,0.000000,0.000000,0.000000,0.000000,0.000000,0.000000,0.174363,0.000000,0.000000,0.000000
uid131,0.437182,0.670862,0.000000,0.235276,0.000000,0.000000,0.264025,0.637771,0.091354,0.000000,0.000000,0.426295,0.000000,0.593641,0.000000,0.174363,0.585780,0.055859,0.000000,0.018978,0.318323,0.000000,0.000000,0.000000,0.000000,0.000000,0.249788,0.630764,0.000000,0.037595,0.717636,0.142110,0.447863,0.205403,0.000000,0.000000,0.507824,0.561273,0.000000,0.677108,0.000000,0.158391,0.695145,0.277992,0.000000,0.000000,0.458341,0.125515,0.000000,0.331260,0.220482,0.000000,0.415196,0.380597,0.000000,0.000000,0.000000
uid132,0.426295,0.305136,0.000000,0.091354,0.125515,0.000000,0.623621,0.205403,0.784069,0.677108,0.593641,0.000000,0.000000,0.142110,0.277992,0.000000,0.190031,0.000000,0.108598,0.220482,0.000000,0.000000,0.000000,0.000000,0.291694,0.000000,0.552786,0.018978,0.000000,0.174363,0.000000,0.055859,0.318323,0.000000,0.664495,0.437182,0.000000,0.037595,0.000000,0.796131,0.000000,0.468621,0.706606,0.651389,0.637771,0.000000,0.517164,0.000000,0.766870,0.000000,0.343951,0.000000,0.158391,0.000000,0.722995,0.368615,0.000000
uid133,0.368615,0.018978,0.616340,0.630764,0.108598,0.722995,0.158391,0.190031,0.235276,0.535317,0.125515,0.651389,0.000000,0.380597,0.834873,0.000000,0.807519,0.000000,0.343951,0.733409,0.000000,0.000000,0.000000,0.000000,0.517164,0.000000,0.073777,0.205403,0.000000,0.644645,0.623621,0.091354,0.608918,0.593641,0.264025,0.392352,0.000000,0.305136,0.670862,0.000000,0.000000,0.055859,0.220482,0.507824,0.498303,0.000000,0.488598,0.000000,0.000000,0.037595,0.291694,0.000000,0.277992,0.000000,0.000000,0.318323,0.000000
uid134,0.158391,0.108598,0.000000,0.569599,0.526327,0.585780,0.000000,0.814755,0.249788,0.807519,0.766870,0.291694,0.000000,0.264025,0.000000,0.670862,0.205403,0.055859,0.125515,0.277992,0.000000,0.000000,0.000000,0.000000,0.507824,0.000000,0.220482,0.190031,0.000000,0.018978,0.000000,0.644645,0.392352,0.437182,0.498303,0.468621,0.000000,0.000000,0.825103,0.142110,0.517164,0.037595,0.717636,0.073777,0.235276,0.000000,0.784069,0.091354,0.000000,0.000000,0.677108,0.343951,0.743431,0.331260,0.733409,0.000000,0.000000
uid135,0.664495,0.700930,0.190031,0.738468,0.277992,0.800000,0.535317,0.585780,0.784069,0.577767,0.526327,0.779892,0.000000,0.000000,0.018978,0.055859,0.507824,0.000000,0.331260,0.000000,0.220482,0.000000,0.000000,0.000000,0.637771,0.000000,0.447863,0.415196,0.000000,0.249788,0.108598,0.235276,0.037595,0.174363,0.356401,0.125515,0.000000,0.488598,0.000000,0.000000,0.000000,0.264025,0.073777,0.091354,0.601353,0.000000,0.392352,0.000000,0.000000,0.000000,0.498303,0.000000,0.305136,0.000000,0.142110,0.569599,0.000000
uid136,0.055859,0.526327,0.125515,0.190031,0.000000,0.000000,0.108598,0.000000,0.000000,0.000000,0.000000,0.000000,0.000000,0.000000,0.249788,0.000000,0.561273,0.458341,0.488598,0.305136,0.000000,0.000000,0.000000,0.000000,0.000000,0.000000,0.544135,0.018978,0.000000,0.437182,0.000000,0.091354,0.073777,0.000000,0.000000,0.037595,0.000000,0.264025,0.000000,0.368615,0.000000,0.331260,0.277992,0.235276,0.552786,0.000000,0.000000,0.468621,0.000000,0.000000,0.000000,0.158391,0.343951,0.000000,0.000000,0.403884,0.000000
uid137,0.037595,0.000000,0.498303,0.264025,0.392352,0.000000,0.368615,0.924724,0.926153,0.000000,0.814755,0.000000,0.000000,0.291694,0.891668,0.644645,0.784069,0.683236,0.018978,0.220482,0.847055,0.158391,0.000000,0.664495,0.908827,0.844096,0.544135,0.000000,0.000000,0.091354,0.743431,0.305136,0.331260,0.507824,0.125515,0.415196,0.905265,0.055859,0.923268,0.108598,0.811172,0.356401,0.458341,0.478705,0.535317,0.866252,0.593641,0.608918,0.616340,0.880777,0.205403,0.190031,0.318323,0.738468,0.000000,0.000000,0.000000
uid138,0.000000,0.000000,0.000000,0.331260,0.526327,0.000000,0.018978,0.426295,0.000000,0.552786,0.000000,0.055859,0.277992,0.073777,0.000000,0.601353,0.561273,0.569599,0.000000,0.037595,0.368615,0.000000,0.000000,0.000000,0.291694,0.000000,0.305136,0.264025,0.000000,0.235276,0.356401,0.437182,0.205403,0.249788,0.318323,0.000000,0.000000,0.608918,0.000000,0.544135,0.000000,0.174363,0.000000,0.091354,0.000000,0.000000,0.000000,0.380597,0.000000,0.000000,0.000000,0.158391,0.447863,0.142110,0.000000,0.507824,0.000000
uid139,0.825103,0.000000,0.000000,0.651389,0.526327,0.305136,0.498303,0.695145,0.784069,0.000000,0.689247,0.277992,0.000000,0.458341,0.318323,0.866252,0.190031,0.356401,0.670862,0.517164,0.700930,0.331260,0.821720,0.037595,0.878470,0.000000,0.125515,0.235276,0.000000,0.158391,0.018978,0.108598,0.174363,0.264025,0.577767,0.000000,0.000000,0.507824,0.683236,0.091354,0.858339,0.073777,0.608918,0.220482,0.552786,0.883039,0.426295,0.205403,0.757763,0.000000,0.728252,0.664495,0.291694,0.437182,0.000000,0.855598,0.000000
uid140,0.507824,0.000000,0.895741,0.125515,0.700930,0.733409,0.913920,0.220482,0.478705,0.868790,0.517164,0.792187,0.037595,0.235276,0.318323,0.601353,0.873723,0.871280,0.901565,0.356401,0.158391,0.000000,0.000000,0.000000,0.073777,0.000000,0.055859,0.018978,0.921784,0.000000,0.174363,0.403884,0.142110,0.000000,0.108598,0.488598,0.535317,0.305136,0.000000,0.415196,0.695145,0.091354,0.331260,0.277992,0.664495,0.000000,0.800000,0.205403,0.000000,0.738468,0.930278,0.000000,0.392352,0.784069,0.000000,0.447863,0.000000
uid141,0.000000,0.174363,0.695145,0.828422,0.535317,0.831678,0.091354,0.585780,0.356401,0.000000,0.552786,0.291694,0.000000,0.037595,0.637771,0.717636,0.784069,0.000000,0.738468,0.458341,0.368615,0.000000,0.000000,0.000000,0.814755,0.000000,0.018978,0.264025,0.073777,0.249788,0.658005,0.544135,0.108598,0.142110,0.437182,0.706606,0.392352,0.447863,0.863665,0.158391,0.000000,0.507824,0.235276,0.125515,0.000000,0.000000,0.305136,0.488598,0.000000,0.517164,0.891668,0.000000,0.630764,0.380597,0.644645,0.722995,0.000000
uid142,0.235276,0.000000,0.695145,0.644645,0.000000,0.651389,0.468621,0.426295,0.018978,0.000000,0.437182,0.000000,0.000000,0.000000,0.000000,0.174363,0.000000,0.000000,0.291694,0.000000,0.343951,0.000000,0.000000,0.205403,0.593641,0.000000,0.000000,0.158391,0.000000,0.190031,0.415196,0.091354,0.544135,0.055859,0.585780,0.577767,0.000000,0.073777,0.000000,0.125515,0.608918,0.000000,0.000000,0.142110,0.037595,0.249788,0.507824,0.380597,0.000000,0.000000,0.000000,0.526327,0.220482,0.108598,0.000000,0.000000,0.000000
uid143,0.108598,0.000000,0.073777,0.380597,0.849958,0.368615,0.717636,0.426295,0.561273,0.000000,0.664495,0.277992,0.000000,0.683236,0.000000,0.507824,0.000000,0.220482,0.637771,0.905265,0.458341,0.866252,0.000000,0.517164,0.748300,0.000000,0.091354,0.712174,0.000000,0.796131,0.821720,0.235276,0.318323,0.000000,0.142110,0.037595,0.000000,0.468621,0.695145,0.861027,0.753077,0.880777,0.158391,0.125515,0.055859,0.803796,0.174363,0.205403,0.677108,0.000000,0.356401,0.920271,0.331260,0.264025,0.000000,0.743431,0.844096
uid144,0.821720,0.331260,0.937849,0.415196,0.291694,0.000000,0.055859,0.125515,0.651389,0.000000,0.623621,0.858339,0.000000,0.507824,0.722995,0.037595,0.000000,0.220482,0.073777,0.091354,0.158391,0.000000,0.000000,0.000000,0.878470,0.000000,0.593641,0.235276,0.871280,0.677108,0.018978,0.205403,0.277992,0.733409,0.142110,0.689247,0.458341,0.526327,0.000000,0.190031,0.000000,0.561273,0.174363,0.108598,0.000000,0.771294,0.849958,0.356401,0.931601,0.498303,0.000000,0.000000,0.000000,0.885259,0.847055,0.264025,0.803796
uid145,0.601353,0.190031,0.507824,0.811172,0.264025,0.847055,0.037595,0.771294,0.585780,0.748300,0.728252,0.818271,0.000000,0.403884,0.458341,0.392352,0.871280,0.000000,0.305136,0.873723,0.478705,0.000000,0.000000,0.000000,0.753077,0.000000,0.000000,0.142110,0.000000,0.091354,0.437182,0.220482,0.055859,0.018978,0.331260,0.318323,0.000000,0.651389,0.895741,0.073777,0.000000,0.249788,0.125515,0.000000,0.738468,0.000000,0.616340,0.901565,0.577767,0.000000,0.637771,0.000000,0.277992,0.000000,0.343951,0.526327,0.000000
uid146,0.264025,0.577767,0.000000,0.108598,0.415196,0.630764,0.478705,0.000000,0.220482,0.000000,0.291694,0.000000,0.000000,0.343951,0.722995,0.664495,0.000000,0.018978,0.125515,0.190031,0.000000,0.000000,0.000000,0.000000,0.380597,0.000000,0.305136,0.037595,0.000000,0.091354,0.000000,0.142110,0.561273,0.055859,0.814755,0.249788,0.318323,0.717636,0.784069,0.468621,0.392352,0.205403,0.608918,0.526327,0.073777,0.000000,0.000000,0.458341,0.000000,0.000000,0.000000,0.000000,0.753077,0.158391,0.000000,0.775634,0.000000
uid147,0.577767,0.876119,0.458341,0.331260,0.873723,0.158391,0.569599,0.174363,0.834873,0.000000,0.018978,0.658005,0.277992,0.415196,0.561273,0.468621,0.939029,0.841081,0.526327,0.488598,0.380597,0.000000,0.000000,0.000000,0.291694,0.757763,0.305136,0.142110,0.593641,0.683236,0.343951,0.055859,0.073777,0.264025,0.205403,0.677108,0.775634,0.849958,0.125515,0.948686,0.037595,0.000000,0.903433,0.478705,0.695145,0.866252,0.762360,0.392352,0.220482,0.880777,0.637771,0.818271,0.190031,0.651389,0.912255,0.961504,0.000000
uid148,0.000000,0.000000,0.000000,0.000000,0.601353,0.526327,0.158391,0.205403,0.142110,0.000000,0.037595,0.000000,0.000000,0.108598,0.000000,0.000000,0.000000,0.000000,0.174363,0.000000,0.343951,0.630764,0.000000,0.000000,0.000000,0.000000,0.608918,0.235276,0.000000,0.000000,0.392352,0.055859,0.498303,0.264025,0.073777,0.000000,0.000000,0.000000,0.091354,0.000000,0.437182,0.458341,0.000000,0.125515,0.000000,0.249788,0.000000,0.356401,0.220482,0.000000,0.000000,0.000000,0.018978,0.000000,0.000000,0.000000,0.577767
uid149,0.814755,0.000000,0.000000,0.637771,0.544135,0.305136,0.517164,0.683236,0.771294,0.000000,0.677108,0.277992,0.000000,0.478705,0.318323,0.863665,0.190031,0.356401,0.658005,0.535317,0.689247,0.331260,0.818271,0.037595,0.876119,0.000000,0.142110,0.235276,0.000000,0.174363,0.000000,0.091354,0.158391,0.264025,0.561273,0.018978,0.000000,0.526327,0.670862,0.108598,0.858339,0.073777,0.577767,0.220482,0.623621,0.880777,0.426295,0.205403,0.757763,0.000000,0.717636,0.651389,0.291694,0.437182,0.000000,0.855598,0.000000
uid150,0.249788,0.883039,0.343951,0.728252,0.426295,0.924724,0.055859,0.762360,0.037595,0.517164,0.264025,0.018978,0.706606,0.000000,0.644645,0.447863,0.468621,0.544135,0.601353,0.091354,0.535317,0.000000,0.000000,0.000000,0.743431,0.000000,0.437182,0.331260,0.689247,0.142110,0.608918,0.291694,0.190031,0.507824,0.458341,0.318323,0.943527,0.498303,0.000000,0.488598,0.913920,0.158391,0.779892,0.073777,0.871280,0.000000,0.963654,0.757763,0.000000,0.885259,0.847055,0.174363,0.796131,0.220482,0.000000,0.478705,0.000000
uid151,0.677108,0.912255,0.000000,0.426295,0.343951,0.073777,0.205403,0.616340,0.608918,0.000000,0.544135,0.000000,0.000000,0.142110,0.158391,0.695145,0.915553,0.478705,0.623621,0.277992,0.807519,0.249788,0.683236,0.706606,0.784069,0.000000,0.920271,0.018978,0.000000,0.700930,0.831678,0.125515,0.190031,0.055859,0.305136,0.356401,0.000000,0.174363,0.601353,0.670862,0.743431,0.235276,0.318323,0.037595,0.561273,0.788167,0.498303,0.766870,0.392352,0.000000,0.000000,0.947694,0.108598,0.507824,0.000000,0.738468,0.959226
uid152,0.722995,0.488598,0.651389,0.343951,0.291694,0.000000,0.125515,0.356401,0.073777,0.000000,0.264025,0.000000,0.000000,0.380597,0.478705,0.677108,0.753077,0.091354,0.458341,0.403884,0.000000,0.000000,0.000000,0.000000,0.788167,0.000000,0.517164,0.055859,0.738468,0.277992,0.018978,0.000000,0.700930,0.037595,0.190031,0.331260,0.000000,0.142110,0.000000,0.000000,0.000000,0.447863,0.426295,0.305136,0.000000,0.220482,0.000000,0.415196,0.000000,0.507824,0.000000,0.000000,0.368615,0.000000,0.000000,0.392352,0.000000
uid153,0.331260,0.437182,0.670862,0.055859,0.498303,0.878470,0.426295,0.091354,0.569599,0.934172,0.380597,0.944599,0.000000,0.125515,0.249788,0.689247,0.318323,0.000000,0.235276,0.158391,0.630764,0.000000,0.000000,0.000000,0.403884,0.000000,0.468621,0.205403,0.000000,0.018978,0.264025,0.488598,0.277992,0.651389,0.037595,0.073777,0.000000,0.305136,0.000000,0.415196,0.000000,0.190031,0.220482,0.000000,0.930278,0.000000,0.291694,0.174363,0.706606,0.458341,0.343951,0.000000,0.108598,0.000000,0.601353,0.142110,0.000000
uid154,0.073777,0.000000,0.913920,0.478705,0.356401,0.637771,0.343951,0.277992,0.125515,0.000000,0.544135,0.677108,0.700930,0.403884,0.788167,0.000000,0.000000,0.000000,0.158391,0.664495,0.190031,0.000000,0.000000,0.055859,0.831678,0.000000,0.828422,0.205403,0.000000,0.018978,0.291694,0.220482,0.593641,0.108598,0.644645,0.426295,0.000000,0.447863,0.608918,0.814755,0.561273,0.380597,0.331260,0.249788,0.174363,0.091354,0.889573,0.235276,0.658005,0.000000,0.000000,0.738468,0.037595,0.728252,0.000000,0.821720,0.000000
uid155,0.055859,0.753077,0.125515,0.800000,0.561273,0.868790,0.108598,0.861027,0.577767,0.855598,0.000000,0.811172,0.000000,0.264025,0.190031,0.368615,0.689247,0.000000,0.544135,0.901565,0.249788,0.000000,0.000000,0.000000,0.844096,0.000000,0.683236,0.018978,0.000000,0.458341,0.220482,0.091354,0.073777,0.291694,0.498303,0.037595,0.000000,0.677108,0.000000,0.593641,0.000000,0.478705,0.235276,0.305136,0.841081,0.000000,0.608918,0.000000,0.403884,0.000000,0.658005,0.158391,0.526327,0.000000,0.205403,0.380597,0.000000
uid156,0.000000,0.000000,0.000000,0.220482,0.108598,0.291694,0.018978,0.235276,0.437182,0.000000,0.264025,0.458341,0.593641,0.125515,0.000000,0.190031,0.000000,0.000000,0.000000,0.447863,0.644645,0.000000,0.000000,0.000000,0.608918,0.000000,0.601353,0.331260,0.000000,0.569599,0.637771,0.000000,0.368615,0.055859,0.392352,0.174363,0.000000,0.158391,0.356401,0.000000,0.277992,0.073777,0.037595,0.488598,0.000000,0.000000,0.000000,0.658005,0.415196,0.000000,0.000000,0.535317,0.343951,0.526327,0.000000,0.000000,0.000000
uid157,0.343951,0.644645,0.814755,0.318323,0.264025,0.331260,0.437182,0.608918,0.658005,0.771294,0.392352,0.037595,0.000000,0.478705,0.630764,0.000000,0.535317,0.000000,0.670862,0.458341,0.000000,0.000000,0.000000,0.000000,0.220482,0.000000,0.468621,0.277992,0.000000,0.585780,0.821720,0.488598,0.108598,0.125515,0.091354,0.174363,0.018978,0.447863,0.000000,0.426295,0.235276,0.871280,0.796131,0.784069,0.142110,0.000000,0.073777,0.305136,0.000000,0.000000,0.368615,0.000000,0.577767,0.000000,0.000000,0.849958,0.000000
uid158,0.858339,0.871280,0.834873,0.108598,0.577767,0.670862,0.478705,0.468621,0.458341,0.000000,0.380597,0.264025,0.000000,0.318323,0.677108,0.821720,0.878470,0.055859,0.091354,0.535317,0.000000,0.689247,0.000000,0.000000,0.766870,0.000000,0.728252,0.000000,0.000000,0.125515,0.000000,0.142110,0.220482,0.018978,0.415196,0.277992,0.000000,0.561273,0.447863,0.753077,0.893724,0.343951,0.616340,0.498303,0.073777,0.000000,0.235276,0.757763,0.426295,0.000000,0.037595,0.841081,0.205403,0.249788,0.000000,0.000000,0.700930
uid159,0.517164,0.000000,0.873723,0.091354,0.717636,0.728252,0.899661,0.142110,0.468621,0.841081,0.507824,0.738468,0.018978,0.125515,0.343951,0.593641,0.838006,0.844096,0.880777,0.368615,0.205403,0.000000,0.000000,0.000000,0.073777,0.000000,0.000000,0.037595,0.903433,0.000000,0.235276,0.426295,0.220482,0.108598,0.055859,0.478705,0.535317,0.331260,0.000000,0.447863,0.677108,0.174363,0.277992,0.318323,0.700930,0.000000,0.753077,0.158391,0.000000,0.000000,0.915553,0.000000,0.380597,0.771294,0.000000,0.415196,0.000000
uid160,0.158391,0.000000,0.249788,0.125515,0.000000,0.415196,0.091354,0.000000,0.356401,0.000000,0.142110,0.000000,0.000000,0.000000,0.000000,0.000000,0.000000,0.000000,0.000000,0.000000,0.000000,0.000000,0.000000,0.264025,0.000000,0.000000,0.000000,0.055859,0.000000,0.277992,0.000000,0.037595,0.205403,0.437182,0.000000,0.220482,0.000000,0.018978,0.000000,0.000000,0.000000,0.000000,0.000000,0.073777,0.331260,0.000000,0.000000,0.291694,0.000000,0.000000,0.000000,0.318323,0.108598,0.000000,0.000000,0.000000,0.000000
uid161,0.249788,0.000000,0.000000,0.174363,0.700930,0.000000,0.037595,0.392352,0.468621,0.000000,0.091354,0.000000,0.000000,0.356401,0.000000,0.158391,0.000000,0.677108,0.488598,0.000000,0.585780,0.753077,0.000000,0.000000,0.205403,0.000000,0.775634,0.507824,0.000000,0.000000,0.616340,0.437182,0.000000,0.018978,0.108598,0.264025,0.000000,0.722995,0.458341,0.670862,0.073777,0.706606,0.142110,0.277992,0.235276,0.535317,0.190031,0.125515,0.415196,0.000000,0.000000,0.000000,0.368615,0.000000,0.000000,0.055859,0.766870
uid162,0.876119,0.000000,0.000000,0.498303,0.887436,0.000000,0.055859,0.091354,0.800000,0.190031,0.552786,0.000000,0.073777,0.784069,0.235276,0.037595,0.000000,0.935422,0.291694,0.000000,0.220482,0.931601,0.000000,0.871280,0.392352,0.343951,0.305136,0.277992,0.000000,0.601353,0.616340,0.623621,0.249788,0.108598,0.368615,0.437182,0.426295,0.891668,0.535317,0.125515,0.644645,0.569599,0.738468,0.000000,0.018978,0.828422,0.380597,0.158391,0.664495,0.000000,0.142110,0.517164,0.318323,0.331260,0.000000,0.712174,0.921784
uid163,0.677108,0.000000,0.220482,0.447863,0.585780,0.125515,0.249788,0.807519,0.803796,0.000000,0.766870,0.091354,0.000000,0.535317,0.142110,0.893724,0.000000,0.415196,0.468621,0.507824,0.235276,0.158391,0.876119,0.910557,0.903433,0.000000,0.644645,0.000000,0.000000,0.458341,0.000000,0.478705,0.190031,0.073777,0.601353,0.205403,0.000000,0.569599,0.800000,0.305136,0.887436,0.291694,0.318323,0.018978,0.037595,0.000000,0.712174,0.392352,0.792187,0.000000,0.403884,0.000000,0.108598,0.498303,0.000000,0.885259,0.000000
uid164,0.000000,0.000000,0.000000,0.517164,0.000000,0.000000,0.000000,0.000000,0.000000,0.000000,0.000000,0.000000,0.000000,0.000000,0.000000,0.000000,0.392352,0.544135,0.037595,0.488598,0.091354,0.437182,0.000000,0.291694,0.220482,0.174363,0.108598,0.073777,0.000000,0.343951,0.264025,0.331260,0.018978,0.000000,0.158391,0.277992,0.235276,0.000000,0.000000,0.356401,0.000000,0.318323,0.000000,0.000000,0.000000,0.000000,0.190031,0.415196,0.000000,0.000000,0.458341,0.468621,0.125515,0.142110,0.000000,0.000000,0.000000
uid165,0.356401,0.807519,0.792187,0.569599,0.190031,0.488598,0.415196,0.712174,0.841081,0.517164,0.963654,0.000000,0.000000,0.849958,0.941321,0.142110,0.000000,0.757763,0.000000,0.733409,0.108598,0.535317,0.803796,0.000000,0.468621,0.948686,0.426295,0.331260,0.000000,0.608918,0.728252,0.552786,0.018978,0.343951,0.277992,0.235276,0.954259,0.037595,0.962951,0.762360,0.000000,0.318323,0.220482,0.264025,0.623621,0.928929,0.637771,0.788167,0.055859,0.689247,0.073777,0.960759,0.158391,0.544135,0.000000,0.498303,0.249788
uid166,0.000000,0.000000,0.000000,0.158391,0.000000,0.000000,0.000000,0.000000,0.000000,0.000000,0.000000,0.000000,0.000000,0.000000,0.000000,0.000000,0.000000,0.000000,0.091354,0.108598,0.000000,0.018978,0.000000,0.220482,0.000000,0.000000,0.000000,0.000000,0.000000,0.000000,0.190031,0.000000,0.000000,0.000000,0.125515,0.205403,0.000000,0.000000,0.000000,0.000000,0.000000,0.000000,0.000000,0.000000,0.000000,0.000000,0.000000,0.000000,0.000000,0.000000,0.055859,0.073777,0.000000,0.000000,0.000000,0.000000,0.000000
uid167,0.403884,0.000000,0.000000,0.000000,0.000000,0.000000,0.458341,0.000000,0.000000,0.000000,0.343951,0.380597,0.000000,0.000000,0.000000,0.447863,0.000000,0.073777,0.220482,0.174363,0.000000,0.000000,0.000000,0.000000,0.000000,0.000000,0.000000,0.190031,0.000000,0.000000,0.000000,0.000000,0.091354,0.291694,0.249788,0.000000,0.000000,0.108598,0.000000,0.000000,0.000000,0.000000,0.235276,0.415196,0.000000,0.125515,0.037595,0.000000,0.000000,0.142110,0.055859,0.392352,0.205403,0.000000,0.000000,0.000000,0.000000
uid168,0.108598,0.174363,0.000000,0.000000,0.478705,0.526327,0.018978,0.733409,0.264025,0.717636,0.658005,0.291694,0.000000,0.318323,0.000000,0.000000,0.220482,0.055859,0.125515,0.249788,0.000000,0.000000,0.000000,0.000000,0.712174,0.000000,0.235276,0.158391,0.000000,0.000000,0.000000,0.437182,0.403884,0.488598,0.517164,0.498303,0.000000,0.000000,0.447863,0.142110,0.000000,0.037595,0.585780,0.073777,0.205403,0.000000,0.689247,0.091354,0.000000,0.000000,0.544135,0.368615,0.616340,0.356401,0.608918,0.000000,0.000000
uid169,0.277992,0.000000,0.000000,0.235276,0.174363,0.249788,0.593641,0.000000,0.498303,0.000000,0.426295,0.368615,0.000000,0.000000,0.305136,0.561273,0.000000,0.507824,0.000000,0.318323,0.000000,0.000000,0.000000,0.000000,0.125515,0.000000,0.392352,0.190031,0.000000,0.415196,0.616340,0.264025,0.000000,0.018978,0.108598,0.073777,0.000000,0.670862,0.000000,0.000000,0.142110,0.544135,0.000000,0.608918,0.055859,0.700930,0.000000,0.220482,0.000000,0.000000,0.331260,0.000000,0.291694,0.343951,0.000000,0.000000,0.000000
uid170,0.037595,0.000000,0.392352,0.264025,0.000000,0.000000,0.651389,0.000000,0.733409,0.000000,0.000000,0.000000,0.000000,0.000000,0.000000,0.000000,0.000000,0.291694,0.018978,0.220482,0.644645,0.125515,0.000000,0.000000,0.368615,0.000000,0.426295,0.000000,0.000000,0.142110,0.000000,0.585780,0.623621,0.403884,0.091354,0.437182,0.331260,0.055859,0.000000,0.108598,0.000000,0.677108,0.318323,0.478705,0.447863,0.000000,0.517164,0.356401,0.000000,0.000000,0.174363,0.190031,0.000000,0.608918,0.000000,0.728252,0.000000
uid171,0.677108,0.630764,0.585780,0.670862,0.108598,0.593641,0.291694,0.331260,0.683236,0.000000,0.498303,0.000000,0.000000,0.712174,0.000000,0.264025,0.855598,0.392352,0.318323,0.343951,0.125515,0.784069,0.601353,0.828422,0.000000,0.000000,0.844096,0.073777,0.000000,0.000000,0.305136,0.055859,0.158391,0.174363,0.356401,0.190031,0.000000,0.738468,0.000000,0.415196,0.507824,0.018978,0.368615,0.037595,0.091354,0.000000,0.142110,0.544135,0.517164,0.220482,0.792187,0.796131,0.277992,0.000000,0.000000,0.458341,0.000000
uid172,0.249788,0.000000,0.000000,0.343951,0.380597,0.722995,0.447863,0.235276,0.018978,0.000000,0.670862,0.834873,0.000000,0.458341,0.000000,0.264025,0.000000,0.608918,0.073777,0.831678,0.037595,0.577767,0.000000,0.142110,0.651389,0.000000,0.623621,0.291694,0.000000,0.174363,0.190031,0.305136,0.601353,0.125515,0.712174,0.356401,0.000000,0.318323,0.706606,0.644645,0.664495,0.368615,0.426295,0.220482,0.000000,0.055859,0.748300,0.091354,0.733409,0.000000,0.000000,0.743431,0.277992,0.807519,0.000000,0.000000,0.569599
uid173,0.889573,0.893724,0.000000,0.331260,0.091354,0.863665,0.125515,0.478705,0.507824,0.000000,0.488598,0.912255,0.927554,0.018978,0.000000,0.644645,0.895741,0.277992,0.380597,0.142110,0.937849,0.800000,0.000000,0.000000,0.601353,0.000000,0.796131,0.249788,0.000000,0.305136,0.939029,0.000000,0.055859,0.235276,0.174363,0.108598,0.000000,0.073777,0.415196,0.821720,0.498303,0.158391,0.291694,0.569599,0.318323,0.000000,0.608918,0.616340,0.468621,0.000000,0.220482,0.918728,0.037595,0.356401,0.000000,0.437182,0.784069
uid174,0.000000,0.000000,0.000000,0.235276,0.055859,0.000000,0.037595,0.205403,0.415196,0.000000,0.670862,0.517164,0.000000,0.190031,0.000000,0.220482,0.291694,0.601353,0.331260,0.426295,0.000000,0.000000,0.000000,0.000000,0.000000,0.000000,0.356401,0.249788,0.000000,0.552786,0.561273,0.018978,0.535317,0.108598,0.644645,0.142110,0.000000,0.158391,0.000000,0.000000,0.000000,0.091354,0.000000,0.447863,0.000000,0.658005,0.277992,0.000000,0.000000,0.000000,0.343951,0.468621,0.000000,0.478705,0.000000,0.000000,0.000000
uid175,0.291694,0.712174,0.205403,0.108598,0.934172,0.000000,0.623621,0.616340,0.608918,0.967601,0.535317,0.468621,0.814755,0.585780,0.908827,0.488598,0.728252,0.018978,0.125515,0.190031,0.834873,0.000000,0.000000,0.507824,0.818271,0.000000,0.220482,0.000000,0.000000,0.091354,0.831678,0.158391,0.437182,0.055859,0.305136,0.235276,0.873723,0.955127,0.593641,0.689247,0.000000,0.664495,0.331260,0.318323,0.073777,0.000000,0.368615,0.356401,0.577767,0.928929,0.037595,0.775634,0.415196,0.174363,0.000000,0.000000,0.000000
uid176,0.368615,0.000000,0.291694,0.753077,0.125515,0.000000,0.108598,0.000000,0.849958,0.000000,0.651389,0.828422,0.000000,0.018978,0.458341,0.706606,0.000000,0.616340,0.507824,0.142110,0.535317,0.000000,0.000000,0.717636,0.585780,0.544135,0.305136,0.249788,0.000000,0.712174,0.637771,0.000000,0.037595,0.318323,0.174363,0.158391,0.577767,0.091354,0.000000,0.811172,0.658005,0.073777,0.220482,0.264025,0.356401,0.000000,0.426295,0.437182,0.683236,0.000000,0.000000,0.000000,0.055859,0.526327,0.000000,0.821720,0.000000
uid177,0.249788,0.108598,0.055859,0.220482,0.125515,0.073777,0.174363,0.000000,0.264025,0.000000,0.000000,0.000000,0.000000,0.277992,0.577767,0.753077,0.847055,0.526327,0.392352,0.507824,0.637771,0.000000,0.000000,0.000000,0.670862,0.644645,0.616340,0.601353,0.000000,0.762360,0.706606,0.437182,0.190031,0.356401,0.651389,0.091354,0.677108,0.368615,0.000000,0.468621,0.000000,0.037595,0.700930,0.158391,0.305136,0.535317,0.517164,0.018978,0.561273,0.544135,0.478705,0.000000,0.630764,0.623621,0.689247,0.852805,0.000000
uid178,0.190031,0.380597,0.000000,0.392352,0.000000,0.623621,0.037595,0.305136,0.142110,0.000000,0.561273,0.447863,0.683236,0.220482,0.343951,0.000000,0.249788,0.000000,0.000000,0.277992,0.728252,0.000000,0.000000,0.000000,0.356401,0.000000,0.700930,0.125515,0.000000,0.264025,0.717636,0.158391,0.018978,0.073777,0.637771,0.091354,0.000000,0.000000,0.569599,0.205403,0.577767,0.517164,0.000000,0.468621,0.000000,0.000000,0.174363,0.733409,0.055859,0.000000,0.000000,0.526327,0.235276,0.426295,0.000000,0.000000,0.000000
uid179,0.055859,0.000000,0.000000,0.205403,0.814755,0.142110,0.264025,0.608918,0.000000,0.158391,0.644645,0.858339,0.000000,0.821720,0.426295,0.907063,0.000000,0.368615,0.544135,0.380597,0.073777,0.249788,0.871280,0.000000,0.000000,0.498303,0.037595,0.468621,0.000000,0.651389,0.733409,0.174363,0.343951,0.235276,0.478705,0.585780,0.526327,0.392352,0.677108,0.876119,0.748300,0.630764,0.018978,0.577767,0.689247,0.415196,0.356401,0.728252,0.091354,0.318323,0.403884,0.670862,0.108598,0.190031,0.000000,0.125515,0.000000
uid180,0.535317,0.936647,0.517164,0.458341,0.861027,0.834873,0.142110,0.249788,0.757763,0.343951,0.722995,0.670862,0.264025,0.743431,0.000000,0.220482,0.939029,0.091354,0.437182,0.055859,0.356401,0.908827,0.700930,0.000000,0.918728,0.000000,0.507824,0.380597,0.000000,0.447863,0.000000,0.468621,0.000000,0.277992,0.569599,0.544135,0.000000,0.037595,0.762360,0.291694,0.796131,0.803796,0.585780,0.205403,0.235276,0.018978,0.190031,0.318323,0.158391,0.108598,0.073777,0.951553,0.658005,0.488598,0.000000,0.000000,0.897720
uid181,0.468621,0.905265,0.000000,0.205403,0.220482,0.891668,0.343951,0.356401,0.305136,0.000000,0.291694,0.142110,0.000000,0.318323,0.000000,0.658005,0.924724,0.037595,0.392352,0.928929,0.784069,0.858339,0.458341,0.670862,0.757763,0.000000,0.844096,0.331260,0.000000,0.683236,0.818271,0.000000,0.018978,0.174363,0.415196,0.158391,0.000000,0.478705,0.426295,0.488598,0.722995,0.637771,0.585780,0.403884,0.277992,0.775634,0.108598,0.544135,0.235276,0.000000,0.000000,0.000000,0.073777,0.125515,0.000000,0.717636,0.825103
uid182,0.000000,0.000000,0.000000,0.608918,0.142110,0.526327,0.073777,0.380597,0.368615,0.000000,0.249788,0.000000,0.593641,0.000000,0.000000,0.000000,0.000000,0.000000,0.392352,0.125515,0.644645,0.000000,0.000000,0.000000,0.616340,0.000000,0.601353,0.426295,0.000000,0.000000,0.637771,0.018978,0.037595,0.577767,0.174363,0.158391,0.000000,0.108598,0.356401,0.000000,0.447863,0.091354,0.235276,0.403884,0.291694,0.000000,0.000000,0.658005,0.331260,0.000000,0.000000,0.000000,0.055859,0.000000,0.000000,0.000000,0.000000
uid183,0.108598,0.000000,0.000000,0.343951,0.331260,0.000000,0.608918,0.552786,0.498303,0.000000,0.507824,0.403884,0.000000,0.468621,0.000000,0.658005,0.000000,0.305136,0.577767,0.000000,0.738468,0.000000,0.526327,0.728252,0.700930,0.000000,0.018978,0.585780,0.000000,0.712174,0.000000,0.235276,0.205403,0.073777,0.142110,0.037595,0.000000,0.000000,0.437182,0.517164,0.623621,0.000000,0.174363,0.125515,0.055859,0.000000,0.190031,0.277992,0.392352,0.000000,0.000000,0.000000,0.220482,0.318323,0.000000,0.644645,0.000000
uid184,0.569599,0.000000,0.000000,0.264025,0.091354,0.437182,0.630764,0.392352,0.458341,0.000000,0.608918,0.000000,0.277992,0.125515,0.000000,0.000000,0.000000,0.174363,0.190031,0.488598,0.331260,0.108598,0.000000,0.000000,0.220482,0.000000,0.000000,0.018978,0.000000,0.000000,0.356401,0.585780,0.142110,0.235276,0.291694,0.000000,0.000000,0.601353,0.000000,0.205403,0.000000,0.368615,0.055859,0.037595,0.695145,0.000000,0.658005,0.158391,0.000000,0.000000,0.000000,0.677108,0.000000,0.717636,0.000000,0.498303,0.073777
uid185,0.174363,0.000000,0.055859,0.000000,0.000000,0.000000,0.000000,0.000000,0.000000,0.000000,0.000000,0.000000,0.000000,0.000000,0.000000,0.000000,0.000000,0.000000,0.000000,0.000000,0.000000,0.000000,0.000000,0.000000,0.000000,0.000000,0.108598,0.000000,0.000000,0.000000,0.000000,0.000000,0.000000,0.073777,0.037595,0.125515,0.000000,0.000000,0.000000,0.000000,0.000000,0.000000,0.205403,0.158391,0.142110,0.000000,0.000000,0.000000,0.000000,0.000000,0.000000,0.000000,0.000000,0.000000,0.000000,0.000000,0.000000
uid186,0.488598,0.876119,0.535317,0.091354,0.318323,0.637771,0.526327,0.235276,0.766870,0.356401,0.468621,0.447863,0.018978,0.220482,0.700930,0.426295,0.380597,0.368615,0.000000,0.695145,0.158391,0.000000,0.000000,0.000000,0.073777,0.000000,0.055859,0.037595,0.000000,0.743431,0.142110,0.249788,0.174363,0.000000,0.108598,0.498303,0.841081,0.437182,0.623621,0.343951,0.577767,0.125515,0.885259,0.331260,0.748300,0.000000,0.849958,0.190031,0.670862,0.000000,0.706606,0.544135,0.644645,0.712174,0.000000,0.277992,0.000000
uid187,0.277992,0.664495,0.535317,0.091354,0.695145,0.000000,0.608918,0.249788,0.738468,0.858339,0.426295,0.392352,0.055859,0.205403,0.318323,0.552786,0.873723,0.000000,0.507824,0.305136,0.174363,0.000000,0.000000,0.000000,0.108598,0.000000,0.073777,0.037595,0.644645,0.415196,0.190031,0.264025,0.142110,0.018978,0.125515,0.403884,0.000000,0.000000,0.000000,0.000000,0.000000,0.158391,0.468621,0.593641,0.437182,0.000000,0.762360,0.220482,0.000000,0.670862,0.331260,0.000000,0.291694,0.343951,0.788167,0.000000,0.000000
uid188,0.000000,0.000000,0.000000,0.000000,0.000000,0.000000,0.055859,0.000000,0.018978,0.000000,0.000000,0.037595,0.000000,0.073777,0.000000,0.000000,0.000000,0.000000,0.000000,0.000000,0.000000,0.000000,0.000000,0.000000,0.000000,0.000000,0.000000,0.000000,0.000000,0.000000,0.000000,0.000000,0.190031,0.000000,0.000000,0.000000,0.000000,0.000000,0.000000,0.000000,0.000000,0.158391,0.000000,0.091354,0.000000,0.000000,0.000000,0.000000,0.000000,0.000000,0.000000,0.205403,0.000000,0.142110,0.000000,0.000000,0.000000
uid189,0.738468,0.000000,0.000000,0.000000,0.356401,0.623621,0.728252,0.910557,0.658005,0.380597,0.803796,0.468621,0.000000,0.305136,0.108598,0.458341,0.426295,0.403884,0.000000,0.125515,0.437182,0.000000,0.000000,0.000000,0.561273,0.000000,0.447863,0.585780,0.000000,0.637771,0.807519,0.205403,0.498303,0.331260,0.415196,0.526327,0.887436,0.073777,0.000000,0.220482,0.552786,0.174363,0.091354,0.018978,0.535317,0.852805,0.868790,0.601353,0.000000,0.000000,0.717636,0.000000,0.190031,0.766870,0.000000,0.249788,0.000000
uid190,0.000000,0.000000,0.000000,0.331260,0.601353,0.000000,0.055859,0.426295,0.018978,0.608918,0.000000,0.073777,0.277992,0.037595,0.000000,0.651389,0.616340,0.623621,0.000000,0.000000,0.380597,0.000000,0.000000,0.000000,0.318323,0.000000,0.264025,0.291694,0.000000,0.235276,0.403884,0.468621,0.158391,0.249788,0.305136,0.000000,0.000000,0.658005,0.000000,0.585780,0.000000,0.174363,0.000000,0.091354,0.000000,0.000000,0.000000,0.392352,0.000000,0.447863,0.000000,0.142110,0.526327,0.190031,0.000000,0.561273,0.000000
uid191,0.000000,0.000000,0.000000,0.073777,0.249788,0.000000,0.190031,0.220482,0.368615,0.000000,0.356401,0.000000,0.000000,0.235276,0.000000,0.318323,0.000000,0.000000,0.426295,0.507824,0.000000,0.000000,0.000000,0.000000,0.000000,0.000000,0.000000,0.392352,0.000000,0.000000,0.000000,0.000000,0.000000,0.264025,0.478705,0.055859,0.000000,0.108598,0.488598,0.000000,0.000000,0.305136,0.174363,0.037595,0.091354,0.000000,0.000000,0.018978,0.498303,0.000000,0.000000,0.000000,0.343951,0.000000,0.000000,0.000000,0.000000
uid192,0.018978,0.800000,0.939029,0.125515,0.108598,0.962951,0.728252,0.960759,0.507824,0.958437,0.677108,0.415196,0.000000,0.899661,0.277992,0.000000,0.912255,0.717636,0.849958,0.291694,0.468621,0.000000,0.000000,0.073777,0.955978,0.000000,0.569599,0.712174,0.000000,0.037595,0.689247,0.343951,0.158391,0.091354,0.544135,0.658005,0.488598,0.235276,0.000000,0.356401,0.000000,0.305136,0.249788,0.220482,0.670862,0.757763,0.447863,0.000000,0.142110,0.000000,0.616340,0.000000,0.055859,0.498303,0.841081,0.392352,0.000000
uid193,0.517164,0.908827,0.936647,0.437182,0.108598,0.000000,0.478705,0.849958,0.380597,0.142110,0.601353,0.277992,0.000000,0.018978,0.535317,0.235276,0.205403,0.158391,0.876119,0.331260,0.174363,0.000000,0.000000,0.000000,0.811172,0.000000,0.220482,0.866252,0.743431,0.318323,0.873723,0.000000,0.623621,0.037595,0.190031,0.585780,0.689247,0.249788,0.000000,0.091354,0.000000,0.403884,0.868790,0.125515,0.616340,0.000000,0.644645,0.343951,0.000000,0.912255,0.458341,0.000000,0.507824,0.552786,0.893724,0.055859,0.000000
uid194,0.488598,0.871280,0.630764,0.954259,0.318323,0.158391,0.689247,0.174363,0.544135,0.356401,0.000000,0.447863,0.000000,0.277992,0.706606,0.426295,0.380597,0.368615,0.651389,0.601353,0.403884,0.000000,0.000000,0.000000,0.941321,0.000000,0.415196,0.073777,0.717636,0.784069,0.637771,0.018978,0.108598,0.264025,0.205403,0.775634,0.552786,0.437182,0.125515,0.331260,0.037595,0.055859,0.880777,0.343951,0.792187,0.844096,0.498303,0.000000,0.235276,0.000000,0.748300,0.000000,0.190031,0.535317,0.000000,0.291694,0.000000
uid195,0.142110,0.921784,0.000000,0.608918,0.700930,0.910557,0.517164,0.318323,0.544135,0.000000,0.552786,0.403884,0.960000,0.447863,0.969992,0.670862,0.932899,0.235276,0.437182,0.940186,0.800000,0.878470,0.264025,0.841081,0.664495,0.000000,0.158391,0.368615,0.000000,0.847055,0.831678,0.220482,0.331260,0.055859,0.091354,0.108598,0.000000,0.677108,0.478705,0.249788,0.577767,0.743431,0.174363,0.205403,0.125515,0.814755,0.018978,0.037595,0.507824,0.000000,0.000000,0.946682,0.343951,0.277992,0.000000,0.623621,0.880777
uid196,0.318323,0.331260,0.784069,0.577767,0.174363,0.593641,0.437182,0.658005,0.585780,0.899661,0.561273,0.000000,0.000000,0.277992,0.468621,0.792187,0.841081,0.000000,0.142110,0.488598,0.000000,0.000000,0.000000,0.000000,0.753077,0.000000,0.844096,0.343951,0.498303,0.623621,0.712174,0.264025,0.426295,0.552786,0.055859,0.018978,0.000000,0.249788,0.931601,0.757763,0.000000,0.091354,0.037595,0.415196,0.889573,0.000000,0.392352,0.683236,0.000000,0.000000,0.205403,0.000000,0.108598,0.000000,0.073777,0.220482,0.000000
uid197,0.000000,0.000000,0.000000,0.205403,0.368615,0.000000,0.249788,0.000000,0.142110,0.331260,0.000000,0.356401,0.000000,0.305136,0.535317,0.190031,0.478705,0.108598,0.000000,0.018978,0.392352,0.000000,0.000000,0.000000,0.000000,0.000000,0.264025,0.000000,0.000000,0.055859,0.000000,0.037595,0.000000,0.220482,0.000000,0.000000,0.000000,0.343951,0.000000,0.380597,0.000000,0.174363,0.544135,0.277992,0.000000,0.000000,0.000000,0.073777,0.000000,0.000000,0.235276,0.000000,0.000000,0.000000,0.000000,0.415196,0.000000
uid198,0.637771,0.912255,0.073777,0.000000,0.535317,0.356401,0.055859,0.000000,0.608918,0.000000,0.762360,0.318323,0.000000,0.868790,0.331260,0.766870,0.828422,0.000000,0.526327,0.722995,0.037595,0.190031,0.000000,0.000000,0.841081,0.000000,0.415196,0.277992,0.814755,0.426295,0.753077,0.437182,0.000000,0.249788,0.468621,0.018978,0.706606,0.728252,0.000000,0.142110,0.000000,0.125515,0.174363,0.264025,0.000000,0.000000,0.630764,0.235276,0.561273,0.000000,0.849958,0.000000,0.343951,0.700930,0.498303,0.544135,0.000000
uid199,0.803796,0.000000,0.831678,0.091354,0.677108,0.535317,0.108598,0.205403,0.000000,0.000000,0.190031,0.468621,0.000000,0.630764,0.517164,0.814755,0.000000,0.743431,0.125515,0.616340,0.220482,0.526327,0.811172,0.821720,0.000000,0.000000,0.037595,0.380597,0.000000,0.264025,0.331260,0.318323,0.055859,0.498303,0.277992,0.018978,0.000000,0.664495,0.174363,0.800000,0.368615,0.235276,0.706606,0.000000,0.073777,0.873723,0.771294,0.415196,0.403884,0.000000,0.305136,0.142110,0.488598,0.608918,0.000000,0.000000,0.000000
uid200,0.664495,0.000000,0.000000,0.000000,0.426295,0.125515,0.380597,0.593641,0.569599,0.000000,0.498303,0.073777,0.000000,0.331260,0.108598,0.000000,0.000000,0.190031,0.585780,0.403884,0.000000,0.142110,0.000000,0.000000,0.000000,0.000000,0.000000,0.018978,0.000000,0.000000,0.000000,0.158391,0.264025,0.055859,0.447863,0.305136,0.000000,0.392352,0.561273,0.000000,0.000000,0.368615,0.468621,0.000000,0.517164,0.000000,0.249788,0.644645,0.535317,0.000000,0.689247,0.000000,0.091354,0.277992,0.000000,0.000000,0.000000
uid201,0.000000,0.000000,0.000000,0.055859,0.000000,0.000000,0.426295,0.091354,0.318323,0.000000,0.415196,0.000000,0.000000,0.205403,0.174363,0.343951,0.000000,0.498303,0.264025,0.158391,0.000000,0.000000,0.000000,0.000000,0.608918,0.000000,0.478705,0.220482,0.000000,0.018978,0.190031,0.403884,0.000000,0.392352,0.073777,0.037595,0.000000,0.000000,0.000000,0.552786,0.000000,0.108598,0.235276,0.000000,0.000000,0.000000,0.623621,0.142110,0.000000,0.000000,0.468621,0.000000,0.125515,0.000000,0.517164,0.249788,0.000000
uid202,0.091354,0.000000,0.658005,0.190031,0.458341,0.478705,0.717636,0.000000,0.000000,0.000000,0.073777,0.507824,0.000000,0.158391,0.728252,0.235276,0.000000,0.000000,0.670862,0.630764,0.561273,0.000000,0.000000,0.000000,0.264025,0.000000,0.108598,0.447863,0.000000,0.000000,0.677108,0.037595,0.249788,0.331260,0.403884,0.018978,0.125515,0.608918,0.000000,0.000000,0.426295,0.055859,0.000000,0.700930,0.368615,0.000000,0.535317,0.498303,0.000000,0.000000,0.000000,0.000000,0.000000,0.585780,0.000000,0.000000,0.000000
uid203,0.838006,0.000000,0.658005,0.630764,0.000000,0.766870,0.000000,0.073777,0.000000,0.190031,0.000000,0.757763,0.091354,0.000000,0.235276,0.055859,0.535317,0.788167,0.305136,0.608918,0.220482,0.569599,0.000000,0.458341,0.403884,0.356401,0.291694,0.264025,0.000000,0.526327,0.437182,0.488598,0.249788,0.108598,0.368615,0.447863,0.415196,0.000000,0.000000,0.125515,0.000000,0.478705,0.706606,0.018978,0.037595,0.000000,0.380597,0.158391,0.000000,0.000000,0.142110,0.593641,0.318323,0.343951,0.000000,0.000000,0.000000
uid204,0.073777,0.664495,0.000000,0.593641,0.142110,0.000000,0.249788,0.535317,0.174363,0.000000,0.205403,0.305136,0.000000,0.517164,0.055859,0.000000,0.717636,0.220482,0.616340,0.037595,0.000000,0.000000,0.000000,0.000000,0.733409,0.000000,0.318323,0.277992,0.000000,0.158391,0.190031,0.091354,0.458341,0.108598,0.125515,0.392352,0.000000,0.343951,0.000000,0.644645,0.000000,0.552786,0.507824,0.577767,0.368615,0.380597,0.706606,0.544135,0.000000,0.775634,0.018978,0.000000,0.000000,0.403884,0.000000,0.569599,0.000000
uid205,0.000000,0.437182,0.000000,0.264025,0.190031,0.000000,0.517164,0.291694,0.561273,0.000000,0.507824,0.712174,0.000000,0.305136,0.415196,0.677108,0.000000,0.000000,0.158391,0.331260,0.000000,0.000000,0.000000,0.000000,0.000000,0.000000,0.468621,0.356401,0.000000,0.000000,0.403884,0.018978,0.757763,0.637771,0.073777,0.142110,0.000000,0.658005,0.000000,0.000000,0.000000,0.037595,0.055859,0.205403,0.000000,0.000000,0.000000,0.343951,0.000000,0.447863,0.000000,0.743431,0.125515,0.738468,0.091354,0.318323,0.000000
uid206,0.142110,0.000000,0.037595,0.305136,0.291694,0.000000,0.552786,0.535317,0.000000,0.000000,0.018978,0.403884,0.000000,0.498303,0.000000,0.695145,0.000000,0.318323,0.544135,0.000000,0.722995,0.000000,0.623621,0.706606,0.800000,0.000000,0.091354,0.569599,0.000000,0.700930,0.753077,0.331260,0.277992,0.055859,0.174363,0.125515,0.000000,0.811172,0.507824,0.601353,0.771294,0.844096,0.190031,0.158391,0.108598,0.658005,0.220482,0.235276,0.264025,0.000000,0.000000,0.000000,0.356401,0.415196,0.000000,0.651389,0.873723
uid207,0.142110,0.174363,0.000000,0.577767,0.356401,0.712174,0.000000,0.000000,0.392352,0.000000,0.249788,0.000000,0.000000,0.585780,0.000000,0.616340,0.220482,0.055859,0.108598,0.728252,0.000000,0.000000,0.000000,0.000000,0.593641,0.000000,0.205403,0.158391,0.000000,0.018978,0.000000,0.437182,0.623621,0.305136,0.695145,0.507824,0.552786,0.426295,0.683236,0.125515,0.000000,0.037595,0.000000,0.091354,0.235276,0.000000,0.343951,0.073777,0.000000,0.000000,0.722995,0.380597,0.000000,0.447863,0.000000,0.000000,0.000000
uid208,0.073777,0.447863,0.000000,0.220482,0.664495,0.000000,0.331260,0.616340,0.000000,0.000000,0.037595,0.000000,0.526327,0.174363,0.000000,0.235276,0.478705,0.368615,0.403884,0.000000,0.569599,0.000000,0.000000,0.000000,0.190031,0.000000,0.108598,0.426295,0.000000,0.343951,0.577767,0.018978,0.249788,0.498303,0.552786,0.091354,0.125515,0.000000,0.000000,0.415196,0.000000,0.055859,0.706606,0.392352,0.488598,0.000000,0.000000,0.380597,0.000000,0.637771,0.000000,0.000000,0.728252,0.000000,0.000000,0.000000,0.000000
uid209,0.437182,0.962234,0.415196,0.108598,0.331260,0.951553,0.277992,0.683236,0.743431,0.000000,0.700930,0.637771,0.000000,0.220482,0.000000,0.800000,0.965021,0.037595,0.125515,0.190031,0.863665,0.931601,0.689247,0.831678,0.818271,0.000000,0.426295,0.018978,0.000000,0.055859,0.876119,0.142110,0.235276,0.073777,0.343951,0.318323,0.000000,0.291694,0.738468,0.670862,0.788167,0.264025,0.356401,0.507824,0.091354,0.841081,0.535317,0.526327,0.544135,0.000000,0.000000,0.000000,0.249788,0.174363,0.000000,0.784069,0.921784
uid210,0.091354,0.712174,0.507824,0.878470,0.552786,0.849958,0.220482,0.637771,0.814755,0.616340,0.125515,0.807519,0.871280,0.291694,0.426295,0.526327,0.018978,0.000000,0.205403,0.743431,0.415196,0.000000,0.000000,0.000000,0.174363,0.000000,0.343951,0.235276,0.000000,0.733409,0.403884,0.277992,0.000000,0.447863,0.108598,0.498303,0.000000,0.037595,0.844096,0.190031,0.825103,0.264025,0.437182,0.468621,0.585780,0.000000,0.055859,0.893724,0.863665,0.000000,0.158391,0.800000,0.569599,0.796131,0.392352,0.664495,0.000000
uid211,0.644645,0.468621,0.415196,0.876119,0.277992,0.878470,0.125515,0.561273,0.055859,0.757763,0.264025,0.934172,0.000000,0.356401,0.305136,0.447863,0.623621,0.091354,0.792187,0.800000,0.343951,0.000000,0.000000,0.000000,0.683236,0.000000,0.498303,0.073777,0.834873,0.947694,0.000000,0.018978,0.368615,0.037595,0.190031,0.426295,0.000000,0.142110,0.000000,0.689247,0.861027,0.488598,0.331260,0.392352,0.733409,0.220482,0.630764,0.458341,0.000000,0.478705,0.658005,0.943527,0.608918,0.901565,0.291694,0.928929,0.000000
uid212,0.468621,0.585780,0.779892,0.788167,0.331260,0.807519,0.091354,0.073777,0.447863,0.748300,0.683236,0.125515,0.000000,0.544135,0.868790,0.000000,0.664495,0.000000,0.305136,0.855598,0.018978,0.000000,0.000000,0.000000,0.728252,0.000000,0.677108,0.403884,0.000000,0.174363,0.000000,0.142110,0.318323,0.037595,0.220482,0.277992,0.000000,0.507824,0.000000,0.437182,0.000000,0.235276,0.108598,0.717636,0.722995,0.000000,0.458341,0.055859,0.368615,0.000000,0.488598,0.000000,0.291694,0.000000,0.249788,0.356401,0.000000
uid213,0.249788,0.000000,0.174363,0.507824,0.000000,0.000000,0.738468,0.664495,0.593641,0.000000,0.670862,0.447863,0.000000,0.700930,0.000000,0.517164,0.000000,0.356401,0.577767,0.018978,0.601353,0.000000,0.000000,0.535317,0.000000,0.000000,0.190031,0.616340,0.000000,0.526327,0.651389,0.368615,0.426295,0.205403,0.055859,0.037595,0.000000,0.000000,0.717636,0.000000,0.000000,0.108598,0.125515,0.291694,0.264025,0.561273,0.331260,0.343951,0.142110,0.000000,0.000000,0.000000,0.073777,0.437182,0.000000,0.000000,0.000000
uid214,0.728252,0.964344,0.748300,0.142110,0.960000,0.803796,0.637771,0.158391,0.873723,0.000000,0.623621,0.855598,0.190031,0.037595,0.526327,0.125515,0.943527,0.000000,0.000000,0.544135,0.277992,0.000000,0.000000,0.000000,0.220482,0.000000,0.249788,0.205403,0.000000,0.861027,0.331260,0.392352,0.291694,0.055859,0.264025,0.073777,0.912255,0.091354,0.800000,0.437182,0.651389,0.000000,0.018978,0.447863,0.380597,0.957633,0.683236,0.305136,0.821720,0.000000,0.838006,0.762360,0.569599,0.415196,0.926153,0.608918,0.000000
uid215,0.331260,0.893724,0.249788,0.235276,0.018978,0.934172,0.762360,0.717636,0.838006,0.941321,0.766870,0.670862,0.000000,0.728252,0.948686,0.447863,0.883039,0.158391,0.403884,0.000000,0.000000,0.000000,0.712174,0.478705,0.800000,0.000000,0.264025,0.174363,0.000000,0.190031,0.967601,0.380597,0.517164,0.205403,0.055859,0.037595,0.000000,0.561273,0.831678,0.700930,0.771294,0.125515,0.108598,0.343951,0.220482,0.000000,0.544135,0.552786,0.498303,0.000000,0.142110,0.000000,0.073777,0.415196,0.000000,0.757763,0.000000
uid216,0.458341,0.838006,0.000000,0.190031,0.885259,0.356401,0.037595,0.343951,0.426295,0.000000,0.108598,0.722995,0.000000,0.517164,0.834873,0.125515,0.000000,0.670862,0.855598,0.630764,0.757763,0.000000,0.000000,0.000000,0.220482,0.000000,0.488598,0.277992,0.000000,0.623621,0.861027,0.264025,0.000000,0.018978,0.091354,0.447863,0.507824,0.788167,0.305136,0.000000,0.073777,0.291694,0.142110,0.717636,0.000000,0.000000,0.174363,0.158391,0.415196,0.831678,0.700930,0.000000,0.368615,0.762360,0.000000,0.055859,0.000000
uid217,0.743431,0.000000,0.264025,0.577767,0.108598,0.507824,0.055859,0.733409,0.000000,0.000000,0.762360,0.488598,0.000000,0.091354,0.517164,0.000000,0.695145,0.000000,0.601353,0.073777,0.305136,0.437182,0.738468,0.670862,0.000000,0.000000,0.664495,0.458341,0.000000,0.552786,0.630764,0.037595,0.000000,0.426295,0.220482,0.190031,0.000000,0.125515,0.000000,0.392352,0.000000,0.142110,0.205403,0.447863,0.000000,0.000000,0.000000,0.403884,0.000000,0.000000,0.569599,0.608918,0.018978,0.000000,0.000000,0.000000,0.000000
uid218,0.000000,0.000000,0.664495,0.220482,0.796131,0.125515,0.205403,0.437182,0.000000,0.142110,0.426295,0.757763,0.000000,0.000000,0.517164,0.000000,0.000000,0.000000,0.392352,0.000000,0.018978,0.190031,0.000000,0.000000,0.055859,0.593641,0.037595,0.544135,0.000000,0.478705,0.000000,0.235276,0.331260,0.277992,0.488598,0.305136,0.630764,0.000000,0.415196,0.695145,0.000000,0.468621,0.091354,0.291694,0.356401,0.000000,0.608918,0.733409,0.073777,0.000000,0.507824,0.380597,0.174363,0.158391,0.000000,0.108598,0.000000
uid219,0.291694,0.000000,0.000000,0.852805,0.796131,0.868790,0.544135,0.380597,0.507824,0.828422,0.426295,0.235276,0.000000,0.468621,0.733409,0.838006,0.934172,0.073777,0.018978,0.637771,0.000000,0.000000,0.403884,0.000000,0.091354,0.000000,0.753077,0.343951,0.000000,0.700930,0.000000,0.125515,0.220482,0.331260,0.458341,0.249788,0.913920,0.885259,0.498303,0.055859,0.585780,0.677108,0.000000,0.264025,0.447863,0.000000,0.205403,0.037595,0.478705,0.000000,0.738468,0.683236,0.158391,0.190031,0.000000,0.593641,0.000000
uid220,0.788167,0.000000,0.403884,0.158391,0.728252,0.569599,0.426295,0.885259,0.910557,0.000000,0.934172,0.561273,0.871280,0.706606,0.601353,0.000000,0.305136,0.651389,0.091354,0.108598,0.380597,0.000000,0.000000,0.235276,0.861027,0.000000,0.291694,0.544135,0.000000,0.018978,0.190031,0.264025,0.331260,0.498303,0.125515,0.220482,0.000000,0.695145,0.960759,0.277992,0.000000,0.205403,0.468621,0.535317,0.616340,0.000000,0.814755,0.356401,0.957633,0.000000,0.055859,0.073777,0.585780,0.683236,0.000000,0.913920,0.821720
uid221,0.784069,0.000000,0.712174,0.291694,0.073777,0.577767,0.108598,0.277992,0.392352,0.000000,0.498303,0.055859,0.630764,0.158391,0.775634,0.018978,0.000000,0.000000,0.722995,0.318323,0.677108,0.000000,0.000000,0.000000,0.644645,0.000000,0.000000,0.526327,0.792187,0.468621,0.670862,0.091354,0.458341,0.220482,0.593641,0.174363,0.000000,0.037595,0.552786,0.000000,0.488598,0.190031,0.125515,0.356401,0.000000,0.000000,0.000000,0.689247,0.608918,0.000000,0.814755,0.403884,0.561273,0.415196,0.000000,0.000000,0.000000
uid222,0.205403,0.000000,0.000000,0.000000,0.142110,0.000000,0.091354,0.000000,0.000000,0.000000,0.000000,0.000000,0.000000,0.000000,0.000000,0.000000,0.000000,0.000000,0.000000,0.000000,0.000000,0.000000,0.000000,0.000000,0.000000,0.000000,0.000000,0.249788,0.000000,0.000000,0.000000,0.318323,0.277992,0.174363,0.073777,0.158391,0.000000,0.305136,0.000000,0.000000,0.000000,0.343951,0.108598,0.000000,0.000000,0.000000,0.000000,0.000000,0.037595,0.000000,0.000000,0.000000,0.018978,0.235276,0.000000,0.000000,0.055859
uid223,0.544135,0.000000,0.000000,0.000000,0.125515,0.447863,0.142110,0.331260,0.601353,0.000000,0.356401,0.670862,0.807519,0.264025,0.779892,0.305136,0.000000,0.000000,0.000000,0.664495,0.834873,0.000000,0.000000,0.000000,0.818271,0.000000,0.814755,0.392352,0.000000,0.743431,0.838006,0.055859,0.426295,0.220482,0.478705,0.037595,0.883039,0.018978,0.403884,0.651389,0.343951,0.235276,0.174363,0.108598,0.073777,0.000000,0.577767,0.091354,0.498303,0.000000,0.000000,0.608918,0.437182,0.630764,0.000000,0.858339,0.000000
uid224,0.447863,0.000000,0.000000,0.108598,0.264025,0.000000,0.488598,0.458341,0.664495,0.000000,0.535317,0.380597,0.000000,0.637771,0.000000,0.544135,0.000000,0.037595,0.125515,0.190031,0.000000,0.803796,0.468621,0.000000,0.593641,0.000000,0.792187,0.018978,0.000000,0.091354,0.000000,0.142110,0.220482,0.055859,0.526327,0.392352,0.000000,0.738468,0.658005,0.437182,0.517164,0.722995,0.569599,0.689247,0.073777,0.000000,0.343951,0.552786,0.235276,0.000000,0.000000,0.000000,0.318323,0.174363,0.000000,0.507824,0.775634
uid225,0.318323,0.000000,0.000000,0.577767,0.037595,0.658005,0.264025,0.000000,0.380597,0.000000,0.235276,0.000000,0.000000,0.091354,0.000000,0.616340,0.000000,0.174363,0.142110,0.677108,0.000000,0.125515,0.000000,0.000000,0.220482,0.000000,0.073777,0.055859,0.000000,0.000000,0.000000,0.437182,0.108598,0.305136,0.651389,0.507824,0.544135,0.415196,0.000000,0.205403,0.000000,0.498303,0.158391,0.000000,0.392352,0.000000,0.331260,0.190031,0.000000,0.000000,0.670862,0.356401,0.000000,0.426295,0.000000,0.000000,0.018978
uid226,0.037595,0.000000,0.507824,0.426295,0.000000,0.637771,0.468621,0.000000,0.125515,0.000000,0.517164,0.000000,0.000000,0.000000,0.608918,0.415196,0.000000,0.343951,0.544135,0.249788,0.108598,0.000000,0.000000,0.000000,0.000000,0.000000,0.264025,0.498303,0.630764,0.291694,0.526327,0.380597,0.018978,0.091354,0.220482,0.000000,0.158391,0.235276,0.000000,0.000000,0.000000,0.392352,0.000000,0.458341,0.000000,0.000000,0.055859,0.368615,0.000000,0.000000,0.447863,0.000000,0.000000,0.142110,0.000000,0.000000,0.000000
uid227,0.277992,0.000000,0.517164,0.569599,0.775634,0.000000,0.205403,0.392352,0.018978,0.000000,0.468621,0.158391,0.000000,0.125515,0.000000,0.728252,0.000000,0.415196,0.000000,0.055859,0.000000,0.000000,0.426295,0.000000,0.712174,0.000000,0.664495,0.264025,0.000000,0.249788,0.000000,0.356401,0.037595,0.220482,0.000000,0.437182,0.644645,0.561273,0.000000,0.291694,0.000000,0.000000,0.000000,0.073777,0.616340,0.000000,0.403884,0.593641,0.000000,0.000000,0.000000,0.091354,0.343951,0.108598,0.000000,0.000000,0.000000
uid228,0.706606,0.000000,0.811172,0.220482,0.018978,0.517164,0.037595,0.249788,0.569599,0.000000,0.437182,0.585780,0.000000,0.108598,0.825103,0.205403,0.000000,0.380597,0.356401,0.593641,0.000000,0.343951,0.000000,0.000000,0.415196,0.000000,0.305136,0.291694,0.000000,0.695145,0.000000,0.000000,0.318323,0.142110,0.544135,0.158391,0.901565,0.174363,0.507824,0.392352,0.426295,0.125515,0.073777,0.264025,0.700930,0.000000,0.738468,0.403884,0.561273,0.000000,0.000000,0.651389,0.526327,0.623621,0.000000,0.868790,0.235276
uid229,0.569599,0.000000,0.000000,0.305136,0.000000,0.000000,0.037595,0.426295,0.018978,0.000000,0.577767,0.055859,0.249788,0.091354,0.000000,0.664495,0.000000,0.000000,0.000000,0.000000,0.343951,0.000000,0.000000,0.000000,0.291694,0.000000,0.318323,0.264025,0.000000,0.190031,0.368615,0.468621,0.235276,0.277992,0.356401,0.561273,0.601353,0.000000,0.000000,0.722995,0.000000,0.142110,0.000000,0.073777,0.000000,0.000000,0.000000,0.392352,0.000000,0.437182,0.000000,0.125515,0.507824,0.158391,0.000000,0.712174,0.000000
uid230,0.000000,0.000000,0.249788,0.577767,0.000000,0.488598,0.277992,0.000000,0.000000,0.000000,0.000000,0.468621,0.000000,0.000000,0.498303,0.000000,0.190031,0.544135,0.585780,0.616340,0.264025,0.392352,0.000000,0.018978,0.000000,0.000000,0.125515,0.437182,0.000000,0.158391,0.000000,0.091354,0.174363,0.403884,0.000000,0.055859,0.000000,0.000000,0.000000,0.108598,0.000000,0.073777,0.356401,0.426295,0.561273,0.000000,0.000000,0.205403,0.000000,0.000000,0.526327,0.000000,0.478705,0.608918,0.000000,0.000000,0.000000
uid231,0.108598,0.000000,0.000000,0.403884,0.392352,0.000000,0.535317,0.517164,0.507824,0.000000,0.415196,0.331260,0.000000,0.468621,0.000000,0.664495,0.000000,0.220482,0.526327,0.000000,0.738468,0.885259,0.608918,0.788167,0.700930,0.000000,0.055859,0.552786,0.000000,0.779892,0.771294,0.235276,0.291694,0.018978,0.125515,0.073777,0.000000,0.800000,0.498303,0.585780,0.644645,0.841081,0.158391,0.142110,0.091354,0.706606,0.205403,0.190031,0.368615,0.000000,0.000000,0.000000,0.277992,0.318323,0.000000,0.637771,0.868790
uid232,0.174363,0.766870,0.091354,0.073777,0.055859,0.000000,0.507824,0.343951,0.670862,0.000000,0.535317,0.468621,0.788167,0.644645,0.889573,0.552786,0.771294,0.380597,0.683236,0.844096,0.818271,0.000000,0.356401,0.000000,0.593641,0.000000,0.142110,0.291694,0.000000,0.712174,0.811172,0.392352,0.018978,0.000000,0.249788,0.190031,0.000000,0.885259,0.664495,0.305136,0.526327,0.706606,0.205403,0.220482,0.158391,0.000000,0.277992,0.235276,0.037595,0.918728,0.945650,0.863665,0.447863,0.458341,0.000000,0.517164,0.000000
uid233,0.507824,0.923268,0.468621,0.220482,0.753077,0.828422,0.264025,0.190031,0.792187,0.937849,0.158391,0.689247,0.000000,0.868790,0.623621,0.000000,0.866252,0.762360,0.249788,0.658005,0.174363,0.392352,0.000000,0.000000,0.447863,0.000000,0.018978,0.331260,0.000000,0.125515,0.771294,0.585780,0.073777,0.488598,0.291694,0.055859,0.380597,0.415196,0.205403,0.000000,0.000000,0.142110,0.535317,0.037595,0.000000,0.825103,0.437182,0.403884,0.000000,0.942435,0.277992,0.091354,0.601353,0.677108,0.712174,0.899661,0.000000
uid234,0.458341,0.927554,0.392352,0.305136,0.593641,0.957633,0.569599,0.677108,0.800000,0.000000,0.717636,0.885259,0.000000,0.535317,0.000000,0.728252,0.205403,0.249788,0.331260,0.380597,0.838006,0.942435,0.683236,0.055859,0.753077,0.000000,0.142110,0.000000,0.000000,0.174363,0.018978,0.108598,0.190031,0.277992,0.468621,0.037595,0.000000,0.577767,0.796131,0.125515,0.712174,0.091354,0.488598,0.478705,0.291694,0.821720,0.517164,0.220482,0.788167,0.000000,0.235276,0.000000,0.552786,0.368615,0.000000,0.706606,0.934172
uid235,0.142110,0.174363,0.000000,0.305136,0.670862,0.000000,0.000000,0.415196,0.437182,0.000000,0.488598,0.000000,0.277992,0.426295,0.000000,0.593641,0.220482,0.055859,0.108598,0.000000,0.392352,0.000000,0.000000,0.000000,0.343951,0.000000,0.205403,0.158391,0.000000,0.018978,0.403884,0.447863,0.356401,0.249788,0.318323,0.478705,0.498303,0.000000,0.000000,0.125515,0.000000,0.037595,0.706606,0.073777,0.235276,0.000000,0.000000,0.091354,0.000000,0.637771,0.000000,0.000000,0.728252,0.000000,0.000000,0.000000,0.000000
uid236,0.055859,0.000000,0.125515,0.368615,0.235276,0.849958,0.108598,0.380597,0.392352,0.000000,0.000000,0.415196,0.000000,0.291694,0.743431,0.356401,0.544135,0.000000,0.000000,0.403884,0.561273,0.000000,0.000000,0.000000,0.825103,0.000000,0.569599,0.018978,0.000000,0.535317,0.000000,0.091354,0.073777,0.277992,0.552786,0.037595,0.677108,0.331260,0.000000,0.779892,0.828422,0.264025,0.205403,0.447863,0.811172,0.000000,0.630764,0.844096,0.000000,0.000000,0.000000,0.158391,0.771294,0.478705,0.000000,0.792187,0.000000
uid237,0.264025,0.526327,0.037595,0.912255,0.577767,0.908827,0.158391,0.651389,0.392352,0.000000,0.055859,0.000000,0.000000,0.706606,0.220482,0.142110,0.876119,0.000000,0.091354,0.125515,0.291694,0.000000,0.000000,0.000000,0.000000,0.000000,0.368615,0.018978,0.205403,0.498303,0.073777,0.249788,0.190031,0.000000,0.658005,0.738468,0.000000,0.866252,0.000000,0.468621,0.000000,0.331260,0.535317,0.277992,0.000000,0.000000,0.844096,0.561273,0.811172,0.356401,0.863665,0.000000,0.403884,0.415196,0.689247,0.803796,0.000000
uid238,0.637771,0.000000,0.000000,0.447863,0.073777,0.468621,0.608918,0.000000,0.507824,0.142110,0.000000,0.264025,0.000000,0.018978,0.000000,0.220482,0.174363,0.158391,0.000000,0.517164,0.190031,0.000000,0.000000,0.000000,0.356401,0.000000,0.235276,0.426295,0.000000,0.498303,0.000000,0.000000,0.305136,0.055859,0.205403,0.331260,0.677108,0.249788,0.000000,0.108598,0.392352,0.561273,0.000000,0.125515,0.343951,0.000000,0.664495,0.458341,0.000000,0.000000,0.616340,0.000000,0.000000,0.000000,0.000000,0.037595,0.000000
uid239,0.722995,0.733409,0.000000,0.552786,0.277992,0.644645,0.447863,0.220482,0.055859,0.000000,0.569599,0.000000,0.000000,0.331260,0.000000,0.544135,0.738468,0.392352,0.037595,0.000000,0.091354,0.343951,0.000000,0.000000,0.403884,0.000000,0.305136,0.125515,0.000000,0.683236,0.235276,0.142110,0.318323,0.018978,0.658005,0.526327,0.000000,0.507824,0.623621,0.415196,0.585780,0.468621,0.356401,0.158391,0.108598,0.000000,0.000000,0.174363,0.670862,0.000000,0.000000,0.000000,0.637771,0.000000,0.000000,0.000000,0.249788
uid240,0.037595,0.863665,0.637771,0.821720,0.343951,0.000000,0.700930,0.825103,0.125515,0.380597,0.601353,0.000000,0.000000,0.277992,0.526327,0.447863,0.403884,0.392352,0.658005,0.249788,0.108598,0.000000,0.000000,0.000000,0.000000,0.000000,0.264025,0.623621,0.728252,0.593641,0.651389,0.291694,0.018978,0.073777,0.220482,0.585780,0.158391,0.235276,0.000000,0.356401,0.000000,0.849958,0.847055,0.368615,0.608918,0.792187,0.055859,0.841081,0.000000,0.868790,0.535317,0.000000,0.507824,0.142110,0.000000,0.318323,0.000000
uid241,0.220482,0.000000,0.569599,0.526327,0.000000,0.000000,0.264025,0.318323,0.000000,0.403884,0.073777,0.174363,0.331260,0.000000,0.000000,0.291694,0.000000,0.000000,0.108598,0.488598,0.426295,0.458341,0.000000,0.748300,0.000000,0.000000,0.766870,0.037595,0.000000,0.437182,0.664495,0.670862,0.544135,0.055859,0.091354,0.552786,0.000000,0.000000,0.000000,0.356401,0.689247,0.601353,0.623621,0.235276,0.305136,0.000000,0.000000,0.380597,0.712174,0.000000,0.190031,0.142110,0.205403,0.000000,0.000000,0.000000,0.000000
uid242,0.403884,0.000000,0.000000,0.235276,0.073777,0.608918,0.037595,0.220482,0.478705,0.000000,0.368615,0.000000,0.670862,0.125515,0.762360,0.205403,0.000000,0.936647,0.000000,0.775634,0.717636,0.000000,0.000000,0.000000,0.695145,0.000000,0.689247,0.343951,0.000000,0.930278,0.712174,0.000000,0.593641,0.091354,0.644645,0.174363,0.844096,0.142110,0.623621,0.535317,0.552786,0.018978,0.108598,0.305136,0.291694,0.000000,0.447863,0.318323,0.658005,0.912255,0.945650,0.437182,0.637771,0.498303,0.000000,0.814755,0.000000
uid243,0.291694,0.871280,0.343951,0.091354,0.818271,0.000000,0.331260,0.235276,0.415196,0.000000,0.249788,0.392352,0.000000,0.220482,0.630764,0.569599,0.000000,0.771294,0.552786,0.498303,0.158391,0.000000,0.000000,0.000000,0.055859,0.000000,0.073777,0.037595,0.651389,0.728252,0.142110,0.318323,0.174363,0.018978,0.108598,0.277992,0.437182,0.488598,0.000000,0.000000,0.000000,0.125515,0.858339,0.585780,0.733409,0.803796,0.468621,0.190031,0.000000,0.873723,0.689247,0.368615,0.670862,0.426295,0.000000,0.847055,0.000000
uid244,0.762360,0.748300,0.831678,0.108598,0.437182,0.712174,0.561273,0.392352,0.235276,0.000000,0.664495,0.000000,0.000000,0.478705,0.000000,0.637771,0.800000,0.018978,0.125515,0.190031,0.220482,0.468621,0.000000,0.000000,0.535317,0.000000,0.447863,0.055859,0.000000,0.091354,0.380597,0.142110,0.458341,0.037595,0.722995,0.616340,0.000000,0.623621,0.700930,0.517164,0.658005,0.585780,0.488598,0.343951,0.073777,0.205403,0.000000,0.291694,0.738468,0.844096,0.000000,0.841081,0.717636,0.174363,0.000000,0.000000,0.403884
uid245,0.000000,0.000000,0.000000,0.318323,0.593641,0.000000,0.055859,0.426295,0.000000,0.608918,0.000000,0.018978,0.277992,0.073777,0.000000,0.651389,0.623621,0.616340,0.000000,0.037595,0.368615,0.000000,0.000000,0.000000,0.305136,0.000000,0.291694,0.264025,0.000000,0.235276,0.356401,0.468621,0.205403,0.249788,0.331260,0.000000,0.000000,0.658005,0.000000,0.585780,0.000000,0.158391,0.000000,0.091354,0.000000,0.000000,0.000000,0.392352,0.000000,0.437182,0.000000,0.174363,0.517164,0.142110,0.000000,0.577767,0.000000
uid246,0.220482,0.000000,0.125515,0.478705,0.091354,0.000000,0.498303,0.331260,0.601353,0.000000,0.526327,0.426295,0.000000,0.569599,0.000000,0.677108,0.811172,0.356401,0.517164,0.000000,0.717636,0.000000,0.644645,0.766870,0.695145,0.000000,0.142110,0.018978,0.000000,0.762360,0.706606,0.368615,0.055859,0.000000,0.235276,0.190031,0.000000,0.000000,0.593641,0.318323,0.670862,0.828422,0.264025,0.249788,0.205403,0.738468,0.305136,0.108598,0.468621,0.000000,0.818271,0.000000,0.343951,0.437182,0.858339,0.658005,0.000000
uid247,0.108598,0.000000,0.000000,0.800000,0.000000,0.305136,0.753077,0.738468,0.733409,0.000000,0.683236,0.277992,0.000000,0.712174,0.318323,0.885259,0.844096,0.447863,0.623621,0.403884,0.616340,0.331260,0.000000,0.814755,0.670862,0.637771,0.018978,0.220482,0.000000,0.762360,0.807519,0.478705,0.380597,0.037595,0.125515,0.091354,0.677108,0.356401,0.728252,0.828422,0.000000,0.821720,0.158391,0.142110,0.073777,0.392352,0.190031,0.205403,0.458341,0.426295,0.368615,0.784069,0.291694,0.535317,0.000000,0.000000,0.000000
uid248,0.190031,0.174363,0.356401,0.608918,0.733409,0.689247,0.125515,0.852805,0.458341,0.000000,0.264025,0.478705,0.828422,0.535317,0.637771,0.000000,0.235276,0.073777,0.000000,0.403884,0.706606,0.000000,0.000000,0.000000,0.717636,0.000000,0.142110,0.158391,0.000000,0.037595,0.818271,0.331260,0.368615,0.677108,0.722995,0.305136,0.000000,0.569599,0.944599,0.108598,0.748300,0.055859,0.644645,0.091354,0.220482,0.000000,0.889573,0.018978,0.000000,0.738468,0.855598,0.318323,0.593641,0.507824,0.000000,0.658005,0.000000
uid249,0.331260,0.825103,0.814755,0.073777,0.796131,0.426295,0.108598,0.220482,0.849958,0.403884,0.158391,0.956814,0.000000,0.855598,0.517164,0.644645,0.930278,0.717636,0.142110,0.677108,0.205403,0.447863,0.807519,0.917156,0.356401,0.601353,0.037595,0.552786,0.000000,0.277992,0.651389,0.488598,0.055859,0.498303,0.264025,0.000000,0.630764,0.880777,0.174363,0.712174,0.762360,0.235276,0.392352,0.018978,0.091354,0.000000,0.608918,0.784069,0.368615,0.000000,0.305136,0.125515,0.415196,0.437182,0.000000,0.380597,0.000000
uid250,0.488598,0.000000,0.637771,0.125515,0.055859,0.142110,0.368615,0.000000,0.220482,0.000000,0.517164,0.695145,0.000000,0.593641,0.569599,0.305136,0.437182,0.235276,0.403884,0.174363,0.601353,0.000000,0.000000,0.000000,0.000000,0.000000,0.380597,0.073777,0.000000,0.190031,0.585780,0.277992,0.447863,0.343951,0.158391,0.644645,0.000000,0.468621,0.000000,0.544135,0.018978,0.291694,0.577767,0.392352,0.000000,0.000000,0.458341,0.108598,0.000000,0.000000,0.356401,0.000000,0.000000,0.000000,0.561273,0.000000,0.000000
uid251,0.000000,0.000000,0.000000,0.091354,0.142110,0.415196,0.055859,0.235276,0.000000,0.000000,0.368615,0.000000,0.000000,0.331260,0.000000,0.318323,0.000000,0.000000,0.000000,0.000000,0.000000,0.000000,0.000000,0.000000,0.000000,0.000000,0.000000,0.343951,0.000000,0.000000,0.000000,0.000000,0.468621,0.249788,0.447863,0.158391,0.000000,0.174363,0.437182,0.593641,0.478705,0.277992,0.108598,0.037595,0.125515,0.000000,0.616340,0.190031,0.498303,0.000000,0.000000,0.517164,0.458341,0.544135,0.000000,0.000000,0.000000
uid252,0.695145,0.700930,0.766870,0.507824,0.205403,0.585780,0.142110,0.073777,0.091354,0.000000,0.526327,0.788167,0.000000,0.018978,0.000000,0.447863,0.712174,0.318323,0.125515,0.796131,0.000000,0.249788,0.000000,0.000000,0.356401,0.000000,0.235276,0.158391,0.000000,0.658005,0.000000,0.368615,0.277992,0.426295,0.616340,0.468621,0.000000,0.488598,0.055859,0.343951,0.535317,0.437182,0.305136,0.108598,0.706606,0.000000,0.000000,0.331260,0.000000,0.000000,0.000000,0.779892,0.593641,0.807519,0.000000,0.000000,0.174363
uid253,0.091354,0.866252,0.000000,0.608918,0.142110,0.616340,0.037595,0.905265,0.205403,0.000000,0.000000,0.356401,0.000000,0.380597,0.000000,0.722995,0.000000,0.000000,0.930278,0.331260,0.753077,0.000000,0.000000,0.000000,0.552786,0.000000,0.670862,0.055859,0.000000,0.478705,0.000000,0.277992,0.458341,0.108598,0.544135,0.535317,0.664495,0.220482,0.000000,0.291694,0.569599,0.437182,0.876119,0.018978,0.190031,0.000000,0.125515,0.601353,0.000000,0.748300,0.000000,0.158391,0.784069,0.249788,0.924724,0.000000,0.000000
uid254,0.235276,0.000000,0.000000,0.055859,0.000000,0.000000,0.507824,0.220482,0.488598,0.000000,0.380597,0.368615,0.000000,0.437182,0.569599,0.577767,0.000000,0.305136,0.498303,0.000000,0.000000,0.000000,0.249788,0.544135,0.000000,0.000000,0.561273,0.174363,0.000000,0.552786,0.000000,0.037595,0.331260,0.158391,0.000000,0.125515,0.000000,0.073777,0.468621,0.205403,0.000000,0.000000,0.000000,0.108598,0.142110,0.000000,0.343951,0.091354,0.018978,0.000000,0.000000,0.000000,0.291694,0.356401,0.000000,0.000000,0.000000
uid255,0.125515,0.000000,0.018978,0.415196,0.403884,0.000000,0.689247,0.593641,0.535317,0.000000,0.616340,0.343951,0.000000,0.644645,0.000000,0.426295,0.000000,0.235276,0.526327,0.000000,0.517164,0.000000,0.000000,0.478705,0.000000,0.000000,0.073777,0.569599,0.000000,0.437182,0.601353,0.249788,0.305136,0.037595,0.142110,0.108598,0.000000,0.000000,0.664495,0.000000,0.000000,0.000000,0.190031,0.174363,0.091354,0.447863,0.220482,0.205403,0.392352,0.000000,0.000000,0.000000,0.291694,0.331260,0.000000,0.000000,0.000000
uid256,0.091354,0.880777,0.125515,0.577767,0.895741,0.838006,0.569599,0.108598,0.535317,0.000000,0.447863,0.415196,0.000000,0.488598,0.000000,0.712174,0.677108,0.318323,0.561273,0.000000,0.962234,0.905265,0.055859,0.616340,0.803796,0.000000,0.174363,0.000000,0.000000,0.651389,0.593641,0.331260,0.380597,0.037595,0.235276,0.190031,0.000000,0.683236,0.517164,0.073777,0.762360,0.608918,0.249788,0.277992,0.220482,0.958437,0.305136,0.291694,0.507824,0.000000,0.000000,0.926153,0.368615,0.403884,0.000000,0.766870,0.891668
uid257,0.055859,0.000000,0.844096,0.331260,0.037595,0.883039,0.000000,0.000000,0.073777,0.927554,0.174363,0.788167,0.000000,0.447863,0.670862,0.478705,0.940186,0.766870,0.818271,0.637771,0.932899,0.000000,0.000000,0.000000,0.498303,0.000000,0.403884,0.108598,0.861027,0.415196,0.821720,0.091354,0.593641,0.125515,0.437182,0.380597,0.569599,0.190031,0.000000,0.277992,0.871280,0.577767,0.897720,0.249788,0.142110,0.000000,0.018978,0.392352,0.000000,0.000000,0.689247,0.235276,0.616340,0.220482,0.000000,0.921784,0.000000
uid258,0.073777,0.000000,0.800000,0.331260,0.437182,0.623621,0.447863,0.305136,0.142110,0.000000,0.552786,0.814755,0.873723,0.468621,0.912255,0.018978,0.000000,0.000000,0.125515,0.831678,0.190031,0.000000,0.000000,0.037595,0.871280,0.000000,0.876119,0.205403,0.000000,0.000000,0.291694,0.220482,0.608918,0.108598,0.644645,0.356401,0.937849,0.318323,0.601353,0.757763,0.561273,0.426295,0.415196,0.235276,0.174363,0.091354,0.706606,0.249788,0.658005,0.965021,0.000000,0.722995,0.055859,0.753077,0.000000,0.926153,0.000000
uid259,0.331260,0.889573,0.000000,0.037595,0.561273,0.000000,0.125515,0.000000,0.190031,0.577767,0.437182,0.343951,0.000000,0.507824,0.356401,0.235276,0.535317,0.264025,0.905265,0.158391,0.517164,0.000000,0.000000,0.000000,0.863665,0.000000,0.055859,0.775634,0.743431,0.249788,0.748300,0.091354,0.468621,0.108598,0.000000,0.403884,0.689247,0.608918,0.000000,0.569599,0.000000,0.205403,0.899661,0.073777,0.447863,0.803796,0.651389,0.142110,0.000000,0.000000,0.174363,0.000000,0.305136,0.426295,0.000000,0.478705,0.000000
uid260,0.658005,0.670862,0.000000,0.608918,0.689247,0.000000,0.277992,0.249788,0.235276,0.000000,0.091354,0.331260,0.000000,0.174363,0.000000,0.577767,0.000000,0.000000,0.264025,0.000000,0.426295,0.000000,0.000000,0.644645,0.623621,0.000000,0.700930,0.305136,0.000000,0.637771,0.488598,0.000000,0.055859,0.368615,0.142110,0.343951,0.000000,0.000000,0.220482,0.000000,0.544135,0.677108,0.585780,0.291694,0.158391,0.356401,0.073777,0.478705,0.190031,0.664495,0.000000,0.000000,0.037595,0.318323,0.000000,0.552786,0.000000
uid261,0.142110,0.000000,0.000000,0.091354,0.073777,0.000000,0.000000,0.174363,0.000000,0.000000,0.000000,0.000000,0.000000,0.000000,0.000000,0.000000,0.000000,0.000000,0.000000,0.000000,0.000000,0.018978,0.158391,0.000000,0.264025,0.000000,0.000000,0.000000,0.000000,0.000000,0.277992,0.000000,0.055859,0.000000,0.000000,0.000000,0.000000,0.000000,0.000000,0.125515,0.000000,0.000000,0.190031,0.000000,0.000000,0.000000,0.220482,0.205403,0.037595,0.000000,0.000000,0.000000,0.000000,0.000000,0.000000,0.000000,0.000000
uid262,0.000000,0.000000,0.000000,0.190031,0.000000,0.000000,0.073777,0.478705,0.468621,0.000000,0.037595,0.331260,0.000000,0.426295,0.000000,0.108598,0.000000,0.235276,0.488598,0.000000,0.577767,0.000000,0.000000,0.000000,0.220482,0.000000,0.000000,0.517164,0.000000,0.000000,0.637771,0.249788,0.000000,0.055859,0.174363,0.356401,0.000000,0.000000,0.458341,0.000000,0.091354,0.000000,0.142110,0.507824,0.403884,0.535317,0.158391,0.125515,0.437182,0.000000,0.000000,0.000000,0.291694,0.343951,0.000000,0.018978,0.000000
uid263,0.108598,0.000000,0.000000,0.392352,0.000000,0.220482,0.000000,0.000000,0.000000,0.000000,0.000000,0.235276,0.000000,0.000000,0.305136,0.000000,0.000000,0.000000,0.000000,0.000000,0.000000,0.343951,0.000000,0.000000,0.000000,0.000000,0.055859,0.291694,0.000000,0.000000,0.000000,0.000000,0.000000,0.018978,0.125515,0.073777,0.000000,0.000000,0.000000,0.000000,0.000000,0.000000,0.158391,0.142110,0.091354,0.000000,0.174363,0.190031,0.000000,0.000000,0.356401,0.000000,0.264025,0.000000,0.000000,0.000000,0.000000
uid264,0.458341,0.000000,0.000000,0.220482,0.037595,0.670862,0.174363,0.055859,0.498303,0.000000,0.426295,0.000000,0.000000,0.249788,0.000000,0.125515,0.000000,0.318323,0.392352,0.000000,0.000000,0.415196,0.000000,0.000000,0.343951,0.000000,0.000000,0.018978,0.000000,0.000000,0.000000,0.073777,0.305136,0.108598,0.658005,0.190031,0.000000,0.205403,0.683236,0.356401,0.700930,0.277992,0.091354,0.380597,0.552786,0.000000,0.478705,0.403884,0.623621,0.000000,0.000000,0.507824,0.630764,0.577767,0.000000,0.000000,0.158391
uid265,0.000000,0.000000,0.000000,0.158391,0.000000,0.000000,0.356401,0.403884,0.000000,0.478705,0.000000,0.000000,0.415196,0.000000,0.000000,0.380597,0.000000,0.205403,0.091354,0.142110,0.488598,0.037595,0.000000,0.000000,0.000000,0.000000,0.000000,0.220482,0.000000,0.000000,0.000000,0.305136,0.000000,0.235276,0.108598,0.000000,0.000000,0.000000,0.000000,0.437182,0.000000,0.000000,0.000000,0.368615,0.249788,0.000000,0.000000,0.447863,0.000000,0.000000,0.055859,0.073777,0.000000,0.331260,0.000000,0.000000,0.000000
uid266,0.561273,0.000000,0.000000,0.000000,0.174363,0.468621,0.142110,0.331260,0.601353,0.000000,0.343951,0.683236,0.000000,0.235276,0.000000,0.305136,0.000000,0.000000,0.000000,0.664495,0.000000,0.000000,0.000000,0.000000,0.000000,0.000000,0.000000,0.392352,0.000000,0.738468,0.000000,0.037595,0.415196,0.220482,0.478705,0.055859,0.000000,0.018978,0.426295,0.644645,0.356401,0.205403,0.158391,0.108598,0.073777,0.000000,0.569599,0.091354,0.498303,0.000000,0.000000,0.585780,0.458341,0.630764,0.000000,0.000000,0.000000
uid267,0.108598,0.733409,0.000000,0.651389,0.437182,0.788167,0.561273,0.368615,0.277992,0.000000,0.748300,0.814755,0.000000,0.488598,0.942435,0.644645,0.722995,0.517164,0.249788,0.821720,0.291694,0.478705,0.000000,0.000000,0.544135,0.000000,0.018978,0.318323,0.945650,0.677108,0.392352,0.305136,0.468621,0.037595,0.091354,0.073777,0.913920,0.630764,0.779892,0.535317,0.753077,0.608918,0.142110,0.158391,0.125515,0.220482,0.205403,0.190031,0.803796,0.000000,0.000000,0.838006,0.792187,0.844096,0.000000,0.000000,0.415196
uid268,0.468621,0.000000,0.403884,0.249788,0.055859,0.000000,0.728252,0.637771,0.722995,0.000000,0.658005,0.585780,0.000000,0.683236,0.000000,0.766870,0.000000,0.174363,0.264025,0.000000,0.844096,0.923268,0.651389,0.807519,0.788167,0.000000,0.392352,0.190031,0.000000,0.235276,0.863665,0.277992,0.356401,0.220482,0.091354,0.037595,0.000000,0.018978,0.695145,0.644645,0.775634,0.142110,0.108598,0.437182,0.205403,0.821720,0.517164,0.498303,0.368615,0.000000,0.158391,0.000000,0.073777,0.305136,0.000000,0.753077,0.915553
uid269,0.507824,0.811172,0.000000,0.235276,0.585780,0.722995,0.037595,0.478705,0.392352,0.000000,0.073777,0.000000,0.000000,0.569599,0.000000,0.125515,0.847055,0.788167,0.356401,0.858339,0.437182,0.757763,0.000000,0.517164,0.158391,0.000000,0.738468,0.426295,0.000000,0.526327,0.488598,0.220482,0.055859,0.018978,0.108598,0.291694,0.000000,0.264025,0.733409,0.796131,0.091354,0.601353,0.190031,0.174363,0.318323,0.331260,0.142110,0.205403,0.748300,0.000000,0.000000,0.000000,0.535317,0.000000,0.000000,0.000000,0.784069
uid270,0.220482,0.000000,0.000000,0.458341,0.000000,0.037595,0.468621,0.535317,0.018978,0.000000,0.507824,0.000000,0.000000,0.000000,0.000000,0.000000,0.000000,0.000000,0.488598,0.108598,0.544135,0.125515,0.000000,0.000000,0.000000,0.000000,0.426295,0.190031,0.000000,0.561273,0.000000,0.291694,0.249788,0.000000,0.091354,0.415196,0.000000,0.305136,0.517164,0.174363,0.000000,0.526327,0.055859,0.142110,0.447863,0.000000,0.331260,0.205403,0.380597,0.356401,0.577767,0.478705,0.000000,0.000000,0.000000,0.158391,0.277992
uid271,0.000000,0.000000,0.000000,0.561273,0.437182,0.000000,0.235276,0.174363,0.158391,0.000000,0.000000,0.000000,0.000000,0.091354,0.000000,0.552786,0.000000,0.651389,0.190031,0.000000,0.331260,0.630764,0.000000,0.000000,0.000000,0.000000,0.608918,0.220482,0.000000,0.000000,0.415196,0.037595,0.616340,0.249788,0.073777,0.526327,0.000000,0.535317,0.125515,0.000000,0.000000,0.488598,0.468621,0.205403,0.055859,0.264025,0.000000,0.403884,0.142110,0.000000,0.000000,0.000000,0.018978,0.000000,0.000000,0.000000,0.577767
uid272,0.757763,0.091354,0.000000,0.616340,0.264025,0.000000,0.142110,0.677108,0.343951,0.000000,0.000000,0.331260,0.838006,0.158391,0.037595,0.895741,0.000000,0.670862,0.811172,0.220482,0.858339,0.000000,0.766870,0.000000,0.073777,0.000000,0.841081,0.000000,0.000000,0.569599,0.855598,0.125515,0.055859,0.498303,0.235276,0.249788,0.878470,0.174363,0.000000,0.507824,0.000000,0.108598,0.305136,0.415196,0.658005,0.000000,0.712174,0.651389,0.601353,0.000000,0.000000,0.380597,0.190031,0.437182,0.000000,0.000000,0.000000
uid273,0.901565,0.852805,0.871280,0.380597,0.249788,0.623621,0.073777,0.368615,0.000000,0.000000,0.658005,0.018978,0.000000,0.055859,0.507824,0.403884,0.855598,0.000000,0.895741,0.037595,0.738468,0.000000,0.000000,0.000000,0.792187,0.000000,0.748300,0.616340,0.936647,0.220482,0.918728,0.318323,0.235276,0.291694,0.644645,0.356401,0.000000,0.426295,0.670862,0.458341,0.651389,0.158391,0.331260,0.091354,0.766870,0.000000,0.868790,0.796131,0.695145,0.717636,0.905265,0.174363,0.517164,0.125515,0.883039,0.569599,0.000000
uid274,0.305136,0.000000,0.291694,0.601353,0.190031,0.000000,0.125515,0.670862,0.706606,0.000000,0.507824,0.535317,0.000000,0.037595,0.000000,0.608918,0.000000,0.437182,0.712174,0.220482,0.743431,0.000000,0.000000,0.000000,0.458341,0.000000,0.264025,0.683236,0.000000,0.000000,0.757763,0.000000,0.018978,0.318323,0.091354,0.055859,0.000000,0.073777,0.700930,0.000000,0.468621,0.108598,0.205403,0.380597,0.356401,0.753077,0.392352,0.368615,0.748300,0.000000,0.000000,0.000000,0.142110,0.488598,0.000000,0.593641,0.792187
uid275,0.858339,0.000000,0.828422,0.478705,0.343951,0.000000,0.331260,0.235276,0.073777,0.000000,0.488598,0.880777,0.000000,0.264025,0.807519,0.664495,0.000000,0.733409,0.037595,0.356401,0.091354,0.000000,0.000000,0.000000,0.689247,0.000000,0.784069,0.125515,0.000000,0.717636,0.220482,0.158391,0.277992,0.018978,0.368615,0.380597,0.000000,0.318323,0.561273,0.841081,0.644645,0.291694,0.415196,0.142110,0.108598,0.000000,0.700930,0.190031,0.447863,0.000000,0.771294,0.000000,0.305136,0.847055,0.792187,0.637771,0.000000
uid276,0.055859,0.733409,0.488598,0.498303,0.249788,0.392352,0.205403,0.658005,0.368615,0.644645,0.142110,0.526327,0.000000,0.664495,0.722995,0.000000,0.018978,0.000000,0.753077,0.380597,0.000000,0.000000,0.000000,0.000000,0.174363,0.000000,0.000000,0.264025,0.000000,0.535317,0.507824,0.305136,0.000000,0.318323,0.125515,0.331260,0.000000,0.073777,0.277992,0.190031,0.000000,0.000000,0.437182,0.616340,0.601353,0.000000,0.037595,0.291694,0.000000,0.000000,0.091354,0.000000,0.585780,0.000000,0.000000,0.000000,0.000000
uid277,0.526327,0.277992,0.037595,0.000000,0.343951,0.000000,0.018978,0.403884,0.437182,0.616340,0.368615,0.670862,0.000000,0.689247,0.000000,0.658005,0.593641,0.623621,0.000000,0.000000,0.073777,0.205403,0.000000,0.000000,0.000000,0.000000,0.291694,0.415196,0.000000,0.000000,0.000000,0.331260,0.000000,0.249788,0.458341,0.055859,0.000000,0.664495,0.000000,0.142110,0.000000,0.108598,0.174363,0.544135,0.517164,0.000000,0.577767,0.235276,0.000000,0.305136,0.000000,0.000000,0.468621,0.000000,0.000000,0.000000,0.000000
uid278,0.526327,0.000000,0.437182,0.018978,0.000000,0.000000,0.561273,0.318323,0.000000,0.000000,0.000000,0.000000,0.091354,0.205403,0.073777,0.000000,0.478705,0.000000,0.000000,0.125515,0.331260,0.000000,0.000000,0.000000,0.220482,0.000000,0.190031,0.142110,0.000000,0.670862,0.277992,0.403884,0.343951,0.158391,0.291694,0.488598,0.000000,0.426295,0.000000,0.368615,0.000000,0.108598,0.000000,0.055859,0.000000,0.000000,0.447863,0.249788,0.000000,0.000000,0.000000,0.000000,0.392352,0.000000,0.608918,0.535317,0.000000
uid279,0.291694,0.000000,0.000000,0.000000,0.000000,0.000000,0.073777,0.000000,0.037595,0.000000,0.000000,0.018978,0.000000,0.055859,0.000000,0.249788,0.000000,0.356401,0.403884,0.000000,0.000000,0.000000,0.000000,0.277992,0.000000,0.000000,0.000000,0.000000,0.000000,0.235276,0.000000,0.000000,0.205403,0.000000,0.000000,0.000000,0.000000,0.000000,0.000000,0.392352,0.000000,0.158391,0.000000,0.091354,0.000000,0.000000,0.000000,0.368615,0.000000,0.000000,0.000000,0.174363,0.305136,0.108598,0.000000,0.000000,0.000000
uid280,0.368615,0.000000,0.277992,0.158391,0.426295,0.883039,0.403884,0.018978,0.498303,0.934172,0.343951,0.677108,0.073777,0.000000,0.644645,0.712174,0.939029,0.932899,0.728252,0.630764,0.142110,0.000000,0.000000,0.000000,0.108598,0.000000,0.125515,0.220482,0.738468,0.683236,0.249788,0.356401,0.037595,0.091354,0.190031,0.593641,0.821720,0.468621,0.000000,0.517164,0.855598,0.174363,0.893724,0.392352,0.535317,0.000000,0.447863,0.055859,0.000000,0.000000,0.637771,0.264025,0.616340,0.478705,0.000000,0.912255,0.000000
uid281,0.205403,0.821720,0.616340,0.738468,0.458341,0.000000,0.689247,0.743431,0.158391,0.868790,0.593641,0.190031,0.000000,0.757763,0.517164,0.426295,0.901565,0.000000,0.644645,0.380597,0.018978,0.000000,0.000000,0.000000,0.866252,0.000000,0.073777,0.608918,0.717636,0.569599,0.637771,0.055859,0.220482,0.249788,0.368615,0.577767,0.318323,0.392352,0.000000,0.811172,0.000000,0.037595,0.784069,0.677108,0.585780,0.000000,0.235276,0.762360,0.949660,0.000000,0.507824,0.000000,0.142110,0.174363,0.959226,0.766870,0.000000
uid282,0.000000,0.000000,0.000000,0.125515,0.000000,0.000000,0.000000,0.000000,0.000000,0.000000,0.190031,0.000000,0.000000,0.000000,0.000000,0.000000,0.000000,0.000000,0.000000,0.108598,0.000000,0.018978,0.000000,0.000000,0.000000,0.000000,0.000000,0.249788,0.000000,0.055859,0.205403,0.220482,0.000000,0.000000,0.158391,0.000000,0.000000,0.000000,0.000000,0.000000,0.264025,0.000000,0.000000,0.000000,0.235276,0.000000,0.000000,0.291694,0.000000,0.000000,0.091354,0.037595,0.000000,0.000000,0.000000,0.000000,0.000000
uid283,0.055859,0.517164,0.000000,0.000000,0.458341,0.000000,0.415196,0.000000,0.426295,0.000000,0.220482,0.174363,0.000000,0.712174,0.037595,0.000000,0.000000,0.356401,0.700930,0.018978,0.000000,0.000000,0.000000,0.000000,0.000000,0.000000,0.091354,0.291694,0.000000,0.142110,0.235276,0.073777,0.125515,0.264025,0.331260,0.108598,0.000000,0.380597,0.000000,0.526327,0.000000,0.743431,0.561273,0.507824,0.190031,0.437182,0.670862,0.000000,0.585780,0.000000,0.158391,0.000000,0.000000,0.205403,0.000000,0.593641,0.000000
uid284,0.498303,0.897720,0.447863,0.683236,0.630764,0.926153,0.608918,0.784069,0.738468,0.000000,0.908827,0.934172,0.950615,0.577767,0.000000,0.831678,0.403884,0.871280,0.073777,0.623621,0.125515,0.426295,0.000000,0.277992,0.235276,0.158391,0.108598,0.055859,0.000000,0.380597,0.305136,0.343951,0.018978,0.468621,0.190031,0.264025,0.220482,0.616340,0.920271,0.331260,0.910557,0.318323,0.526327,0.517164,0.507824,0.717636,0.174363,0.415196,0.930278,0.000000,0.000000,0.943527,0.091354,0.142110,0.000000,0.000000,0.841081
uid285,0.651389,0.689247,0.728252,0.803796,0.000000,0.478705,0.331260,0.220482,0.018978,0.000000,0.091354,0.757763,0.863665,0.000000,0.814755,0.000000,0.677108,0.601353,0.190031,0.762360,0.205403,0.000000,0.000000,0.000000,0.873723,0.000000,0.706606,0.174363,0.000000,0.552786,0.368615,0.158391,0.488598,0.277992,0.055859,0.670862,0.000000,0.807519,0.125515,0.630764,0.458341,0.468621,0.828422,0.318323,0.073777,0.249788,0.000000,0.356401,0.108598,0.000000,0.000000,0.733409,0.142110,0.775634,0.000000,0.858339,0.000000
uid286,0.205403,0.700930,0.788167,0.000000,0.018978,0.000000,0.277992,0.753077,0.616340,0.000000,0.517164,0.356401,0.000000,0.630764,0.426295,0.331260,0.000000,0.000000,0.677108,0.415196,0.305136,0.000000,0.000000,0.000000,0.000000,0.000000,0.318323,0.174363,0.000000,0.507824,0.683236,0.380597,0.264025,0.190031,0.142110,0.055859,0.000000,0.000000,0.000000,0.000000,0.000000,0.037595,0.125515,0.073777,0.526327,0.000000,0.000000,0.651389,0.000000,0.544135,0.447863,0.000000,0.158391,0.437182,0.000000,0.637771,0.091354
uid287,0.000000,0.000000,0.766870,0.073777,0.000000,0.000000,0.585780,0.535317,0.000000,0.000000,0.651389,0.000000,0.000000,0.000000,0.190031,0.000000,0.264025,0.000000,0.055859,0.000000,0.507824,0.125515,0.000000,0.220482,0.468621,0.478705,0.368615,0.318323,0.000000,0.018978,0.380597,0.277992,0.205403,0.000000,0.142110,0.305136,0.437182,0.000000,0.608918,0.356401,0.712174,0.291694,0.000000,0.561273,0.552786,0.000000,0.517164,0.331260,0.722995,0.000000,0.037595,0.108598,0.415196,0.488598,0.000000,0.000000,0.000000
uid288,0.091354,0.000000,0.000000,0.000000,0.142110,0.000000,0.037595,0.000000,0.174363,0.000000,0.018978,0.000000,0.000000,0.000000,0.000000,0.000000,0.000000,0.000000,0.000000,0.000000,0.000000,0.000000,0.000000,0.000000,0.000000,0.000000,0.000000,0.055859,0.000000,0.000000,0.000000,0.249788,0.000000,0.125515,0.356401,0.368615,0.000000,0.220482,0.000000,0.264025,0.000000,0.318323,0.000000,0.000000,0.190031,0.000000,0.108598,0.331260,0.000000,0.000000,0.000000,0.158391,0.000000,0.291694,0.000000,0.000000,0.000000
uid289,0.331260,0.762360,0.000000,0.637771,0.037595,0.000000,0.142110,0.091354,0.478705,0.055859,0.018978,0.000000,0.000000,0.677108,0.644645,0.712174,0.291694,0.561273,0.000000,0.552786,0.849958,0.000000,0.000000,0.000000,0.125515,0.000000,0.658005,0.498303,0.000000,0.535317,0.000000,0.073777,0.305136,0.415196,0.174363,0.426295,0.000000,0.392352,0.000000,0.380597,0.000000,0.585780,0.821720,0.158391,0.220482,0.000000,0.000000,0.577767,0.458341,0.743431,0.235276,0.000000,0.190031,0.855598,0.000000,0.403884,0.000000
uid290,0.000000,0.000000,0.000000,0.403884,0.277992,0.000000,0.249788,0.392352,0.415196,0.000000,0.677108,0.447863,0.000000,0.108598,0.000000,0.380597,0.190031,0.601353,0.000000,0.426295,0.000000,0.000000,0.000000,0.000000,0.000000,0.000000,0.174363,0.037595,0.000000,0.552786,0.561273,0.055859,0.517164,0.291694,0.637771,0.343951,0.000000,0.125515,0.000000,0.000000,0.000000,0.018978,0.235276,0.437182,0.000000,0.658005,0.073777,0.000000,0.000000,0.000000,0.091354,0.535317,0.000000,0.507824,0.000000,0.000000,0.000000
uid291,0.000000,0.000000,0.000000,0.403884,0.235276,0.000000,0.249788,0.392352,0.478705,0.000000,0.766870,0.601353,0.000000,0.091354,0.000000,0.380597,0.190031,0.458341,0.037595,0.447863,0.000000,0.000000,0.000000,0.000000,0.000000,0.000000,0.174363,0.000000,0.000000,0.426295,0.689247,0.073777,0.670862,0.331260,0.415196,0.343951,0.000000,0.158391,0.000000,0.000000,0.000000,0.018978,0.277992,0.569599,0.000000,0.753077,0.055859,0.488598,0.000000,0.000000,0.108598,0.651389,0.000000,0.637771,0.000000,0.000000,0.000000
uid292,0.000000,0.000000,0.000000,0.305136,0.585780,0.000000,0.018978,0.426295,0.000000,0.608918,0.000000,0.037595,0.291694,0.091354,0.000000,0.651389,0.623621,0.616340,0.000000,0.055859,0.368615,0.000000,0.000000,0.000000,0.318323,0.000000,0.277992,0.264025,0.000000,0.235276,0.356401,0.468621,0.205403,0.249788,0.343951,0.000000,0.000000,0.658005,0.000000,0.593641,0.000000,0.142110,0.000000,0.073777,0.000000,0.000000,0.000000,0.392352,0.000000,0.447863,0.000000,0.174363,0.517164,0.158391,0.000000,0.569599,0.000000
uid293,0.000000,0.277992,0.000000,0.055859,0.343951,0.000000,0.403884,0.091354,0.458341,0.000000,0.380597,0.637771,0.000000,0.108598,0.249788,0.593641,0.000000,0.000000,0.264025,0.158391,0.000000,0.000000,0.000000,0.000000,0.000000,0.000000,0.331260,0.190031,0.000000,0.018978,0.235276,0.356401,0.695145,0.544135,0.037595,0.073777,0.000000,0.585780,0.000000,0.000000,0.000000,0.205403,0.220482,0.000000,0.000000,0.000000,0.000000,0.174363,0.000000,0.291694,0.000000,0.670862,0.125515,0.677108,0.000000,0.142110,0.000000
uid294,0.630764,0.000000,0.000000,0.220482,0.585780,0.866252,0.000000,0.415196,0.291694,0.000000,0.091354,0.507824,0.885259,0.670862,0.000000,0.125515,0.000000,0.426295,0.277992,0.907063,0.305136,0.792187,0.834873,0.608918,0.190031,0.000000,0.784069,0.368615,0.000000,0.616340,0.403884,0.331260,0.018978,0.037595,0.108598,0.517164,0.000000,0.695145,0.861027,0.811172,0.055859,0.689247,0.142110,0.380597,0.318323,0.249788,0.174363,0.158391,0.569599,0.000000,0.000000,0.000000,0.468621,0.488598,0.000000,0.073777,0.757763
uid295,0.651389,0.644645,0.706606,0.825103,0.811172,0.535317,0.426295,0.142110,0.220482,0.000000,0.037595,0.000000,0.000000,0.108598,0.000000,0.000000,0.677108,0.630764,0.277992,0.855598,0.205403,0.000000,0.000000,0.000000,0.771294,0.000000,0.658005,0.125515,0.000000,0.593641,0.190031,0.000000,0.458341,0.158391,0.018978,0.695145,0.000000,0.871280,0.343951,0.616340,0.517164,0.437182,0.868790,0.235276,0.055859,0.331260,0.000000,0.368615,0.073777,0.792187,0.000000,0.700930,0.091354,0.849958,0.000000,0.000000,0.000000
uid296,0.478705,0.000000,0.838006,0.630764,0.000000,0.392352,0.000000,0.073777,0.343951,0.190031,0.664495,0.931601,0.091354,0.000000,0.717636,0.037595,0.905265,0.318323,0.644645,0.277992,0.220482,0.415196,0.000000,0.883039,0.784069,0.762360,0.601353,0.458341,0.000000,0.689247,0.880777,0.526327,0.249788,0.108598,0.380597,0.593641,0.788167,0.235276,0.658005,0.125515,0.000000,0.677108,0.356401,0.018978,0.055859,0.291694,0.305136,0.174363,0.569599,0.552786,0.142110,0.637771,0.748300,0.757763,0.000000,0.437182,0.507824
uid297,0.811172,0.000000,0.000000,0.637771,0.544135,0.318323,0.517164,0.683236,0.775634,0.000000,0.677108,0.277992,0.000000,0.468621,0.305136,0.863665,0.190031,0.356401,0.651389,0.535317,0.689247,0.331260,0.818271,0.055859,0.873723,0.000000,0.142110,0.235276,0.000000,0.125515,0.000000,0.091354,0.174363,0.264025,0.561273,0.037595,0.000000,0.526327,0.670862,0.108598,0.855598,0.018978,0.585780,0.220482,0.630764,0.880777,0.415196,0.205403,0.757763,0.000000,0.717636,0.664495,0.291694,0.447863,0.000000,0.852805,0.000000
uid298,0.712174,0.000000,0.000000,0.158391,0.318323,0.000000,0.264025,0.651389,0.664495,0.807519,0.498303,0.000000,0.000000,0.235276,0.000000,0.468621,0.818271,0.018978,0.091354,0.142110,0.748300,0.000000,0.000000,0.706606,0.577767,0.000000,0.847055,0.055859,0.000000,0.190031,0.775634,0.174363,0.249788,0.000000,0.331260,0.343951,0.000000,0.277992,0.658005,0.814755,0.507824,0.291694,0.368615,0.677108,0.073777,0.717636,0.552786,0.569599,0.447863,0.000000,0.037595,0.000000,0.220482,0.108598,0.000000,0.535317,0.000000
uid299,0.895741,0.000000,0.000000,0.561273,0.415196,0.305136,0.569599,0.623621,0.728252,0.447863,0.608918,0.277992,0.000000,0.368615,0.318323,0.507824,0.174363,0.468621,0.577767,0.871280,0.488598,0.331260,0.893724,0.037595,0.807519,0.792187,0.158391,0.220482,0.000000,0.125515,0.018978,0.108598,0.205403,0.264025,0.478705,0.000000,0.814755,0.866252,0.601353,0.073777,0.924724,0.091354,0.880777,0.249788,0.552786,0.937849,0.803796,0.190031,0.706606,0.000000,0.658005,0.585780,0.291694,0.788167,0.000000,0.392352,0.000000
uid300,0.743431,0.000000,0.000000,0.000000,0.331260,0.593641,0.722995,0.917156,0.644645,0.318323,0.748300,0.488598,0.000000,0.343951,0.073777,0.437182,0.426295,0.392352,0.000000,0.125515,0.380597,0.000000,0.000000,0.000000,0.507824,0.000000,0.291694,0.608918,0.000000,0.658005,0.807519,0.158391,0.526327,0.305136,0.356401,0.478705,0.868790,0.091354,0.000000,0.108598,0.468621,0.220482,0.142110,0.037595,0.498303,0.838006,0.880777,0.651389,0.000000,0.000000,0.717636,0.000000,0.190031,0.779892,0.000000,0.205403,0.000000
uid301,0.125515,0.174363,0.000000,0.526327,0.356401,0.000000,0.000000,0.535317,0.380597,0.000000,0.249788,0.000000,0.000000,0.552786,0.000000,0.000000,0.235276,0.055859,0.108598,0.561273,0.000000,0.000000,0.000000,0.000000,0.000000,0.000000,0.205403,0.190031,0.000000,0.037595,0.000000,0.437182,0.000000,0.318323,0.507824,0.517164,0.000000,0.415196,0.000000,0.142110,0.000000,0.018978,0.593641,0.091354,0.220482,0.000000,0.343951,0.073777,0.000000,0.000000,0.000000,0.368615,0.544135,0.447863,0.000000,0.569599,0.000000
uid302,0.235276,0.000000,0.000000,0.305136,0.392352,0.000000,0.403884,0.249788,0.000000,0.000000,0.000000,0.142110,0.000000,0.437182,0.608918,0.498303,0.000000,0.018978,0.535317,0.552786,0.000000,0.000000,0.264025,0.000000,0.000000,0.000000,0.000000,0.174363,0.630764,0.000000,0.526327,0.000000,0.091354,0.205403,0.000000,0.158391,0.000000,0.277992,0.000000,0.220482,0.000000,0.426295,0.368615,0.318323,0.356401,0.000000,0.108598,0.343951,0.000000,0.000000,0.000000,0.000000,0.055859,0.125515,0.000000,0.000000,0.000000
uid303,0.205403,0.000000,0.000000,0.000000,0.000000,0.000000,0.000000,0.000000,0.000000,0.000000,0.073777,0.174363,0.000000,0.000000,0.000000,0.000000,0.000000,0.000000,0.108598,0.000000,0.000000,0.000000,0.000000,0.000000,0.000000,0.000000,0.000000,0.037595,0.000000,0.000000,0.000000,0.000000,0.000000,0.055859,0.091354,0.000000,0.000000,0.000000,0.000000,0.000000,0.000000,0.000000,0.000000,0.220482,0.000000,0.000000,0.000000,0.000000,0.000000,0.000000,0.190031,0.142110,0.235276,0.000000,0.000000,0.000000,0.000000
uid304,0.205403,0.601353,0.577767,0.437182,0.108598,0.415196,0.037595,0.000000,0.623621,0.331260,0.000000,0.000000,0.000000,0.526327,0.000000,0.000000,0.818271,0.858339,0.788167,0.000000,0.305136,0.488598,0.498303,0.000000,0.368615,0.000000,0.468621,0.142110,0.000000,0.000000,0.000000,0.356401,0.249788,0.018978,0.235276,0.264025,0.762360,0.055859,0.000000,0.743431,0.000000,0.091354,0.158391,0.000000,0.561273,0.748300,0.712174,0.608918,0.426295,0.000000,0.807519,0.000000,0.125515,0.318323,0.000000,0.343951,0.073777
uid305,0.108598,0.939029,0.000000,0.403884,0.392352,0.915553,0.535317,0.517164,0.507824,0.000000,0.415196,0.331260,0.000000,0.468621,0.000000,0.670862,0.000000,0.220482,0.526327,0.000000,0.738468,0.885259,0.608918,0.788167,0.700930,0.000000,0.018978,0.552786,0.000000,0.784069,0.771294,0.235276,0.277992,0.037595,0.125515,0.073777,0.000000,0.800000,0.498303,0.585780,0.644645,0.841081,0.158391,0.142110,0.091354,0.706606,0.205403,0.190031,0.368615,0.000000,0.000000,0.000000,0.291694,0.318323,0.000000,0.637771,0.868790
uid306,0.695145,0.779892,0.000000,0.305136,0.561273,0.677108,0.055859,0.426295,0.000000,0.000000,0.753077,0.018978,0.277992,0.073777,0.712174,0.000000,0.000000,0.000000,0.000000,0.037595,0.368615,0.000000,0.000000,0.000000,0.318323,0.000000,0.291694,0.264025,0.000000,0.235276,0.356401,0.447863,0.205403,0.249788,0.331260,0.608918,0.000000,0.544135,0.000000,0.849958,0.637771,0.190031,0.821720,0.091354,0.593641,0.000000,0.000000,0.392352,0.000000,0.437182,0.706606,0.174363,0.517164,0.125515,0.000000,0.000000,0.000000
uid307,0.055859,0.000000,0.946682,0.561273,0.738468,0.792187,0.426295,0.073777,0.403884,0.000000,0.331260,0.205403,0.807519,0.277992,0.866252,0.569599,0.000000,0.142110,0.392352,0.847055,0.800000,0.000000,0.091354,0.000000,0.544135,0.000000,0.616340,0.018978,0.000000,0.940186,0.814755,0.125515,0.158391,0.108598,0.380597,0.235276,0.623621,0.863665,0.356401,0.000000,0.478705,0.695145,0.552786,0.447863,0.305136,0.000000,0.174363,0.535317,0.343951,0.000000,0.967601,0.893724,0.190031,0.249788,0.000000,0.488598,0.000000
uid308,0.852805,0.000000,0.000000,0.651389,0.356401,0.220482,0.552786,0.700930,0.834873,0.000000,0.637771,0.305136,0.000000,0.403884,0.331260,0.878470,0.174363,0.437182,0.695145,0.368615,0.630764,0.343951,0.849958,0.037595,0.903433,0.000000,0.142110,0.235276,0.000000,0.158391,0.000000,0.091354,0.190031,0.318323,0.569599,0.018978,0.000000,0.380597,0.616340,0.108598,0.803796,0.073777,0.577767,0.249788,0.683236,0.915553,0.458341,0.205403,0.811172,0.000000,0.717636,0.644645,0.264025,0.498303,0.000000,0.880777,0.000000
uid309,0.264025,0.000000,0.318323,0.055859,0.447863,0.000000,0.305136,0.561273,0.000000,0.000000,0.000000,0.000000,0.000000,0.488598,0.142110,0.552786,0.000000,0.000000,0.000000,0.190031,0.000000,0.000000,0.000000,0.000000,0.000000,0.000000,0.000000,0.018978,0.000000,0.000000,0.000000,0.249788,0.277992,0.498303,0.000000,0.037595,0.000000,0.125515,0.000000,0.368615,0.569599,0.220482,0.158391,0.108598,0.000000,0.000000,0.000000,0.000000,0.000000,0.000000,0.000000,0.331260,0.235276,0.000000,0.000000,0.403884,0.000000
uid310,0.779892,0.917156,0.249788,0.277992,0.305136,0.954259,0.108598,0.623621,0.478705,0.000000,0.608918,0.458341,0.000000,0.601353,0.000000,0.738468,0.920271,0.331260,0.392352,0.935422,0.000000,0.158391,0.858339,0.771294,0.712174,0.000000,0.885259,0.517164,0.000000,0.775634,0.585780,0.343951,0.037595,0.091354,0.577767,0.018978,0.000000,0.834873,0.677108,0.055859,0.748300,0.174363,0.125515,0.507824,0.488598,0.468621,0.415196,0.073777,0.291694,0.000000,0.000000,0.944599,0.380597,0.426295,0.000000,0.700930,0.876119
uid311,0.630764,0.637771,0.677108,0.403884,0.037595,0.517164,0.235276,0.415196,0.775634,0.000000,0.426295,0.000000,0.000000,0.108598,0.000000,0.305136,0.664495,0.125515,0.190031,0.000000,0.784069,0.158391,0.000000,0.000000,0.291694,0.000000,0.055859,0.018978,0.000000,0.569599,0.000000,0.142110,0.091354,0.380597,0.544135,0.343951,0.000000,0.392352,0.498303,0.277992,0.437182,0.331260,0.174363,0.073777,0.670862,0.000000,0.000000,0.205403,0.561273,0.748300,0.000000,0.728252,0.535317,0.743431,0.000000,0.000000,0.000000
uid312,0.205403,0.000000,0.932899,0.722995,0.000000,0.305136,0.507824,0.544135,0.264025,0.608918,0.073777,0.190031,0.552786,0.924724,0.788167,0.526327,0.899661,0.277992,0.108598,0.343951,0.616340,0.356401,0.000000,0.880777,0.838006,0.821720,0.706606,0.055859,0.000000,0.771294,0.847055,0.478705,0.437182,0.037595,0.091354,0.700930,0.834873,0.488598,0.748300,0.392352,0.852805,0.766870,0.318323,0.235276,0.535317,0.644645,0.000000,0.426295,0.683236,0.670862,0.174363,0.142110,0.220482,0.825103,0.000000,0.380597,0.458341
uid313,0.821720,0.526327,0.000000,0.091354,0.318323,0.831678,0.468621,0.235276,0.834873,0.356401,0.670862,0.447863,0.037595,0.220482,0.784069,0.426295,0.380597,0.368615,0.644645,0.762360,0.142110,0.000000,0.000000,0.000000,0.055859,0.000000,0.073777,0.018978,0.000000,0.561273,0.190031,0.264025,0.158391,0.000000,0.108598,0.637771,0.000000,0.437182,0.800000,0.343951,0.000000,0.125515,0.544135,0.331260,0.700930,0.000000,0.689247,0.174363,0.000000,0.000000,0.841081,0.000000,0.630764,0.000000,0.616340,0.277992,0.000000
uid314,0.055859,0.000000,0.000000,0.000000,0.368615,0.000000,0.000000,0.000000,0.142110,0.000000,0.000000,0.073777,0.000000,0.291694,0.000000,0.000000,0.000000,0.380597,0.000000,0.249788,0.018978,0.000000,0.000000,0.000000,0.000000,0.000000,0.264025,0.000000,0.000000,0.000000,0.000000,0.277992,0.108598,0.037595,0.205403,0.000000,0.158391,0.235276,0.000000,0.356401,0.000000,0.000000,0.000000,0.343951,0.000000,0.000000,0.000000,0.000000,0.000000,0.000000,0.000000,0.000000,0.000000,0.125515,0.000000,0.305136,0.000000
uid315,0.000000,0.000000,0.000000,0.091354,0.343951,0.000000,0.000000,0.205403,0.000000,0.356401,0.000000,0.000000,0.018978,0.235276,0.000000,0.000000,0.380597,0.368615,0.000000,0.000000,0.158391,0.000000,0.000000,0.000000,0.073777,0.000000,0.055859,0.037595,0.000000,0.000000,0.142110,0.249788,0.174363,0.000000,0.125515,0.000000,0.000000,0.000000,0.000000,0.318323,0.000000,0.108598,0.000000,0.331260,0.000000,0.000000,0.000000,0.220482,0.000000,0.000000,0.000000,0.000000,0.000000,0.000000,0.000000,0.291694,0.000000
uid316,0.630764,0.000000,0.901565,0.305136,0.775634,0.792187,0.037595,0.415196,0.000000,0.876119,0.637771,0.055859,0.249788,0.091354,0.488598,0.722995,0.883039,0.880777,0.907063,0.018978,0.356401,0.000000,0.000000,0.000000,0.318323,0.000000,0.291694,0.264025,0.926153,0.205403,0.380597,0.552786,0.235276,0.277992,0.331260,0.623621,0.658005,0.478705,0.000000,0.561273,0.771294,0.158391,0.498303,0.073777,0.748300,0.000000,0.814755,0.368615,0.000000,0.000000,0.930278,0.190031,0.544135,0.108598,0.000000,0.585780,0.000000
uid317,0.108598,0.125515,0.000000,0.478705,0.689247,0.000000,0.091354,0.569599,0.249788,0.700930,0.000000,0.264025,0.447863,0.318323,0.000000,0.733409,0.220482,0.073777,0.142110,0.277992,0.535317,0.000000,0.000000,0.000000,0.517164,0.000000,0.190031,0.174363,0.000000,0.037595,0.498303,0.601353,0.380597,0.437182,0.488598,0.000000,0.000000,0.728252,0.000000,0.158391,0.000000,0.055859,0.000000,0.018978,0.235276,0.000000,0.000000,0.000000,0.000000,0.577767,0.000000,0.392352,0.637771,0.331260,0.000000,0.670862,0.000000
uid318,0.535317,0.757763,0.658005,0.426295,0.368615,0.000000,0.037595,0.517164,0.000000,0.264025,0.637771,0.018978,0.392352,0.073777,0.561273,0.695145,0.356401,0.000000,0.677108,0.055859,0.468621,0.000000,0.000000,0.000000,0.415196,0.000000,0.403884,0.331260,0.743431,0.220482,0.458341,0.526327,0.205403,0.291694,0.437182,0.249788,0.000000,0.000000,0.000000,0.844096,0.000000,0.125515,0.305136,0.091354,0.630764,0.000000,0.318323,0.498303,0.000000,0.762360,0.569599,0.174363,0.544135,0.158391,0.861027,0.000000,0.000000
uid319,0.000000,0.658005,0.125515,0.018978,0.331260,0.000000,0.305136,0.000000,0.478705,0.000000,0.158391,0.108598,0.000000,0.264025,0.000000,0.000000,0.000000,0.000000,0.000000,0.343951,0.000000,0.000000,0.000000,0.000000,0.000000,0.000000,0.000000,0.552786,0.000000,0.055859,0.037595,0.142110,0.091354,0.073777,0.368615,0.174363,0.000000,0.318323,0.000000,0.535317,0.000000,0.291694,0.000000,0.544135,0.488598,0.000000,0.000000,0.000000,0.426295,0.000000,0.000000,0.561273,0.249788,0.517164,0.000000,0.616340,0.000000
uid320,0.753077,0.000000,0.858339,0.368615,0.142110,0.706606,0.091354,0.779892,0.903433,0.000000,0.623621,0.458341,0.000000,0.018978,0.717636,0.738468,0.831678,0.392352,0.318323,0.125515,0.887436,0.305136,0.788167,0.748300,0.000000,0.000000,0.814755,0.535317,0.000000,0.291694,0.601353,0.000000,0.037595,0.526327,0.190031,0.158391,0.000000,0.108598,0.917156,0.771294,0.630764,0.073777,0.205403,0.683236,0.517164,0.000000,0.468621,0.644645,0.651389,0.885259,0.277992,0.264025,0.055859,0.478705,0.000000,0.000000,0.000000
uid321,0.585780,0.784069,0.748300,0.498303,0.831678,0.380597,0.055859,0.368615,0.037595,0.939029,0.249788,0.000000,0.478705,0.073777,0.616340,0.757763,0.944599,0.000000,0.876119,0.018978,0.544135,0.000000,0.000000,0.000000,0.468621,0.000000,0.447863,0.318323,0.000000,0.235276,0.488598,0.264025,0.220482,0.437182,0.392352,0.658005,0.000000,0.873723,0.331260,0.779892,0.277992,0.158391,0.722995,0.091354,0.683236,0.000000,0.931601,0.552786,0.415196,0.814755,0.608918,0.174363,0.356401,0.142110,0.695145,0.871280,0.000000
uid322,0.526327,0.926153,0.000000,0.158391,0.415196,0.488598,0.000000,0.912255,0.356401,0.917156,0.517164,0.717636,0.000000,0.561273,0.800000,0.091354,0.955127,0.205403,0.950615,0.125515,0.658005,0.000000,0.000000,0.000000,0.380597,0.000000,0.073777,0.403884,0.000000,0.277992,0.861027,0.037595,0.018978,0.142110,0.331260,0.305136,0.535317,0.775634,0.000000,0.923268,0.447863,0.235276,0.932899,0.318323,0.264025,0.880777,0.728252,0.055859,0.000000,0.712174,0.108598,0.000000,0.670862,0.695145,0.000000,0.946682,0.000000
uid323,0.000000,0.895741,0.142110,0.670862,0.858339,0.940186,0.561273,0.073777,0.526327,0.000000,0.458341,0.415196,0.000000,0.488598,0.000000,0.762360,0.712174,0.318323,0.544135,0.658005,0.807519,0.623621,0.108598,0.601353,0.861027,0.000000,0.125515,0.018978,0.000000,0.630764,0.585780,0.331260,0.380597,0.055859,0.249788,0.190031,0.000000,0.738468,0.517164,0.037595,0.910557,0.695145,0.264025,0.235276,0.220482,0.788167,0.305136,0.277992,0.498303,0.000000,0.644645,0.651389,0.368615,0.403884,0.000000,0.913920,0.849958
uid324,0.158391,0.000000,0.000000,0.000000,0.000000,0.000000,0.000000,0.000000,0.000000,0.000000,0.000000,0.000000,0.000000,0.000000,0.000000,0.000000,0.000000,0.055859,0.091354,0.000000,0.000000,0.000000,0.000000,0.000000,0.000000,0.000000,0.000000,0.174363,0.000000,0.037595,0.000000,0.000000,0.000000,0.000000,0.000000,0.000000,0.000000,0.000000,0.000000,0.073777,0.000000,0.018978,0.000000,0.108598,0.142110,0.000000,0.000000,0.125515,0.000000,0.000000,0.000000,0.000000,0.000000,0.000000,0.000000,0.000000,0.000000
uid325,0.305136,0.683236,0.000000,0.108598,0.728252,0.091354,0.235276,0.205403,0.368615,0.000000,0.535317,0.277992,0.000000,0.125515,0.000000,0.616340,0.000000,0.000000,0.000000,0.447863,0.356401,0.000000,0.000000,0.000000,0.608918,0.000000,0.249788,0.055859,0.644645,0.000000,0.000000,0.498303,0.291694,0.343951,0.437182,0.488598,0.392352,0.458341,0.000000,0.670862,0.000000,0.478705,0.037595,0.264025,0.000000,0.000000,0.318323,0.073777,0.000000,0.748300,0.220482,0.000000,0.779892,0.380597,0.000000,0.018978,0.000000
uid326,0.235276,0.000000,0.961504,0.608918,0.091354,0.683236,0.174363,0.738468,0.291694,0.000000,0.158391,0.037595,0.722995,0.458341,0.000000,0.108598,0.861027,0.903433,0.962951,0.018978,0.784069,0.000000,0.000000,0.000000,0.569599,0.000000,0.073777,0.125515,0.000000,0.478705,0.771294,0.142110,0.426295,0.220482,0.689247,0.616340,0.717636,0.343951,0.000000,0.368615,0.623621,0.526327,0.803796,0.190031,0.318323,0.000000,0.264025,0.601353,0.000000,0.908827,0.055859,0.249788,0.700930,0.331260,0.000000,0.849958,0.000000
uid327,0.000000,0.000000,0.000000,0.569599,0.517164,0.000000,0.305136,0.235276,0.190031,0.000000,0.158391,0.000000,0.544135,0.249788,0.000000,0.018978,0.000000,0.468621,0.277992,0.000000,0.601353,0.000000,0.000000,0.000000,0.561273,0.000000,0.552786,0.291694,0.000000,0.000000,0.426295,0.000000,0.608918,0.343951,0.073777,0.000000,0.000000,0.037595,0.220482,0.000000,0.000000,0.585780,0.000000,0.318323,0.108598,0.368615,0.000000,0.055859,0.205403,0.000000,0.000000,0.000000,0.174363,0.000000,0.000000,0.000000,0.000000
uid328,0.073777,0.814755,0.488598,0.722995,0.552786,0.733409,0.205403,0.637771,0.695145,0.623621,0.142110,0.907063,0.945650,0.291694,0.403884,0.526327,0.018978,0.000000,0.220482,0.841081,0.437182,0.000000,0.000000,0.000000,0.174363,0.000000,0.343951,0.235276,0.000000,0.847055,0.426295,0.277992,0.000000,0.468621,0.108598,0.507824,0.000000,0.055859,0.935422,0.190031,0.928929,0.264025,0.415196,0.478705,0.585780,0.000000,0.037595,0.955127,0.658005,0.000000,0.125515,0.920271,0.577767,0.917156,0.380597,0.644645,0.000000
uid329,0.291694,0.757763,0.205403,0.108598,0.630764,0.000000,0.593641,0.577767,0.569599,0.953374,0.488598,0.468621,0.792187,0.535317,0.897720,0.878470,0.771294,0.018978,0.125515,0.190031,0.811172,0.664495,0.000000,0.000000,0.700930,0.000000,0.220482,0.037595,0.000000,0.073777,0.818271,0.142110,0.437182,0.055859,0.305136,0.277992,0.858339,0.000000,0.561273,0.695145,0.000000,0.712174,0.331260,0.318323,0.091354,0.000000,0.368615,0.356401,0.544135,0.921784,0.000000,0.000000,0.426295,0.174363,0.000000,0.000000,0.623621
uid330,0.000000,0.000000,0.601353,0.000000,0.142110,0.000000,0.498303,0.000000,0.644645,0.305136,0.091354,0.392352,0.000000,0.174363,0.055859,0.535317,0.380597,0.158391,0.415196,0.235276,0.468621,0.000000,0.000000,0.000000,0.000000,0.000000,0.277992,0.517164,0.630764,0.220482,0.544135,0.037595,0.318323,0.249788,0.593641,0.343951,0.695145,0.447863,0.000000,0.073777,0.000000,0.000000,0.000000,0.368615,0.190031,0.000000,0.623621,0.000000,0.000000,0.000000,0.108598,0.000000,0.018978,0.125515,0.000000,0.264025,0.000000
uid331,0.055859,0.000000,0.887436,0.601353,0.403884,0.658005,0.507824,0.738468,0.796131,0.677108,0.291694,0.880777,0.000000,0.743431,0.771294,0.249788,0.924724,0.803796,0.158391,0.018978,0.108598,0.670862,0.000000,0.000000,0.368615,0.000000,0.569599,0.498303,0.915553,0.706606,0.073777,0.000000,0.125515,0.552786,0.318323,0.437182,0.950615,0.142110,0.000000,0.380597,0.000000,0.478705,0.426295,0.447863,0.883039,0.834873,0.277992,0.753077,0.220482,0.965021,0.037595,0.000000,0.091354,0.644645,0.000000,0.623621,0.415196
uid332,0.616340,0.695145,0.738468,0.753077,0.190031,0.000000,0.415196,0.517164,0.593641,0.488598,0.380597,0.766870,0.000000,0.277992,0.000000,0.000000,0.356401,0.000000,0.158391,0.000000,0.000000,0.000000,0.000000,0.000000,0.468621,0.000000,0.343951,0.220482,0.000000,0.000000,0.748300,0.018978,0.535317,0.561273,0.073777,0.142110,0.000000,0.305136,0.000000,0.608918,0.000000,0.037595,0.055859,0.458341,0.447863,0.000000,0.249788,0.000000,0.544135,0.000000,0.291694,0.000000,0.091354,0.000000,0.125515,0.526327,0.000000
uid333,0.000000,0.000000,0.000000,0.249788,0.000000,0.158391,0.000000,0.108598,0.000000,0.000000,0.018978,0.000000,0.000000,0.000000,0.000000,0.000000,0.000000,0.000000,0.000000,0.000000,0.000000,0.000000,0.000000,0.000000,0.000000,0.000000,0.000000,0.055859,0.000000,0.000000,0.000000,0.037595,0.073777,0.000000,0.205403,0.000000,0.000000,0.000000,0.174363,0.000000,0.000000,0.125515,0.264025,0.277992,0.000000,0.000000,0.000000,0.000000,0.235276,0.000000,0.000000,0.000000,0.142110,0.000000,0.000000,0.000000,0.000000
uid334,0.000000,0.000000,0.000000,0.331260,0.585780,0.000000,0.037595,0.426295,0.000000,0.608918,0.000000,0.055859,0.277992,0.073777,0.000000,0.644645,0.616340,0.623621,0.000000,0.018978,0.368615,0.000000,0.000000,0.000000,0.305136,0.000000,0.291694,0.264025,0.000000,0.235276,0.356401,0.468621,0.205403,0.249788,0.318323,0.000000,0.000000,0.658005,0.000000,0.593641,0.000000,0.158391,0.000000,0.091354,0.000000,0.000000,0.000000,0.392352,0.000000,0.437182,0.000000,0.174363,0.507824,0.125515,0.000000,0.569599,0.000000
uid335,0.616340,0.552786,0.535317,0.091354,0.577767,0.507824,0.108598,0.190031,0.630764,0.000000,0.205403,0.901565,0.000000,0.658005,0.318323,0.000000,0.866252,0.891668,0.125515,0.814755,0.220482,0.800000,0.517164,0.838006,0.458341,0.415196,0.018978,0.343951,0.000000,0.264025,0.743431,0.717636,0.055859,0.677108,0.277992,0.037595,0.478705,0.683236,0.158391,0.733409,0.757763,0.249788,0.952472,0.000000,0.073777,0.000000,0.447863,0.498303,0.771294,0.000000,0.305136,0.142110,0.392352,0.403884,0.000000,0.940186,0.000000
uid336,0.055859,0.757763,0.616340,0.190031,0.478705,0.498303,0.651389,0.866252,0.000000,0.858339,0.125515,0.871280,0.000000,0.158391,0.507824,0.331260,0.814755,0.000000,0.706606,0.924724,0.544135,0.000000,0.000000,0.000000,0.235276,0.000000,0.037595,0.447863,0.000000,0.868790,0.526327,0.018978,0.291694,0.318323,0.392352,0.091354,0.142110,0.712174,0.905265,0.689247,0.403884,0.108598,0.517164,0.561273,0.356401,0.000000,0.700930,0.458341,0.630764,0.000000,0.728252,0.000000,0.841081,0.000000,0.535317,0.593641,0.000000
uid337,0.291694,0.000000,0.073777,0.689247,0.544135,0.498303,0.000000,0.722995,0.748300,0.000000,0.757763,0.488598,0.644645,0.616340,0.426295,0.796131,0.000000,0.593641,0.552786,0.000000,0.125515,0.220482,0.000000,0.912255,0.623621,0.000000,0.277992,0.437182,0.000000,0.901565,0.683236,0.753077,0.055859,0.249788,0.368615,0.158391,0.762360,0.847055,0.852805,0.037595,0.818271,0.018978,0.108598,0.356401,0.305136,0.923268,0.318323,0.235276,0.873723,0.000000,0.000000,0.000000,0.478705,0.000000,0.000000,0.955978,0.526327
uid338,0.593641,0.969992,0.601353,0.392352,0.018978,0.895741,0.277992,0.403884,0.458341,0.948686,0.569599,0.677108,0.821720,0.108598,0.771294,0.415196,0.963654,0.190031,0.125515,0.658005,0.447863,0.158391,0.000000,0.000000,0.220482,0.000000,0.055859,0.073777,0.000000,0.733409,0.526327,0.235276,0.091354,0.343951,0.834873,0.356401,0.000000,0.368615,0.000000,0.205403,0.880777,0.331260,0.174363,0.037595,0.468621,0.437182,0.908827,0.142110,0.907063,0.000000,0.000000,0.637771,0.784069,0.700930,0.932899,0.807519,0.000000
uid339,0.235276,0.000000,0.585780,0.343951,0.291694,0.368615,0.403884,0.249788,0.000000,0.000000,0.561273,0.125515,0.000000,0.488598,0.000000,0.507824,0.000000,0.018978,0.601353,0.630764,0.000000,0.000000,0.264025,0.000000,0.305136,0.000000,0.000000,0.158391,0.000000,0.000000,0.593641,0.000000,0.091354,0.190031,0.000000,0.174363,0.000000,0.458341,0.000000,0.220482,0.277992,0.447863,0.415196,0.651389,0.000000,0.535317,0.108598,0.356401,0.000000,0.000000,0.000000,0.000000,0.055859,0.142110,0.000000,0.000000,0.000000
uid340,0.000000,0.000000,0.000000,0.108598,0.000000,0.000000,0.091354,0.190031,0.000000,0.000000,0.205403,0.000000,0.000000,0.000000,0.000000,0.000000,0.000000,0.000000,0.125515,0.000000,0.220482,0.000000,0.000000,0.000000,0.000000,0.000000,0.055859,0.000000,0.000000,0.000000,0.000000,0.000000,0.037595,0.000000,0.000000,0.000000,0.000000,0.000000,0.158391,0.000000,0.000000,0.000000,0.000000,0.018978,0.073777,0.000000,0.000000,0.000000,0.000000,0.000000,0.000000,0.142110,0.000000,0.000000,0.000000,0.000000,0.000000
uid341,0.000000,0.000000,0.000000,0.291694,0.000000,0.000000,0.125515,0.000000,0.000000,0.000000,0.055859,0.000000,0.000000,0.000000,0.000000,0.000000,0.000000,0.220482,0.318323,0.356401,0.000000,0.000000,0.000000,0.403884,0.000000,0.000000,0.458341,0.073777,0.000000,0.277992,0.018978,0.000000,0.478705,0.249788,0.000000,0.426295,0.000000,0.000000,0.000000,0.437182,0.091354,0.392352,0.000000,0.000000,0.037595,0.000000,0.000000,0.108598,0.142110,0.000000,0.205403,0.000000,0.000000,0.343951,0.000000,0.000000,0.000000
uid342,0.277992,0.000000,0.468621,0.000000,0.517164,0.000000,0.331260,0.368615,0.000000,0.437182,0.174363,0.249788,0.380597,0.000000,0.000000,0.055859,0.000000,0.630764,0.190031,0.018978,0.000000,0.616340,0.000000,0.000000,0.000000,0.000000,0.000000,0.091354,0.000000,0.000000,0.637771,0.535317,0.544135,0.142110,0.158391,0.552786,0.000000,0.664495,0.000000,0.403884,0.000000,0.478705,0.488598,0.305136,0.356401,0.000000,0.108598,0.415196,0.000000,0.000000,0.073777,0.220482,0.291694,0.037595,0.000000,0.000000,0.000000
uid343,0.000000,0.000000,0.000000,0.291694,0.507824,0.000000,0.018978,0.426295,0.000000,0.517164,0.000000,0.055859,0.277992,0.073777,0.000000,0.569599,0.535317,0.526327,0.000000,0.037595,0.380597,0.000000,0.000000,0.000000,0.318323,0.000000,0.331260,0.264025,0.000000,0.220482,0.356401,0.437182,0.205403,0.249788,0.305136,0.000000,0.000000,0.585780,0.000000,0.498303,0.000000,0.142110,0.000000,0.091354,0.000000,0.000000,0.000000,0.392352,0.000000,0.601353,0.000000,0.125515,0.651389,0.158391,0.000000,0.478705,0.000000
uid344,0.000000,0.000000,0.000000,0.552786,0.264025,0.142110,0.437182,0.158391,0.601353,0.000000,0.000000,0.000000,0.000000,0.318323,0.000000,0.535317,0.000000,0.392352,0.368615,0.000000,0.623621,0.343951,0.000000,0.000000,0.415196,0.000000,0.291694,0.073777,0.000000,0.000000,0.664495,0.037595,0.091354,0.478705,0.220482,0.526327,0.000000,0.507824,0.108598,0.403884,0.018978,0.055859,0.356401,0.277992,0.616340,0.569599,0.000000,0.380597,0.205403,0.000000,0.000000,0.000000,0.174363,0.000000,0.000000,0.000000,0.249788
uid345,0.544135,0.953374,0.488598,0.331260,0.658005,0.973250,0.108598,0.733409,0.861027,0.000000,0.055859,0.775634,0.000000,0.601353,0.000000,0.807519,0.955978,0.368615,0.277992,0.291694,0.889573,0.220482,0.728252,0.910557,0.831678,0.000000,0.498303,0.091354,0.000000,0.205403,0.018978,0.000000,0.616340,0.403884,0.305136,0.517164,0.000000,0.644645,0.858339,0.717636,0.073777,0.623621,0.569599,0.577767,0.037595,0.876119,0.593641,0.142110,0.125515,0.000000,0.249788,0.264025,0.630764,0.468621,0.000000,0.796131,0.926153
uid346,0.055859,0.000000,0.000000,0.380597,0.630764,0.000000,0.158391,0.468621,0.108598,0.651389,0.000000,0.142110,0.368615,0.073777,0.733409,0.552786,0.664495,0.658005,0.000000,0.125515,0.415196,0.000000,0.000000,0.000000,0.403884,0.000000,0.018978,0.331260,0.000000,0.318323,0.437182,0.517164,0.277992,0.343951,0.392352,0.091354,0.037595,0.695145,0.000000,0.637771,0.000000,0.235276,0.000000,0.190031,0.498303,0.915553,0.852805,0.488598,0.000000,0.000000,0.738468,0.220482,0.712174,0.205403,0.000000,0.623621,0.000000
uid347,0.517164,0.000000,0.834873,0.091354,0.664495,0.712174,0.897720,0.174363,0.498303,0.828422,0.507824,0.855598,0.037595,0.205403,0.305136,0.630764,0.807519,0.788167,0.858339,0.356401,0.158391,0.000000,0.000000,0.000000,0.055859,0.000000,0.073777,0.018978,0.891668,0.921784,0.125515,0.426295,0.190031,0.000000,0.108598,0.478705,0.468621,0.318323,0.000000,0.403884,0.683236,0.142110,0.277992,0.331260,0.695145,0.000000,0.923268,0.235276,0.000000,0.743431,0.873723,0.000000,0.392352,0.779892,0.000000,0.415196,0.000000
uid348,0.000000,0.000000,0.000000,0.000000,0.000000,0.331260,0.000000,0.000000,0.000000,0.000000,0.000000,0.291694,0.000000,0.478705,0.305136,0.000000,0.205403,0.356401,0.000000,0.507824,0.000000,0.277992,0.000000,0.055859,0.000000,0.000000,0.158391,0.235276,0.000000,0.125515,0.000000,0.108598,0.174363,0.249788,0.000000,0.018978,0.000000,0.468621,0.000000,0.091354,0.000000,0.037595,0.000000,0.220482,0.000000,0.000000,0.403884,0.190031,0.000000,0.000000,0.000000,0.000000,0.318323,0.447863,0.000000,0.000000,0.000000
uid349,0.073777,0.960000,0.142110,0.651389,0.910557,0.897720,0.552786,0.091354,0.517164,0.000000,0.437182,0.415196,0.000000,0.488598,0.000000,0.766870,0.722995,0.318323,0.544135,0.644645,0.807519,0.601353,0.108598,0.664495,0.873723,0.000000,0.125515,0.018978,0.000000,0.585780,0.608918,0.331260,0.380597,0.000000,0.249788,0.190031,0.000000,0.733409,0.526327,0.055859,0.855598,0.677108,0.235276,0.264025,0.205403,0.788167,0.305136,0.277992,0.498303,0.000000,0.577767,0.630764,0.368615,0.403884,0.000000,0.852805,0.908827
uid350,0.142110,0.158391,0.000000,0.392352,0.664495,0.000000,0.000000,0.616340,0.249788,0.000000,0.318323,0.000000,0.517164,0.368615,0.000000,0.447863,0.220482,0.055859,0.108598,0.000000,0.577767,0.000000,0.000000,0.000000,0.426295,0.000000,0.205403,0.174363,0.000000,0.037595,0.561273,0.264025,0.437182,0.498303,0.552786,0.277992,0.343951,0.000000,0.000000,0.125515,0.000000,0.018978,0.700930,0.091354,0.235276,0.000000,0.000000,0.073777,0.000000,0.637771,0.000000,0.000000,0.728252,0.000000,0.000000,0.000000,0.000000
uid351,0.447863,0.437182,0.800000,0.577767,0.277992,0.158391,0.526327,0.190031,0.841081,0.944599,0.000000,0.825103,0.868790,0.343951,0.601353,0.955978,0.552786,0.380597,0.368615,0.717636,0.885259,0.331260,0.000000,0.000000,0.415196,0.000000,0.305136,0.073777,0.000000,0.498303,0.883039,0.037595,0.091354,0.585780,0.205403,0.623621,0.930278,0.569599,0.125515,0.403884,0.018978,0.055859,0.356401,0.264025,0.458341,0.000000,0.923268,0.392352,0.235276,0.897720,0.000000,0.757763,0.174363,0.834873,0.000000,0.807519,0.249788
uid352,0.264025,0.125515,0.871280,0.343951,0.447863,0.800000,0.037595,0.918728,0.249788,0.291694,0.415196,0.535317,0.000000,0.689247,0.488598,0.478705,0.722995,0.073777,0.893724,0.356401,0.205403,0.000000,0.000000,0.000000,0.468621,0.000000,0.174363,0.108598,0.901565,0.766870,0.873723,0.277992,0.055859,0.000000,0.331260,0.403884,0.577767,0.644645,0.000000,0.670862,0.784069,0.220482,0.018978,0.142110,0.498303,0.000000,0.552786,0.392352,0.000000,0.190031,0.426295,0.000000,0.757763,0.658005,0.000000,0.677108,0.000000
uid353,0.488598,0.849958,0.000000,0.055859,0.392352,0.174363,0.677108,0.190031,0.447863,0.722995,0.125515,0.637771,0.000000,0.544135,0.000000,0.601353,0.784069,0.779892,0.000000,0.000000,0.792187,0.000000,0.000000,0.000000,0.343951,0.000000,0.507824,0.108598,0.000000,0.630764,0.037595,0.073777,0.018978,0.249788,0.205403,0.305136,0.526327,0.803796,0.142110,0.771294,0.356401,0.478705,0.644645,0.700930,0.291694,0.831678,0.683236,0.415196,0.235276,0.903433,0.885259,0.000000,0.158391,0.000000,0.000000,0.748300,0.000000
uid354,0.415196,0.849958,0.965684,0.488598,0.788167,0.738468,0.220482,0.158391,0.174363,0.000000,0.000000,0.343951,0.949660,0.055859,0.910557,0.535317,0.858339,0.264025,0.190031,0.863665,0.957633,0.784069,0.000000,0.000000,0.544135,0.000000,0.437182,0.249788,0.000000,0.834873,0.955978,0.018978,0.331260,0.920271,0.073777,0.368615,0.478705,0.585780,0.142110,0.803796,0.677108,0.426295,0.670862,0.205403,0.108598,0.000000,0.356401,0.593641,0.091354,0.000000,0.895741,0.883039,0.037595,0.305136,0.000000,0.000000,0.753077
uid355,0.190031,0.000000,0.000000,0.577767,0.037595,0.722995,0.305136,0.748300,0.000000,0.000000,0.277992,0.762360,0.753077,0.488598,0.858339,0.468621,0.000000,0.000000,0.000000,0.738468,0.331260,0.000000,0.000000,0.000000,0.616340,0.000000,0.318323,0.073777,0.000000,0.838006,0.800000,0.055859,0.544135,0.091354,0.717636,0.458341,0.585780,0.018978,0.000000,0.220482,0.712174,0.368615,0.863665,0.174363,0.142110,0.000000,0.158391,0.630764,0.000000,0.437182,0.000000,0.108598,0.415196,0.125515,0.000000,0.887436,0.000000
uid356,0.305136,0.608918,0.468621,0.037595,0.651389,0.000000,0.561273,0.205403,0.700930,0.000000,0.415196,0.380597,0.125515,0.220482,0.264025,0.488598,0.000000,0.000000,0.498303,0.277992,0.091354,0.000000,0.000000,0.000000,0.158391,0.000000,0.018978,0.108598,0.593641,0.403884,0.000000,0.318323,0.142110,0.174363,0.073777,0.392352,0.000000,0.000000,0.000000,0.000000,0.000000,0.055859,0.695145,0.535317,0.426295,0.000000,0.000000,0.190031,0.000000,0.623621,0.291694,0.000000,0.331260,0.249788,0.000000,0.000000,0.000000
uid357,0.142110,0.190031,0.000000,0.577767,0.000000,0.000000,0.807519,0.458341,0.757763,0.905265,0.844096,0.644645,0.544135,0.108598,0.488598,0.788167,0.368615,0.762360,0.055859,0.437182,0.593641,0.000000,0.000000,0.000000,0.498303,0.000000,0.331260,0.174363,0.000000,0.426295,0.601353,0.091354,0.507824,0.526327,0.569599,0.158391,0.931601,0.073777,0.000000,0.907063,0.000000,0.205403,0.855598,0.803796,0.943527,0.000000,0.264025,0.608918,0.000000,0.825103,0.018978,0.000000,0.415196,0.717636,0.000000,0.037595,0.000000
uid358,0.000000,0.658005,0.651389,0.220482,0.368615,0.142110,0.205403,0.526327,0.728252,0.125515,0.953374,0.000000,0.000000,0.733409,0.000000,0.478705,0.863665,0.577767,0.507824,0.535317,0.037595,0.190031,0.637771,0.897720,0.055859,0.000000,0.018978,0.415196,0.000000,0.305136,0.488598,0.235276,0.392352,0.277992,0.544135,0.437182,0.849958,0.757763,0.000000,0.585780,0.955127,0.291694,0.091354,0.331260,0.356401,0.811172,0.380597,0.630764,0.073777,0.447863,0.847055,0.943527,0.158391,0.174363,0.000000,0.108598,0.000000
uid359,0.037595,0.000000,0.717636,0.544135,0.458341,0.775634,0.706606,0.733409,0.368615,0.000000,0.249788,0.174363,0.000000,0.000000,0.091354,0.825103,0.000000,0.803796,0.895741,0.055859,0.277992,0.000000,0.000000,0.000000,0.447863,0.000000,0.142110,0.517164,0.847055,0.205403,0.779892,0.000000,0.235276,0.158391,0.478705,0.190031,0.880777,0.577767,0.000000,0.637771,0.498303,0.291694,0.585780,0.535317,0.220482,0.000000,0.858339,0.766870,0.871280,0.264025,0.073777,0.728252,0.018978,0.108598,0.000000,0.630764,0.000000
uid360,0.368615,0.392352,0.000000,0.235276,0.220482,0.722995,0.249788,0.728252,0.561273,0.000000,0.664495,0.142110,0.000000,0.478705,0.000000,0.866252,0.907063,0.000000,0.343951,0.552786,0.889573,0.488598,0.831678,0.924724,0.535317,0.000000,0.403884,0.331260,0.000000,0.264025,0.903433,0.018978,0.091354,0.174363,0.733409,0.158391,0.000000,0.863665,0.706606,0.356401,0.677108,0.291694,0.507824,0.318323,0.762360,0.878470,0.108598,0.277992,0.190031,0.000000,0.000000,0.616340,0.037595,0.125515,0.000000,0.932899,0.426295
uid361,0.018978,0.000000,0.305136,0.000000,0.000000,0.000000,0.415196,0.000000,0.125515,0.000000,0.318323,0.000000,0.000000,0.000000,0.447863,0.356401,0.000000,0.535317,0.331260,0.249788,0.108598,0.000000,0.000000,0.000000,0.000000,0.000000,0.264025,0.277992,0.468621,0.000000,0.343951,0.437182,0.037595,0.073777,0.220482,0.000000,0.158391,0.235276,0.000000,0.000000,0.000000,0.000000,0.000000,0.392352,0.000000,0.000000,0.055859,0.000000,0.000000,0.000000,0.000000,0.000000,0.000000,0.142110,0.000000,0.000000,0.000000
uid362,0.343951,0.000000,0.593641,0.468621,0.507824,0.928929,0.318323,0.852805,0.849958,0.000000,0.821720,0.950615,0.000000,0.264025,0.880777,0.220482,0.205403,0.689247,0.426295,0.437182,0.585780,0.380597,0.000000,0.037595,0.917156,0.000000,0.125515,0.695145,0.000000,0.142110,0.000000,0.091354,0.174363,0.670862,0.447863,0.018978,0.000000,0.488598,0.847055,0.108598,0.918728,0.073777,0.561273,0.803796,0.706606,0.000000,0.818271,0.190031,0.748300,0.000000,0.403884,0.415196,0.291694,0.738468,0.000000,0.901565,0.000000
uid363,0.291694,0.000000,0.818271,0.415196,0.630764,0.658005,0.000000,0.000000,0.073777,0.728252,0.264025,0.125515,0.000000,0.091354,0.852805,0.517164,0.712174,0.717636,0.828422,0.108598,0.706606,0.000000,0.000000,0.000000,0.392352,0.000000,0.305136,0.552786,0.861027,0.158391,0.825103,0.318323,0.220482,0.488598,0.544135,0.277992,0.368615,0.683236,0.000000,0.722995,0.601353,0.205403,0.000000,0.018978,0.526327,0.000000,0.771294,0.561273,0.000000,0.000000,0.880777,0.190031,0.871280,0.055859,0.000000,0.593641,0.000000
uid364,0.158391,0.073777,0.706606,0.249788,0.205403,0.507824,0.368615,0.924724,0.552786,0.000000,0.343951,0.478705,0.000000,0.037595,0.498303,0.000000,0.945650,0.544135,0.174363,0.577767,0.700930,0.517164,0.952472,0.935422,0.959226,0.000000,0.887436,0.356401,0.000000,0.871280,0.305136,0.235276,0.651389,0.125515,0.585780,0.689247,0.000000,0.108598,0.921784,0.264025,0.331260,0.728252,0.561273,0.142110,0.091354,0.831678,0.844096,0.392352,0.000000,0.847055,0.828422,0.000000,0.488598,0.878470,0.000000,0.608918,0.658005
uid365,0.018978,0.000000,0.108598,0.437182,0.733409,0.852805,0.415196,0.585780,0.608918,0.000000,0.356401,0.277992,0.000000,0.552786,0.000000,0.478705,0.000000,0.235276,0.601353,0.000000,0.683236,0.753077,0.000000,0.000000,0.468621,0.000000,0.142110,0.616340,0.000000,0.000000,0.717636,0.220482,0.305136,0.073777,0.125515,0.037595,0.000000,0.825103,0.561273,0.784069,0.403884,0.821720,0.205403,0.055859,0.000000,0.644645,0.158391,0.190031,0.569599,0.000000,0.000000,0.000000,0.318323,0.331260,0.000000,0.368615,0.743431
uid366,0.616340,0.000000,0.000000,0.331260,0.664495,0.915553,0.091354,0.403884,0.125515,0.000000,0.841081,0.037595,0.318323,0.158391,0.468621,0.766870,0.928929,0.000000,0.838006,0.000000,0.415196,0.000000,0.000000,0.000000,0.277992,0.000000,0.380597,0.305136,0.000000,0.205403,0.368615,0.544135,0.235276,0.249788,0.356401,0.658005,0.889573,0.478705,0.000000,0.535317,0.803796,0.055859,0.447863,0.018978,0.733409,0.000000,0.855598,0.392352,0.000000,0.683236,0.738468,0.174363,0.593641,0.108598,0.828422,0.577767,0.000000
uid367,0.000000,0.000000,0.000000,0.174363,0.000000,0.644645,0.055859,0.235276,0.305136,0.000000,0.561273,0.264025,0.000000,0.108598,0.000000,0.205403,0.000000,0.000000,0.000000,0.277992,0.000000,0.000000,0.000000,0.000000,0.000000,0.000000,0.498303,0.593641,0.000000,0.368615,0.000000,0.037595,0.426295,0.091354,0.623621,0.158391,0.000000,0.190031,0.608918,0.544135,0.552786,0.125515,0.018978,0.318323,0.000000,0.000000,0.000000,0.000000,0.000000,0.000000,0.478705,0.392352,0.630764,0.356401,0.000000,0.000000,0.000000
uid368,0.356401,0.000000,0.000000,0.000000,0.000000,0.000000,0.403884,0.447863,0.000000,0.000000,0.264025,0.331260,0.000000,0.000000,0.000000,0.426295,0.000000,0.108598,0.277992,0.055859,0.000000,0.000000,0.000000,0.000000,0.000000,0.000000,0.000000,0.220482,0.000000,0.000000,0.000000,0.000000,0.000000,0.235276,0.249788,0.000000,0.000000,0.018978,0.000000,0.000000,0.000000,0.000000,0.000000,0.368615,0.437182,0.073777,0.091354,0.000000,0.158391,0.125515,0.037595,0.305136,0.380597,0.000000,0.000000,0.000000,0.000000
uid369,0.717636,0.722995,0.784069,0.552786,0.277992,0.623621,0.437182,0.174363,0.091354,0.000000,0.569599,0.814755,0.897720,0.356401,0.883039,0.535317,0.743431,0.380597,0.018978,0.807519,0.108598,0.343951,0.000000,0.000000,0.403884,0.000000,0.305136,0.073777,0.000000,0.689247,0.190031,0.142110,0.318323,0.037595,0.644645,0.517164,0.000000,0.526327,0.630764,0.415196,0.577767,0.488598,0.368615,0.158391,0.125515,0.000000,0.000000,0.205403,0.677108,0.000000,0.000000,0.788167,0.664495,0.841081,0.000000,0.878470,0.264025
uid370,0.426295,0.000000,0.000000,0.535317,0.000000,0.277992,0.000000,0.055859,0.235276,0.190031,0.585780,0.807519,0.125515,0.000000,0.811172,0.037595,0.733409,0.220482,0.552786,0.291694,0.249788,0.343951,0.000000,0.683236,0.000000,0.000000,0.526327,0.380597,0.000000,0.630764,0.664495,0.447863,0.437182,0.108598,0.264025,0.488598,0.000000,0.468621,0.569599,0.091354,0.762360,0.608918,0.305136,0.018978,0.073777,0.000000,0.000000,0.142110,0.771294,0.000000,0.158391,0.561273,0.818271,0.000000,0.000000,0.392352,0.403884
uid371,0.018978,0.488598,0.000000,0.000000,0.458341,0.000000,0.368615,0.577767,0.343951,0.000000,0.190031,0.158391,0.000000,0.630764,0.055859,0.000000,0.644645,0.318323,0.000000,0.073777,0.000000,0.000000,0.000000,0.000000,0.695145,0.000000,0.142110,0.305136,0.000000,0.220482,0.291694,0.000000,0.235276,0.174363,0.392352,0.205403,0.000000,0.356401,0.000000,0.000000,0.000000,0.507824,0.593641,0.000000,0.249788,0.437182,0.000000,0.478705,0.000000,0.498303,0.091354,0.000000,0.037595,0.125515,0.000000,0.000000,0.000000
uid372,0.305136,0.722995,0.220482,0.630764,0.838006,0.000000,0.517164,0.507824,0.478705,0.969992,0.458341,0.866252,0.899661,0.437182,0.945650,0.601353,0.205403,0.651389,0.498303,0.876119,0.775634,0.000000,0.000000,0.018978,0.637771,0.000000,0.108598,0.526327,0.939029,0.158391,0.000000,0.073777,0.174363,0.249788,0.318323,0.055859,0.000000,0.807519,0.488598,0.125515,0.577767,0.091354,0.343951,0.331260,0.291694,0.738468,0.380597,0.190031,0.392352,0.000000,0.000000,0.861027,0.447863,0.873723,0.000000,0.552786,0.000000
uid373,0.478705,0.343951,0.738468,0.601353,0.264025,0.937849,0.142110,0.593641,0.018978,0.968216,0.277992,0.957633,0.000000,0.616340,0.677108,0.753077,0.447863,0.091354,0.664495,0.630764,0.706606,0.000000,0.000000,0.000000,0.517164,0.000000,0.771294,0.073777,0.000000,0.426295,0.000000,0.037595,0.291694,0.055859,0.205403,0.585780,0.000000,0.125515,0.000000,0.318323,0.000000,0.658005,0.403884,0.356401,0.965021,0.220482,0.458341,0.637771,0.868790,0.766870,0.498303,0.000000,0.608918,0.000000,0.683236,0.623621,0.000000
uid374,0.000000,0.000000,0.000000,0.142110,0.000000,0.000000,0.000000,0.000000,0.000000,0.000000,0.000000,0.000000,0.000000,0.000000,0.000000,0.000000,0.000000,0.037595,0.158391,0.220482,0.000000,0.000000,0.000000,0.000000,0.000000,0.000000,0.000000,0.091354,0.000000,0.125515,0.000000,0.174363,0.000000,0.073777,0.000000,0.018978,0.000000,0.000000,0.000000,0.277992,0.000000,0.000000,0.000000,0.000000,0.108598,0.000000,0.000000,0.000000,0.000000,0.000000,0.055859,0.000000,0.000000,0.190031,0.000000,0.000000,0.000000
uid375,0.000000,0.683236,0.623621,0.091354,0.535317,0.458341,0.651389,0.235276,0.000000,0.000000,0.356401,0.000000,0.037595,0.220482,0.552786,0.644645,0.000000,0.000000,0.517164,0.305136,0.158391,0.000000,0.000000,0.000000,0.073777,0.000000,0.055859,0.018978,0.000000,0.712174,0.125515,0.264025,0.174363,0.000000,0.108598,0.630764,0.000000,0.000000,0.437182,0.277992,0.368615,0.142110,0.331260,0.608918,0.000000,0.000000,0.000000,0.190031,0.507824,0.000000,0.000000,0.000000,0.249788,0.000000,0.544135,0.318323,0.000000
uid376,0.664495,0.965684,0.912255,0.561273,0.670862,0.722995,0.392352,0.108598,0.142110,0.899661,0.264025,0.630764,0.000000,0.277992,0.000000,0.468621,0.941321,0.569599,0.158391,0.811172,0.073777,0.000000,0.706606,0.000000,0.552786,0.000000,0.940186,0.125515,0.000000,0.921784,0.205403,0.091354,0.447863,0.000000,0.291694,0.644645,0.000000,0.825103,0.380597,0.689247,0.535317,0.748300,0.544135,0.235276,0.018978,0.190031,0.488598,0.220482,0.305136,0.969411,0.936647,0.000000,0.249788,0.623621,0.000000,0.498303,0.000000
uid377,0.291694,0.000000,0.205403,0.108598,0.658005,0.000000,0.498303,0.507824,0.447863,0.000000,0.380597,0.000000,0.000000,0.437182,0.000000,0.717636,0.000000,0.190031,0.018978,0.037595,0.000000,0.651389,0.000000,0.000000,0.706606,0.000000,0.220482,0.142110,0.000000,0.091354,0.000000,0.073777,0.616340,0.055859,0.318323,0.235276,0.000000,0.535317,0.468621,0.677108,0.712174,0.766870,0.331260,0.305136,0.000000,0.000000,0.356401,0.368615,0.458341,0.000000,0.125515,0.000000,0.403884,0.158391,0.000000,0.728252,0.608918
uid378,0.291694,0.821720,0.644645,0.601353,0.073777,0.608918,0.689247,0.921784,0.762360,0.174363,0.415196,0.264025,0.000000,0.018978,0.343951,0.220482,0.142110,0.158391,0.658005,0.318323,0.249788,0.000000,0.000000,0.000000,0.535317,0.000000,0.205403,0.569599,0.722995,0.437182,0.630764,0.000000,0.468621,0.037595,0.190031,0.426295,0.766870,0.235276,0.000000,0.108598,0.552786,0.932899,0.834873,0.125515,0.458341,0.878470,0.743431,0.593641,0.000000,0.940186,0.356401,0.000000,0.331260,0.368615,0.000000,0.055859,0.000000
uid379,0.018978,0.000000,0.000000,0.091354,0.447863,0.478705,0.689247,0.000000,0.055859,0.738468,0.174363,0.757763,0.000000,0.073777,0.878470,0.356401,0.796131,0.700930,0.000000,0.651389,0.526327,0.000000,0.000000,0.000000,0.190031,0.000000,0.235276,0.458341,0.000000,0.585780,0.000000,0.037595,0.331260,0.368615,0.415196,0.108598,0.000000,0.771294,0.000000,0.743431,0.426295,0.158391,0.000000,0.677108,0.318323,0.000000,0.821720,0.498303,0.000000,0.517164,0.664495,0.000000,0.569599,0.577767,0.000000,0.728252,0.000000
uid380,0.630764,0.644645,0.717636,0.403884,0.037595,0.517164,0.264025,0.415196,0.738468,0.000000,0.426295,0.748300,0.000000,0.108598,0.814755,0.392352,0.664495,0.174363,0.158391,0.743431,0.000000,0.125515,0.000000,0.000000,0.220482,0.000000,0.073777,0.055859,0.000000,0.577767,0.000000,0.235276,0.091354,0.318323,0.544135,0.356401,0.000000,0.368615,0.498303,0.205403,0.437182,0.305136,0.142110,0.000000,0.670862,0.000000,0.000000,0.190031,0.552786,0.000000,0.000000,0.728252,0.535317,0.775634,0.000000,0.855598,0.018978
uid381,0.535317,0.717636,0.249788,0.814755,0.415196,0.838006,0.488598,0.784069,0.447863,0.775634,0.728252,0.825103,0.000000,0.158391,0.037595,0.264025,0.637771,0.000000,0.380597,0.878470,0.142110,0.000000,0.000000,0.000000,0.762360,0.000000,0.630764,0.478705,0.000000,0.368615,0.018978,0.318323,0.174363,0.055859,0.305136,0.235276,0.000000,0.608918,0.000000,0.498303,0.000000,0.291694,0.000000,0.205403,0.073777,0.000000,0.458341,0.000000,0.517164,0.000000,0.601353,0.000000,0.426295,0.000000,0.091354,0.468621,0.000000
uid382,0.517164,0.908827,0.873723,0.000000,0.728252,0.695145,0.883039,0.458341,0.468621,0.831678,0.478705,0.738468,0.343951,0.426295,0.125515,0.608918,0.861027,0.844096,0.880777,0.108598,0.318323,0.000000,0.000000,0.000000,0.368615,0.000000,0.331260,0.305136,0.903433,0.000000,0.380597,0.174363,0.447863,0.220482,0.356401,0.507824,0.535317,0.018978,0.000000,0.264025,0.717636,0.190031,0.037595,0.073777,0.651389,0.000000,0.757763,0.437182,0.000000,0.905265,0.000000,0.000000,0.249788,0.775634,0.000000,0.158391,0.000000
uid383,0.158391,0.073777,0.478705,0.811172,0.125515,0.838006,0.000000,0.728252,0.380597,0.775634,0.249788,0.818271,0.000000,0.630764,0.569599,0.526327,0.000000,0.000000,0.507824,0.356401,0.623621,0.000000,0.000000,0.000000,0.458341,0.000000,0.318323,0.190031,0.585780,0.403884,0.415196,0.277992,0.535317,0.142110,0.018978,0.264025,0.000000,0.000000,0.825103,0.000000,0.000000,0.108598,0.392352,0.174363,0.291694,0.000000,0.766870,0.091354,0.000000,0.037595,0.343951,0.000000,0.055859,0.000000,0.593641,0.000000,0.000000
uid384,0.630764,0.000000,0.000000,0.073777,0.055859,0.415196,0.498303,0.437182,0.478705,0.000000,0.318323,0.507824,0.000000,0.190031,0.000000,0.608918,0.000000,0.249788,0.235276,0.488598,0.000000,0.205403,0.000000,0.623621,0.291694,0.000000,0.158391,0.142110,0.000000,0.601353,0.000000,0.331260,0.037595,0.000000,0.447863,0.000000,0.000000,0.000000,0.392352,0.277992,0.305136,0.343951,0.220482,0.108598,0.000000,0.000000,0.000000,0.264025,0.018978,0.000000,0.000000,0.569599,0.426295,0.544135,0.000000,0.000000,0.091354
uid385,0.190031,0.928929,0.108598,0.037595,0.073777,0.899661,0.717636,0.356401,0.526327,0.000000,0.651389,0.468621,0.000000,0.670862,0.000000,0.616340,0.934172,0.403884,0.507824,0.000000,0.535317,0.873723,0.368615,0.637771,0.775634,0.000000,0.091354,0.291694,0.000000,0.623621,0.585780,0.380597,0.000000,0.055859,0.220482,0.125515,0.000000,0.841081,0.700930,0.331260,0.753077,0.821720,0.235276,0.205403,0.142110,0.498303,0.277992,0.264025,0.018978,0.000000,0.000000,0.000000,0.415196,0.478705,0.000000,0.766870,0.849958
uid386,0.331260,0.753077,0.517164,0.249788,0.644645,0.947694,0.264025,0.792187,0.091354,0.923268,0.535317,0.305136,0.000000,0.712174,0.616340,0.205403,0.959226,0.108598,0.561273,0.073777,0.380597,0.000000,0.000000,0.000000,0.651389,0.000000,0.291694,0.498303,0.637771,0.037595,0.526327,0.158391,0.000000,0.235276,0.018978,0.664495,0.415196,0.458341,0.000000,0.878470,0.000000,0.174363,0.700930,0.277992,0.920271,0.000000,0.343951,0.142110,0.863665,0.670862,0.220482,0.000000,0.811172,0.403884,0.683236,0.855598,0.000000
uid387,0.000000,0.000000,0.000000,0.000000,0.000000,0.000000,0.018978,0.190031,0.235276,0.000000,0.000000,0.000000,0.000000,0.037595,0.000000,0.000000,0.000000,0.000000,0.158391,0.000000,0.331260,0.000000,0.000000,0.000000,0.000000,0.000000,0.000000,0.125515,0.000000,0.000000,0.426295,0.073777,0.000000,0.249788,0.055859,0.000000,0.000000,0.000000,0.174363,0.000000,0.000000,0.000000,0.000000,0.220482,0.205403,0.277992,0.000000,0.380597,0.091354,0.000000,0.000000,0.000000,0.142110,0.000000,0.000000,0.000000,0.000000
uid388,0.526327,0.000000,0.468621,0.577767,0.220482,0.000000,0.478705,0.000000,0.658005,0.190031,0.380597,0.318323,0.000000,0.108598,0.507824,0.205403,0.277992,0.305136,0.415196,0.037595,0.291694,0.000000,0.000000,0.000000,0.535317,0.000000,0.174363,0.343951,0.498303,0.788167,0.458341,0.125515,0.356401,0.073777,0.158391,0.637771,0.593641,0.142110,0.000000,0.264025,0.000000,0.000000,0.018978,0.249788,0.753077,0.000000,0.722995,0.814755,0.000000,0.000000,0.838006,0.733409,0.000000,0.771294,0.000000,0.055859,0.000000
uid389,0.000000,0.000000,0.000000,0.748300,0.125515,0.000000,0.318323,0.343951,0.637771,0.000000,0.498303,0.000000,0.000000,0.616340,0.000000,0.305136,0.000000,0.392352,0.291694,0.331260,0.073777,0.000000,0.000000,0.000000,0.000000,0.000000,0.766870,0.205403,0.000000,0.000000,0.277992,0.055859,0.108598,0.235276,0.356401,0.220482,0.000000,0.000000,0.644645,0.415196,0.507824,0.018978,0.403884,0.037595,0.091354,0.000000,0.142110,0.535317,0.544135,0.174363,0.757763,0.000000,0.264025,0.000000,0.000000,0.458341,0.000000
uid390,0.108598,0.142110,0.277992,0.073777,0.174363,0.037595,0.055859,0.000000,0.190031,0.000000,0.000000,0.000000,0.000000,0.368615,0.000000,0.000000,0.000000,0.526327,0.468621,0.000000,0.000000,0.000000,0.000000,0.000000,0.000000,0.000000,0.000000,0.488598,0.000000,0.000000,0.000000,0.380597,0.091354,0.458341,0.000000,0.205403,0.000000,0.331260,0.000000,0.392352,0.000000,0.264025,0.000000,0.018978,0.220482,0.000000,0.000000,0.249788,0.000000,0.000000,0.000000,0.000000,0.000000,0.000000,0.000000,0.000000,0.000000
uid391,0.748300,0.552786,0.000000,0.368615,0.544135,0.000000,0.205403,0.158391,0.174363,0.000000,0.018978,0.000000,0.277992,0.091354,0.000000,0.000000,0.000000,0.000000,0.190031,0.000000,0.343951,0.000000,0.000000,0.000000,0.249788,0.000000,0.291694,0.220482,0.000000,0.437182,0.331260,0.055859,0.380597,0.305136,0.073777,0.498303,0.000000,0.757763,0.142110,0.738468,0.000000,0.318323,0.478705,0.235276,0.037595,0.000000,0.743431,0.426295,0.108598,0.569599,0.762360,0.000000,0.000000,0.000000,0.447863,0.683236,0.000000
uid392,0.249788,0.356401,0.073777,0.895741,0.498303,0.000000,0.235276,0.535317,0.569599,0.000000,0.055859,0.000000,0.000000,0.717636,0.205403,0.108598,0.000000,0.868790,0.091354,0.142110,0.915553,0.784069,0.821720,0.828422,0.861027,0.000000,0.458341,0.018978,0.277992,0.415196,0.037595,0.220482,0.190031,0.000000,0.585780,0.630764,0.000000,0.891668,0.733409,0.318323,0.880777,0.447863,0.403884,0.174363,0.637771,0.907063,0.683236,0.437182,0.728252,0.468621,0.000000,0.000000,0.593641,0.000000,0.000000,0.779892,0.847055
uid393,0.000000,0.000000,0.000000,0.142110,0.000000,0.000000,0.000000,0.205403,0.000000,0.000000,0.235276,0.000000,0.000000,0.000000,0.000000,0.000000,0.561273,0.000000,0.073777,0.368615,0.190031,0.331260,0.000000,0.507824,0.000000,0.000000,0.125515,0.000000,0.000000,0.291694,0.544135,0.447863,0.091354,0.000000,0.220482,0.108598,0.000000,0.000000,0.158391,0.526327,0.000000,0.174363,0.000000,0.018978,0.037595,0.000000,0.000000,0.478705,0.000000,0.000000,0.249788,0.055859,0.000000,0.000000,0.000000,0.000000,0.000000
uid394,0.498303,0.000000,0.000000,0.091354,0.000000,0.000000,0.738468,0.447863,0.526327,0.000000,0.478705,0.748300,0.458341,0.356401,0.190031,0.608918,0.000000,0.677108,0.000000,0.055859,0.392352,0.000000,0.000000,0.000000,0.318323,0.000000,0.368615,0.380597,0.000000,0.651389,0.403884,0.142110,0.331260,0.291694,0.437182,0.535317,0.468621,0.158391,0.000000,0.073777,0.000000,0.037595,0.000000,0.018978,0.000000,0.000000,0.766870,0.305136,0.000000,0.000000,0.728252,0.000000,0.205403,0.784069,0.000000,0.264025,0.000000
uid395,0.526327,0.000000,0.000000,0.055859,0.000000,0.664495,0.000000,0.205403,0.478705,0.000000,0.507824,0.000000,0.142110,0.220482,0.380597,0.569599,0.000000,0.000000,0.000000,0.318323,0.000000,0.000000,0.000000,0.000000,0.158391,0.000000,0.018978,0.091354,0.000000,0.000000,0.037595,0.415196,0.235276,0.125515,0.073777,0.488598,0.544135,0.403884,0.000000,0.277992,0.683236,0.108598,0.331260,0.305136,0.700930,0.000000,0.000000,0.174363,0.000000,0.000000,0.000000,0.000000,0.249788,0.000000,0.000000,0.458341,0.000000
uid396,0.220482,0.753077,0.792187,0.637771,0.738468,0.055859,0.821720,0.000000,0.037595,0.403884,0.000000,0.000000,0.000000,0.683236,0.847055,0.000000,0.658005,0.018978,0.356401,0.108598,0.871280,0.174363,0.796131,0.000000,0.630764,0.873723,0.849958,0.142110,0.000000,0.000000,0.000000,0.291694,0.249788,0.644645,0.000000,0.803796,0.601353,0.318323,0.000000,0.158391,0.000000,0.779892,0.073777,0.125515,0.458341,0.380597,0.437182,0.277992,0.569599,0.507824,0.392352,0.000000,0.415196,0.868790,0.000000,0.190031,0.264025
uid397,0.158391,0.535317,0.318323,0.700930,0.593641,0.695145,0.426295,0.683236,0.142110,0.670862,0.277992,0.037595,0.000000,0.000000,0.447863,0.356401,0.000000,0.000000,0.368615,0.235276,0.190031,0.000000,0.000000,0.000000,0.651389,0.000000,0.249788,0.305136,0.478705,0.577767,0.331260,0.458341,0.091354,0.108598,0.018978,0.000000,0.000000,0.264025,0.000000,0.488598,0.000000,0.000000,0.569599,0.392352,0.630764,0.000000,0.205403,0.000000,0.000000,0.000000,0.000000,0.000000,0.616340,0.174363,0.000000,0.000000,0.000000
uid398,0.526327,0.458341,0.651389,0.037595,0.392352,0.000000,0.277992,0.108598,0.220482,0.788167,0.403884,0.608918,0.000000,0.748300,0.569599,0.706606,0.796131,0.235276,0.677108,0.544135,0.800000,0.000000,0.000000,0.000000,0.073777,0.000000,0.585780,0.142110,0.733409,0.158391,0.125515,0.174363,0.055859,0.091354,0.343951,0.601353,0.878470,0.305136,0.000000,0.426295,0.000000,0.921784,0.507824,0.478705,0.630764,0.331260,0.018978,0.000000,0.000000,0.934172,0.561273,0.000000,0.535317,0.552786,0.000000,0.766870,0.000000
uid399,0.644645,0.630764,0.717636,0.380597,0.000000,0.517164,0.235276,0.392352,0.814755,0.000000,0.447863,0.821720,0.000000,0.108598,0.757763,0.368615,0.670862,0.174363,0.142110,0.779892,0.000000,0.125515,0.000000,0.000000,0.403884,0.000000,0.073777,0.055859,0.000000,0.577767,0.000000,0.220482,0.091354,0.291694,0.544135,0.331260,0.000000,0.343951,0.498303,0.415196,0.437182,0.277992,0.158391,0.018978,0.658005,0.000000,0.000000,0.190031,0.561273,0.000000,0.000000,0.728252,0.535317,0.841081,0.000000,0.807519,0.037595
uid400,0.700930,0.887436,0.771294,0.091354,0.561273,0.601353,0.831678,0.220482,0.677108,0.000000,0.775634,0.689247,0.055859,0.235276,0.318323,0.796131,0.918728,0.000000,0.807519,0.415196,0.158391,0.000000,0.000000,0.000000,0.037595,0.000000,0.073777,0.018978,0.834873,0.838006,0.142110,0.368615,0.174363,0.000000,0.108598,0.478705,0.733409,0.331260,0.000000,0.392352,0.544135,0.125515,0.277992,0.305136,0.507824,0.000000,0.695145,0.205403,0.000000,0.644645,0.924724,0.000000,0.356401,0.683236,0.000000,0.447863,0.000000
uid401,0.291694,0.858339,0.205403,0.091354,0.876119,0.000000,0.498303,0.706606,0.488598,0.949660,0.738468,0.468621,0.623621,0.526327,0.825103,0.788167,0.935422,0.018978,0.142110,0.190031,0.677108,0.000000,0.000000,0.000000,0.637771,0.000000,0.220482,0.037595,0.000000,0.108598,0.683236,0.125515,0.437182,0.055859,0.318323,0.277992,0.753077,0.930278,0.000000,0.000000,0.000000,0.569599,0.331260,0.305136,0.073777,0.000000,0.368615,0.356401,0.000000,0.866252,0.000000,0.585780,0.426295,0.174363,0.908827,0.000000,0.000000
uid402,0.158391,0.190031,0.000000,0.000000,0.018978,0.498303,0.000000,0.585780,0.517164,0.000000,0.000000,0.000000,0.000000,0.125515,0.616340,0.000000,0.380597,0.000000,0.091354,0.507824,0.000000,0.000000,0.000000,0.000000,0.623621,0.000000,0.368615,0.000000,0.000000,0.569599,0.000000,0.108598,0.630764,0.458341,0.488598,0.174363,0.000000,0.055859,0.403884,0.000000,0.000000,0.220482,0.000000,0.000000,0.000000,0.000000,0.277992,0.447863,0.000000,0.000000,0.037595,0.000000,0.552786,0.000000,0.000000,0.073777,0.000000
uid403,0.507824,0.939029,0.838006,0.717636,0.000000,0.960759,0.577767,0.893724,0.158391,0.957633,0.526327,0.535317,0.000000,0.190031,0.478705,0.753077,0.969992,0.277992,0.318323,0.392352,0.091354,0.108598,0.000000,0.000000,0.055859,0.000000,0.343951,0.356401,0.880777,0.403884,0.544135,0.220482,0.174363,0.426295,0.664495,0.517164,0.788167,0.658005,0.000000,0.205403,0.000000,0.073777,0.142110,0.037595,0.488598,0.601353,0.784069,0.331260,0.000000,0.235276,0.380597,0.000000,0.125515,0.291694,0.923268,0.897720,0.018978
uid404,0.000000,0.291694,0.000000,0.073777,0.356401,0.000000,0.392352,0.091354,0.447863,0.585780,0.380597,0.000000,0.623621,0.125515,0.264025,0.000000,0.000000,0.000000,0.235276,0.158391,0.670862,0.000000,0.000000,0.000000,0.561273,0.000000,0.331260,0.190031,0.000000,0.000000,0.249788,0.343951,0.677108,0.608918,0.055859,0.037595,0.000000,0.000000,0.000000,0.000000,0.000000,0.220482,0.205403,0.018978,0.544135,0.000000,0.535317,0.174363,0.000000,0.305136,0.000000,0.000000,0.108598,0.000000,0.000000,0.142110,0.000000
uid405,0.158391,0.073777,0.913920,0.205403,0.125515,0.000000,0.305136,0.577767,0.585780,0.937849,0.762360,0.601353,0.000000,0.037595,0.712174,0.535317,0.380597,0.318323,0.142110,0.593641,0.000000,0.000000,0.000000,0.000000,0.934172,0.000000,0.331260,0.426295,0.000000,0.368615,0.784069,0.220482,0.658005,0.190031,0.871280,0.478705,0.000000,0.091354,0.000000,0.249788,0.000000,0.264025,0.468621,0.000000,0.018978,0.000000,0.930278,0.291694,0.000000,0.831678,0.717636,0.651389,0.706606,0.623621,0.891668,0.000000,0.000000
uid406,0.630764,0.000000,0.585780,0.055859,0.000000,0.437182,0.683236,0.488598,0.788167,0.000000,0.356401,0.712174,0.000000,0.677108,0.728252,0.000000,0.000000,0.108598,0.158391,0.000000,0.000000,0.733409,0.000000,0.000000,0.000000,0.000000,0.593641,0.125515,0.000000,0.190031,0.000000,0.235276,0.415196,0.142110,0.018978,0.577767,0.000000,0.000000,0.458341,0.000000,0.368615,0.343951,0.318323,0.644645,0.174363,0.000000,0.561273,0.664495,0.498303,0.000000,0.091354,0.000000,0.291694,0.249788,0.000000,0.000000,0.000000
uid407,0.000000,0.000000,0.000000,0.000000,0.000000,0.000000,0.000000,0.000000,0.000000,0.000000,0.000000,0.000000,0.000000,0.000000,0.000000,0.000000,0.000000,0.000000,0.000000,0.000000,0.000000,0.000000,0.000000,0.091354,0.000000,0.000000,0.205403,0.073777,0.000000,0.000000,0.142110,0.018978,0.000000,0.000000,0.000000,0.125515,0.000000,0.037595,0.000000,0.158391,0.000000,0.190031,0.000000,0.000000,0.000000,0.000000,0.000000,0.000000,0.000000,0.000000,0.000000,0.000000,0.000000,0.000000,0.000000,0.000000,0.055859
uid408,0.264025,0.753077,0.037595,0.601353,0.779892,0.903433,0.205403,0.000000,0.392352,0.000000,0.018978,0.305136,0.000000,0.677108,0.220482,0.091354,0.876119,0.544135,0.108598,0.158391,0.356401,0.000000,0.000000,0.000000,0.889573,0.000000,0.488598,0.000000,0.277992,0.517164,0.073777,0.235276,0.174363,0.055859,0.458341,0.706606,0.415196,0.468621,0.000000,0.748300,0.000000,0.569599,0.664495,0.142110,0.000000,0.000000,0.343951,0.561273,0.000000,0.000000,0.616340,0.000000,0.291694,0.403884,0.644645,0.788167,0.000000
uid409,0.507824,0.700930,0.158391,0.811172,0.380597,0.838006,0.415196,0.775634,0.478705,0.766870,0.712174,0.821720,0.000000,0.055859,0.000000,0.220482,0.623621,0.000000,0.356401,0.878470,0.091354,0.000000,0.000000,0.000000,0.748300,0.000000,0.608918,0.458341,0.000000,0.235276,0.018978,0.249788,0.108598,0.142110,0.291694,0.174363,0.000000,0.601353,0.897720,0.498303,0.000000,0.264025,0.073777,0.125515,0.743431,0.000000,0.517164,0.905265,0.447863,0.000000,0.593641,0.000000,0.331260,0.000000,0.037595,0.392352,0.000000
uid410,0.392352,0.757763,0.878470,0.000000,0.415196,0.055859,0.343951,0.220482,0.426295,0.926153,0.000000,0.855598,0.000000,0.623621,0.834873,0.873723,0.535317,0.921784,0.585780,0.825103,0.927554,0.000000,0.000000,0.000000,0.000000,0.000000,0.616340,0.108598,0.915553,0.073777,0.876119,0.091354,0.305136,0.403884,0.018978,0.037595,0.946682,0.468621,0.235276,0.488598,0.142110,0.125515,0.743431,0.356401,0.447863,0.000000,0.331260,0.000000,0.291694,0.000000,0.593641,0.478705,0.190031,0.507824,0.712174,0.677108,0.000000
uid411,0.368615,0.415196,0.912255,0.000000,0.073777,0.526327,0.264025,0.018978,0.838006,0.932899,0.447863,0.852805,0.738468,0.142110,0.623621,0.939029,0.403884,0.205403,0.190031,0.651389,0.706606,0.158391,0.000000,0.000000,0.249788,0.000000,0.108598,0.091354,0.000000,0.277992,0.762360,0.468621,0.125515,0.743431,0.561273,0.788167,0.000000,0.601353,0.517164,0.235276,0.458341,0.305136,0.174363,0.037595,0.437182,0.000000,0.948686,0.220482,0.577767,0.880777,0.973250,0.863665,0.535317,0.858339,0.000000,0.753077,0.055859
uid412,0.637771,0.651389,0.000000,0.000000,0.235276,0.000000,0.108598,0.608918,0.073777,0.593641,0.264025,0.000000,0.000000,0.305136,0.000000,0.000000,0.544135,0.018978,0.291694,0.000000,0.000000,0.000000,0.000000,0.000000,0.569599,0.000000,0.488598,0.091354,0.000000,0.000000,0.000000,0.055859,0.000000,0.125515,0.174363,0.644645,0.000000,0.142110,0.000000,0.000000,0.000000,0.318323,0.000000,0.561273,0.552786,0.205403,0.356401,0.000000,0.000000,0.000000,0.343951,0.000000,0.535317,0.000000,0.000000,0.437182,0.000000
uid413,0.000000,0.000000,0.000000,0.235276,0.593641,0.125515,0.205403,0.403884,0.000000,0.142110,0.811172,0.963654,0.380597,0.921784,0.849958,0.356401,0.917156,0.507824,0.689247,0.544135,0.055859,0.220482,0.000000,0.950615,0.091354,0.855598,0.073777,0.630764,0.000000,0.569599,0.712174,0.190031,0.478705,0.277992,0.717636,0.651389,0.876119,0.458341,0.807519,0.305136,0.000000,0.561273,0.037595,0.392352,0.318323,0.552786,0.517164,0.343951,0.108598,0.526327,0.331260,0.796131,0.158391,0.174363,0.000000,0.018978,0.000000
uid414,0.498303,0.000000,0.000000,0.091354,0.695145,0.717636,0.918728,0.220482,0.468621,0.811172,0.616340,0.753077,0.037595,0.205403,0.264025,0.601353,0.814755,0.841081,0.889573,0.403884,0.125515,0.000000,0.000000,0.000000,0.073777,0.000000,0.055859,0.018978,0.000000,0.866252,0.158391,0.368615,0.190031,0.000000,0.142110,0.488598,0.637771,0.277992,0.000000,0.426295,0.677108,0.108598,0.331260,0.318323,0.728252,0.000000,0.738468,0.174363,0.000000,0.000000,0.917156,0.000000,0.458341,0.762360,0.000000,0.415196,0.000000
uid415,0.535317,0.585780,0.743431,0.291694,0.235276,0.305136,0.544135,0.368615,0.825103,0.000000,0.623621,0.000000,0.000000,0.415196,0.658005,0.762360,0.488598,0.000000,0.468621,0.000000,0.717636,0.000000,0.000000,0.000000,0.174363,0.000000,0.788167,0.249788,0.000000,0.318323,0.664495,0.784069,0.073777,0.091354,0.190031,0.125515,0.000000,0.517164,0.000000,0.552786,0.220482,0.018978,0.037595,0.343951,0.142110,0.000000,0.507824,0.277992,0.000000,0.771294,0.608918,0.000000,0.437182,0.000000,0.700930,0.055859,0.000000
uid416,0.437182,0.000000,0.000000,0.748300,0.468621,0.264025,0.507824,0.775634,0.249788,0.000000,0.585780,0.108598,0.722995,0.664495,0.000000,0.000000,0.000000,0.055859,0.683236,0.190031,0.757763,0.318323,0.000000,0.000000,0.695145,0.000000,0.651389,0.331260,0.000000,0.000000,0.753077,0.000000,0.091354,0.458341,0.174363,0.158391,0.000000,0.392352,0.000000,0.380597,0.000000,0.733409,0.205403,0.403884,0.608918,0.000000,0.142110,0.305136,0.000000,0.000000,0.000000,0.593641,0.073777,0.125515,0.000000,0.291694,0.343951
uid417,0.108598,0.630764,0.000000,0.728252,0.803796,0.000000,0.517164,0.498303,0.488598,0.000000,0.392352,0.757763,0.000000,0.437182,0.000000,0.695145,0.305136,0.561273,0.507824,0.762360,0.871280,0.000000,0.000000,0.174363,0.722995,0.000000,0.018978,0.526327,0.000000,0.277992,0.142110,0.220482,0.291694,0.037595,0.125515,0.073777,0.000000,0.838006,0.458341,0.235276,0.670862,0.205403,0.343951,0.331260,0.091354,0.855598,0.380597,0.318323,0.478705,0.000000,0.000000,0.779892,0.403884,0.784069,0.000000,0.664495,0.000000
uid418,0.037595,0.000000,0.876119,0.125515,0.073777,0.757763,0.190031,0.706606,0.753077,0.000000,0.700930,0.895741,0.000000,0.055859,0.507824,0.918728,0.205403,0.447863,0.000000,0.426295,0.561273,0.779892,0.000000,0.000000,0.318323,0.577767,0.544135,0.368615,0.000000,0.728252,0.834873,0.108598,0.403884,0.277992,0.235276,0.637771,0.616340,0.380597,0.695145,0.158391,0.844096,0.717636,0.766870,0.630764,0.174363,0.415196,0.437182,0.800000,0.478705,0.458341,0.392352,0.677108,0.552786,0.569599,0.000000,0.788167,0.814755
uid419,0.437182,0.000000,0.478705,0.108598,0.343951,0.962234,0.249788,0.695145,0.677108,0.000000,0.651389,0.569599,0.000000,0.235276,0.000000,0.800000,0.000000,0.000000,0.190031,0.174363,0.861027,0.948686,0.757763,0.834873,0.818271,0.000000,0.498303,0.018978,0.000000,0.091354,0.873723,0.125515,0.220482,0.055859,0.331260,0.291694,0.000000,0.318323,0.683236,0.748300,0.811172,0.277992,0.356401,0.403884,0.073777,0.847055,0.458341,0.447863,0.623621,0.000000,0.037595,0.913920,0.264025,0.205403,0.000000,0.771294,0.941321
uid420,0.220482,0.000000,0.000000,0.593641,0.018978,0.000000,0.277992,0.343951,0.849958,0.426295,0.644645,0.000000,0.356401,0.844096,0.700930,0.331260,0.000000,0.517164,0.623621,0.498303,0.447863,0.000000,0.000000,0.000000,0.766870,0.743431,0.577767,0.174363,0.000000,0.677108,0.784069,0.779892,0.249788,0.190031,0.158391,0.055859,0.762360,0.000000,0.637771,0.380597,0.796131,0.037595,0.125515,0.073777,0.318323,0.488598,0.507824,0.403884,0.544135,0.526327,0.392352,0.616340,0.142110,0.748300,0.000000,0.000000,0.091354
uid421,0.264025,0.000000,0.000000,0.000000,0.142110,0.000000,0.125515,0.000000,0.055859,0.000000,0.000000,0.000000,0.000000,0.000000,0.000000,0.000000,0.000000,0.000000,0.000000,0.000000,0.000000,0.000000,0.000000,0.000000,0.000000,0.000000,0.000000,0.108598,0.000000,0.000000,0.000000,0.000000,0.000000,0.018978,0.000000,0.000000,0.000000,0.190031,0.000000,0.249788,0.000000,0.000000,0.000000,0.091354,0.235276,0.000000,0.205403,0.000000,0.000000,0.000000,0.000000,0.000000,0.000000,0.037595,0.000000,0.000000,0.000000
uid422,0.073777,0.000000,0.733409,0.318323,0.305136,0.000000,0.380597,0.108598,0.343951,0.000000,0.712174,0.249788,0.526327,0.392352,0.658005,0.766870,0.000000,0.125515,0.738468,0.356401,0.585780,0.000000,0.091354,0.000000,0.544135,0.000000,0.535317,0.000000,0.800000,0.498303,0.577767,0.142110,0.205403,0.055859,0.561273,0.331260,0.838006,0.849958,0.000000,0.018978,0.000000,0.447863,0.880777,0.403884,0.717636,0.000000,0.220482,0.601353,0.277992,0.000000,0.664495,0.458341,0.190031,0.235276,0.885259,0.000000,0.000000
uid423,0.125515,0.158391,0.000000,0.000000,0.000000,0.000000,0.000000,0.000000,0.249788,0.000000,0.437182,0.277992,0.000000,0.305136,0.000000,0.000000,0.220482,0.055859,0.108598,0.264025,0.000000,0.000000,0.000000,0.000000,0.000000,0.000000,0.205403,0.174363,0.000000,0.018978,0.000000,0.447863,0.392352,0.000000,0.000000,0.000000,0.000000,0.000000,0.507824,0.142110,0.458341,0.037595,0.000000,0.091354,0.235276,0.000000,0.000000,0.073777,0.000000,0.000000,0.000000,0.380597,0.000000,0.368615,0.000000,0.000000,0.000000
uid424,0.343951,0.847055,0.526327,0.683236,0.821720,0.000000,0.616340,0.700930,0.784069,0.000000,0.478705,0.437182,0.000000,0.249788,0.392352,0.569599,0.825103,0.125515,0.220482,0.142110,0.000000,0.000000,0.000000,0.000000,0.000000,0.000000,0.356401,0.205403,0.651389,0.468621,0.552786,0.264025,0.037595,0.458341,0.670862,0.488598,0.000000,0.000000,0.000000,0.838006,0.000000,0.190031,0.733409,0.601353,0.507824,0.055859,0.073777,0.717636,0.158391,0.091354,0.018978,0.000000,0.380597,0.415196,0.000000,0.712174,0.000000
uid425,0.108598,0.000000,0.700930,0.447863,0.142110,0.803796,0.037595,0.000000,0.190031,0.000000,0.000000,0.000000,0.000000,0.426295,0.585780,0.498303,0.000000,0.000000,0.000000,0.608918,0.000000,0.000000,0.000000,0.000000,0.468621,0.000000,0.392352,0.055859,0.000000,0.000000,0.000000,0.264025,0.488598,0.091354,0.771294,0.343951,0.403884,0.235276,0.000000,0.305136,0.775634,0.356401,0.593641,0.018978,0.205403,0.000000,0.125515,0.796131,0.000000,0.000000,0.000000,0.174363,0.630764,0.249788,0.000000,0.728252,0.000000
uid426,0.507824,0.000000,0.000000,0.205403,0.356401,0.000000,0.264025,0.000000,0.073777,0.380597,0.608918,0.478705,0.000000,0.305136,0.535317,0.190031,0.403884,0.108598,0.000000,0.055859,0.437182,0.000000,0.000000,0.000000,0.700930,0.000000,0.249788,0.677108,0.000000,0.018978,0.000000,0.142110,0.623621,0.220482,0.000000,0.593641,0.000000,0.468621,0.000000,0.368615,0.000000,0.174363,0.637771,0.277992,0.616340,0.000000,0.664495,0.091354,0.000000,0.000000,0.235276,0.000000,0.517164,0.552786,0.651389,0.331260,0.000000
uid427,0.037595,0.235276,0.728252,0.073777,0.368615,0.658005,0.447863,0.585780,0.000000,0.000000,0.593641,0.000000,0.000000,0.091354,0.883039,0.577767,0.018978,0.000000,0.343951,0.866252,0.000000,0.000000,0.000000,0.000000,0.158391,0.000000,0.000000,0.000000,0.889573,0.796131,0.858339,0.174363,0.623621,0.125515,0.055859,0.552786,0.000000,0.318323,0.651389,0.426295,0.601353,0.507824,0.468621,0.291694,0.277992,0.000000,0.811172,0.910557,0.689247,0.000000,0.825103,0.743431,0.677108,0.000000,0.000000,0.907063,0.000000
uid428,0.000000,0.000000,0.000000,0.305136,0.585780,0.000000,0.055859,0.426295,0.000000,0.601353,0.000000,0.091354,0.264025,0.037595,0.000000,0.651389,0.616340,0.623621,0.000000,0.018978,0.343951,0.000000,0.000000,0.000000,0.318323,0.000000,0.277992,0.291694,0.000000,0.220482,0.331260,0.468621,0.158391,0.249788,0.368615,0.000000,0.000000,0.658005,0.000000,0.593641,0.000000,0.174363,0.000000,0.073777,0.000000,0.000000,0.000000,0.403884,0.000000,0.437182,0.000000,0.190031,0.526327,0.142110,0.000000,0.569599,0.000000
uid429,0.415196,0.447863,0.630764,0.637771,0.108598,0.700930,0.498303,0.585780,0.689247,0.561273,0.468621,0.677108,0.000000,0.205403,0.821720,0.000000,0.291694,0.000000,0.055859,0.775634,0.000000,0.000000,0.000000,0.000000,0.544135,0.000000,0.235276,0.142110,0.000000,0.658005,0.651389,0.190031,0.644645,0.601353,0.577767,0.073777,0.000000,0.249788,0.779892,0.000000,0.000000,0.018978,0.593641,0.535317,0.526327,0.000000,0.174363,0.834873,0.000000,0.000000,0.220482,0.000000,0.037595,0.000000,0.000000,0.356401,0.000000
uid430,0.000000,0.000000,0.000000,0.091354,0.664495,0.000000,0.108598,0.220482,0.000000,0.000000,0.190031,0.748300,0.000000,0.616340,0.305136,0.800000,0.601353,0.712174,0.158391,0.658005,0.205403,0.000000,0.000000,0.498303,0.468621,0.426295,0.073777,0.356401,0.000000,0.264025,0.526327,0.544135,0.055859,0.784069,0.277992,0.018978,0.478705,0.651389,0.174363,0.552786,0.000000,0.249788,0.689247,0.000000,0.037595,0.818271,0.447863,0.585780,0.000000,0.000000,0.318323,0.125515,0.392352,0.415196,0.000000,0.000000,0.000000
uid431,0.658005,0.000000,0.000000,0.000000,0.415196,0.264025,0.380597,0.577767,0.569599,0.000000,0.488598,0.142110,0.000000,0.331260,0.277992,0.000000,0.000000,0.000000,0.585780,0.403884,0.000000,0.291694,0.000000,0.000000,0.000000,0.000000,0.000000,0.190031,0.000000,0.000000,0.000000,0.018978,0.091354,0.205403,0.437182,0.158391,0.000000,0.392352,0.561273,0.000000,0.000000,0.368615,0.478705,0.174363,0.517164,0.000000,0.125515,0.644645,0.544135,0.000000,0.695145,0.000000,0.073777,0.108598,0.000000,0.000000,0.000000
uid432,0.593641,0.932899,0.055859,0.658005,0.426295,0.356401,0.037595,0.811172,0.841081,0.000000,0.818271,0.331260,0.000000,0.403884,0.343951,0.883039,0.936647,0.651389,0.700930,0.478705,0.073777,0.235276,0.807519,0.000000,0.878470,0.000000,0.569599,0.220482,0.000000,0.664495,0.000000,0.392352,0.018978,0.205403,0.447863,0.000000,0.000000,0.437182,0.831678,0.108598,0.868790,0.158391,0.174363,0.277992,0.585780,0.000000,0.637771,0.264025,0.771294,0.000000,0.644645,0.000000,0.291694,0.706606,0.000000,0.873723,0.893724
uid433,0.142110,0.940186,0.037595,0.426295,0.415196,0.918728,0.608918,0.488598,0.585780,0.000000,0.507824,0.356401,0.000000,0.552786,0.000000,0.630764,0.000000,0.249788,0.601353,0.000000,0.700930,0.889573,0.498303,0.644645,0.800000,0.000000,0.055859,0.437182,0.000000,0.637771,0.738468,0.264025,0.318323,0.073777,0.158391,0.108598,0.000000,0.841081,0.577767,0.468621,0.766870,0.018978,0.000000,0.190031,0.125515,0.664495,0.235276,0.220482,0.392352,0.000000,0.000000,0.000000,0.305136,0.343951,0.000000,0.762360,0.873723
uid434,0.000000,0.000000,0.055859,0.000000,0.630764,0.205403,0.037595,0.478705,0.498303,0.000000,0.437182,0.380597,0.000000,0.447863,0.220482,0.000000,0.000000,0.517164,0.507824,0.000000,0.018978,0.305136,0.000000,0.000000,0.700930,0.000000,0.637771,0.235276,0.000000,0.000000,0.000000,0.403884,0.073777,0.291694,0.392352,0.000000,0.000000,0.000000,0.488598,0.142110,0.000000,0.125515,0.174363,0.264025,0.426295,0.000000,0.608918,0.356401,0.468621,0.000000,0.000000,0.000000,0.249788,0.616340,0.000000,0.000000,0.651389
uid435,0.552786,0.000000,0.000000,0.630764,0.488598,0.318323,0.190031,0.158391,0.205403,0.000000,0.018978,0.825103,0.868790,0.073777,0.000000,0.623621,0.000000,0.000000,0.142110,0.814755,0.368615,0.000000,0.577767,0.706606,0.535317,0.000000,0.880777,0.235276,0.000000,0.664495,0.728252,0.000000,0.343951,0.468621,0.055859,0.796131,0.000000,0.771294,0.108598,0.585780,0.264025,0.779892,0.331260,0.220482,0.091354,0.700930,0.601353,0.380597,0.125515,0.000000,0.305136,0.849958,0.037595,0.818271,0.000000,0.249788,0.000000
uid436,0.073777,0.821720,0.507824,0.728252,0.535317,0.733409,0.220482,0.644645,0.689247,0.616340,0.125515,0.905265,0.946682,0.291694,0.415196,0.517164,0.000000,0.000000,0.205403,0.844096,0.447863,0.000000,0.000000,0.000000,0.174363,0.000000,0.368615,0.264025,0.000000,0.841081,0.392352,0.305136,0.018978,0.468621,0.091354,0.498303,0.000000,0.037595,0.935422,0.190031,0.927554,0.235276,0.426295,0.488598,0.585780,0.000000,0.055859,0.953374,0.658005,0.000000,0.158391,0.918728,0.561273,0.913920,0.403884,0.630764,0.000000
uid437,0.108598,0.000000,0.000000,0.392352,0.403884,0.000000,0.544135,0.526327,0.507824,0.000000,0.426295,0.331260,0.000000,0.468621,0.000000,0.664495,0.000000,0.220482,0.517164,0.000000,0.000000,0.748300,0.608918,0.000000,0.700930,0.000000,0.018978,0.535317,0.000000,0.000000,0.000000,0.235276,0.291694,0.037595,0.142110,0.073777,0.000000,0.000000,0.498303,0.585780,0.637771,0.788167,0.158391,0.125515,0.091354,0.000000,0.190031,0.205403,0.368615,0.000000,0.000000,0.000000,0.277992,0.318323,0.000000,0.644645,0.706606
uid438,0.108598,0.000000,0.000000,0.000000,0.447863,0.305136,0.380597,0.000000,0.478705,0.000000,0.356401,0.277992,0.000000,0.000000,0.318323,0.608918,0.000000,0.000000,0.601353,0.616340,0.000000,0.331260,0.000000,0.000000,0.000000,0.000000,0.018978,0.235276,0.683236,0.000000,0.593641,0.526327,0.637771,0.037595,0.142110,0.073777,0.000000,0.507824,0.000000,0.535317,0.000000,0.000000,0.125515,0.158391,0.091354,0.000000,0.205403,0.190031,0.000000,0.000000,0.000000,0.458341,0.291694,0.517164,0.000000,0.000000,0.000000
uid439,0.249788,0.552786,0.000000,0.055859,0.637771,0.000000,0.577767,0.356401,0.220482,0.000000,0.190031,0.000000,0.392352,0.037595,0.000000,0.593641,0.585780,0.478705,0.535317,0.000000,0.142110,0.000000,0.000000,0.000000,0.264025,0.000000,0.235276,0.018978,0.000000,0.517164,0.305136,0.368615,0.000000,0.318323,0.108598,0.073777,0.343951,0.000000,0.000000,0.488598,0.000000,0.091354,0.706606,0.437182,0.426295,0.000000,0.000000,0.205403,0.000000,0.630764,0.000000,0.000000,0.728252,0.000000,0.000000,0.000000,0.000000
uid440,0.844096,0.000000,0.000000,0.190031,0.458341,0.748300,0.037595,0.415196,0.291694,0.000000,0.091354,0.784069,0.000000,0.498303,0.000000,0.125515,0.000000,0.644645,0.264025,0.779892,0.318323,0.623621,0.000000,0.838006,0.205403,0.000000,0.601353,0.343951,0.000000,0.828422,0.403884,0.331260,0.000000,0.018978,0.108598,0.517164,0.000000,0.526327,0.738468,0.658005,0.073777,0.478705,0.142110,0.356401,0.305136,0.235276,0.174363,0.158391,0.677108,0.000000,0.000000,0.814755,0.753077,0.807519,0.000000,0.055859,0.569599
uid441,0.277992,0.000000,0.125515,0.415196,0.577767,0.753077,0.526327,0.771294,0.788167,0.000000,0.811172,0.174363,0.000000,0.507824,0.757763,0.883039,0.000000,0.055859,0.437182,0.498303,0.000000,0.700930,0.847055,0.910557,0.893724,0.000000,0.108598,0.380597,0.000000,0.368615,0.921784,0.018978,0.073777,0.235276,0.291694,0.158391,0.000000,0.561273,0.800000,0.623621,0.876119,0.569599,0.305136,0.318323,0.264025,0.908827,0.190031,0.331260,0.818271,0.000000,0.392352,0.944599,0.205403,0.091354,0.000000,0.866252,0.952472
uid442,0.000000,0.000000,0.392352,0.158391,0.000000,0.000000,0.415196,0.000000,0.000000,0.000000,0.000000,0.000000,0.000000,0.000000,0.000000,0.000000,0.356401,0.000000,0.091354,0.108598,0.403884,0.037595,0.000000,0.205403,0.000000,0.000000,0.291694,0.000000,0.000000,0.000000,0.190031,0.264025,0.331260,0.000000,0.125515,0.235276,0.000000,0.000000,0.000000,0.277992,0.000000,0.249788,0.000000,0.000000,0.000000,0.000000,0.000000,0.343951,0.000000,0.000000,0.055859,0.073777,0.000000,0.000000,0.000000,0.000000,0.000000
uid443,0.220482,0.000000,0.000000,0.000000,0.000000,0.000000,0.000000,0.000000,0.000000,0.000000,0.055859,0.190031,0.000000,0.000000,0.000000,0.000000,0.000000,0.000000,0.108598,0.000000,0.000000,0.000000,0.000000,0.000000,0.000000,0.000000,0.000000,0.000000,0.000000,0.000000,0.000000,0.000000,0.000000,0.073777,0.091354,0.000000,0.000000,0.000000,0.000000,0.000000,0.000000,0.000000,0.000000,0.000000,0.000000,0.000000,0.018978,0.000000,0.000000,0.000000,0.174363,0.142110,0.205403,0.000000,0.000000,0.000000,0.000000
uid444,0.125515,0.190031,0.000000,0.488598,0.000000,0.000000,0.000000,0.569599,0.249788,0.000000,0.616340,0.277992,0.458341,0.305136,0.000000,0.683236,0.205403,0.055859,0.091354,0.264025,0.526327,0.000000,0.000000,0.000000,0.478705,0.000000,0.220482,0.158391,0.000000,0.018978,0.517164,0.585780,0.403884,0.437182,0.498303,0.593641,0.623621,0.000000,0.000000,0.142110,0.000000,0.037595,0.000000,0.108598,0.235276,0.000000,0.000000,0.073777,0.000000,0.000000,0.000000,0.392352,0.000000,0.356401,0.000000,0.000000,0.000000
uid445,0.478705,0.616340,0.000000,0.000000,0.677108,0.000000,0.552786,0.415196,0.305136,0.000000,0.000000,0.000000,0.000000,0.000000,0.091354,0.437182,0.651389,0.577767,0.277992,0.142110,0.343951,0.000000,0.000000,0.458341,0.000000,0.000000,0.644645,0.368615,0.000000,0.447863,0.426295,0.205403,0.000000,0.264025,0.000000,0.517164,0.000000,0.055859,0.000000,0.220482,0.000000,0.158391,0.108598,0.037595,0.318323,0.249788,0.000000,0.380597,0.000000,0.000000,0.000000,0.000000,0.190031,0.000000,0.000000,0.000000,0.000000
uid446,0.644645,0.000000,0.000000,0.722995,0.205403,0.488598,0.264025,0.331260,0.468621,0.000000,0.757763,0.000000,0.000000,0.000000,0.834873,0.318323,0.000000,0.447863,0.277992,0.403884,0.055859,0.544135,0.000000,0.000000,0.821720,0.825103,0.717636,0.125515,0.000000,0.018978,0.291694,0.037595,0.091354,0.108598,0.380597,0.158391,0.841081,0.630764,0.771294,0.368615,0.000000,0.000000,0.356401,0.073777,0.142110,0.706606,0.190031,0.601353,0.664495,0.249788,0.608918,0.728252,0.305136,0.849958,0.000000,0.415196,0.616340
uid447,0.277992,0.000000,0.498303,0.235276,0.174363,0.249788,0.561273,0.637771,0.000000,0.623621,0.426295,0.392352,0.000000,0.507824,0.318323,0.526327,0.000000,0.000000,0.000000,0.305136,0.000000,0.000000,0.000000,0.000000,0.125515,0.000000,0.380597,0.190031,0.000000,0.415196,0.000000,0.264025,0.018978,0.000000,0.108598,0.073777,0.000000,0.000000,0.000000,0.000000,0.142110,0.000000,0.478705,0.488598,0.055859,0.000000,0.577767,0.220482,0.000000,0.000000,0.331260,0.000000,0.291694,0.343951,0.000000,0.000000,0.000000
uid448,0.277992,0.847055,0.792187,0.174363,0.677108,0.552786,0.683236,0.871280,0.205403,0.000000,0.018978,0.000000,0.000000,0.091354,0.331260,0.264025,0.000000,0.535317,0.368615,0.569599,0.447863,0.593641,0.000000,0.318323,0.415196,0.468621,0.426295,0.343951,0.000000,0.291694,0.775634,0.037595,0.356401,0.664495,0.073777,0.158391,0.488598,0.220482,0.249788,0.561273,0.000000,0.000000,0.507824,0.190031,0.108598,0.000000,0.478705,0.142110,0.055859,0.000000,0.000000,0.728252,0.000000,0.458341,0.000000,0.601353,0.644645
uid449,0.000000,0.000000,0.000000,0.000000,0.000000,0.055859,0.205403,0.000000,0.000000,0.000000,0.000000,0.000000,0.000000,0.000000,0.000000,0.000000,0.000000,0.018978,0.000000,0.142110,0.000000,0.125515,0.000000,0.000000,0.000000,0.000000,0.000000,0.190031,0.000000,0.000000,0.000000,0.000000,0.000000,0.000000,0.037595,0.000000,0.000000,0.000000,0.000000,0.174363,0.000000,0.000000,0.073777,0.158391,0.000000,0.000000,0.000000,0.000000,0.000000,0.000000,0.000000,0.000000,0.000000,0.000000,0.000000,0.108598,0.000000
uid450,0.073777,0.000000,0.000000,0.108598,0.331260,0.468621,0.651389,0.000000,0.018978,0.577767,0.091354,0.585780,0.000000,0.142110,0.000000,0.220482,0.630764,0.644645,0.000000,0.689247,0.601353,0.000000,0.000000,0.000000,0.249788,0.000000,0.055859,0.478705,0.000000,0.695145,0.000000,0.037595,0.264025,0.343951,0.447863,0.000000,0.190031,0.616340,0.000000,0.561273,0.403884,0.125515,0.000000,0.593641,0.392352,0.000000,0.779892,0.544135,0.000000,0.000000,0.743431,0.000000,0.000000,0.775634,0.000000,0.517164,0.000000
uid451,0.000000,0.000000,0.000000,0.091354,0.000000,0.000000,0.108598,0.205403,0.000000,0.000000,0.190031,0.000000,0.000000,0.000000,0.000000,0.000000,0.000000,0.380597,0.142110,0.000000,0.220482,0.000000,0.000000,0.000000,0.000000,0.000000,0.037595,0.368615,0.000000,0.277992,0.343951,0.318323,0.055859,0.000000,0.264025,0.018978,0.000000,0.000000,0.174363,0.000000,0.000000,0.235276,0.000000,0.000000,0.073777,0.000000,0.000000,0.403884,0.000000,0.000000,0.291694,0.125515,0.000000,0.000000,0.000000,0.000000,0.000000
uid452,0.380597,0.000000,0.800000,0.593641,0.585780,0.000000,0.264025,0.535317,0.753077,0.000000,0.220482,0.478705,0.000000,0.000000,0.637771,0.318323,0.000000,0.108598,0.125515,0.658005,0.748300,0.000000,0.552786,0.356401,0.018978,0.000000,0.792187,0.249788,0.852805,0.343951,0.174363,0.158391,0.447863,0.507824,0.073777,0.488598,0.037595,0.142110,0.000000,0.526327,0.205403,0.670862,0.091354,0.616340,0.190031,0.000000,0.458341,0.055859,0.235276,0.000000,0.868790,0.000000,0.368615,0.468621,0.000000,0.700930,0.000000
uid453,0.158391,0.000000,0.000000,0.108598,0.142110,0.000000,0.658005,0.415196,0.458341,0.000000,0.000000,0.000000,0.000000,0.091354,0.125515,0.552786,0.000000,0.507824,0.000000,0.437182,0.000000,0.000000,0.000000,0.000000,0.000000,0.000000,0.478705,0.073777,0.526327,0.249788,0.000000,0.331260,0.447863,0.037595,0.569599,0.277992,0.677108,0.018978,0.000000,0.055859,0.000000,0.356401,0.220482,0.000000,0.000000,0.608918,0.689247,0.426295,0.000000,0.343951,0.000000,0.000000,0.000000,0.000000,0.000000,0.305136,0.000000
uid454,0.291694,0.880777,0.205403,0.108598,0.426295,0.932899,0.677108,0.577767,0.658005,0.000000,0.593641,0.517164,0.936647,0.630764,0.000000,0.733409,0.887436,0.055859,0.142110,0.190031,0.811172,0.000000,0.569599,0.775634,0.757763,0.000000,0.235276,0.037595,0.000000,0.000000,0.838006,0.125515,0.403884,0.091354,0.305136,0.277992,0.915553,0.000000,0.644645,0.552786,0.722995,0.861027,0.318323,0.331260,0.073777,0.788167,0.368615,0.356401,0.380597,0.000000,0.018978,0.000000,0.478705,0.158391,0.000000,0.700930,0.000000
uid455,0.593641,0.601353,0.733409,0.018978,0.205403,0.037595,0.073777,0.658005,0.000000,0.818271,0.712174,0.757763,0.000000,0.437182,0.683236,0.000000,0.498303,0.000000,0.055859,0.644645,0.000000,0.000000,0.000000,0.000000,0.689247,0.000000,0.488598,0.108598,0.000000,0.220482,0.743431,0.190031,0.695145,0.091354,0.277992,0.331260,0.000000,0.174363,0.828422,0.000000,0.000000,0.264025,0.249788,0.803796,0.800000,0.000000,0.415196,0.841081,0.000000,0.000000,0.447863,0.000000,0.305136,0.000000,0.291694,0.544135,0.000000
uid456,0.468621,0.000000,0.000000,0.331260,0.722995,0.000000,0.073777,0.426295,0.000000,0.738468,0.488598,0.037595,0.277992,0.055859,0.800000,0.585780,0.748300,0.743431,0.000000,0.018978,0.368615,0.000000,0.000000,0.000000,0.305136,0.000000,0.291694,0.264025,0.000000,0.235276,0.356401,0.447863,0.205403,0.249788,0.318323,0.458341,0.507824,0.771294,0.000000,0.728252,0.000000,0.158391,0.000000,0.091354,0.000000,0.000000,0.000000,0.403884,0.000000,0.623621,0.803796,0.174363,0.677108,0.142110,0.000000,0.712174,0.000000
uid457,0.738468,0.000000,0.644645,0.356401,0.784069,0.000000,0.331260,0.380597,0.000000,0.000000,0.415196,0.821720,0.000000,0.899661,0.055859,0.887436,0.000000,0.796131,0.091354,0.000000,0.142110,0.689247,0.847055,0.000000,0.190031,0.158391,0.125515,0.000000,0.000000,0.468621,0.507824,0.498303,0.018978,0.695145,0.174363,0.291694,0.205403,0.905265,0.403884,0.630764,0.526327,0.447863,0.670862,0.277992,0.305136,0.000000,0.235276,0.561273,0.577767,0.000000,0.458341,0.343951,0.108598,0.073777,0.000000,0.878470,0.000000
uid458,0.552786,0.000000,0.935422,0.205403,0.712174,0.722995,0.883039,0.037595,0.630764,0.852805,0.637771,0.831678,0.235276,0.055859,0.403884,0.585780,0.814755,0.841081,0.926153,0.318323,0.220482,0.000000,0.000000,0.000000,0.018978,0.000000,0.000000,0.108598,0.944599,0.855598,0.073777,0.415196,0.190031,0.125515,0.174363,0.507824,0.498303,0.437182,0.000000,0.277992,0.664495,0.142110,0.264025,0.343951,0.695145,0.000000,0.899661,0.091354,0.000000,0.771294,0.878470,0.000000,0.458341,0.800000,0.000000,0.380597,0.000000
uid459,0.498303,0.000000,0.000000,0.368615,0.190031,0.000000,0.249788,0.415196,0.108598,0.000000,0.142110,0.577767,0.637771,0.403884,0.468621,0.000000,0.753077,0.073777,0.437182,0.356401,0.658005,0.000000,0.000000,0.000000,0.651389,0.000000,0.552786,0.018978,0.000000,0.318323,0.055859,0.000000,0.616340,0.037595,0.158391,0.331260,0.000000,0.264025,0.000000,0.000000,0.000000,0.447863,0.478705,0.305136,0.601353,0.277992,0.771294,0.392352,0.000000,0.000000,0.544135,0.000000,0.426295,0.535317,0.803796,0.380597,0.000000
uid460,0.814755,0.000000,0.000000,0.637771,0.544135,0.305136,0.517164,0.689247,0.771294,0.000000,0.677108,0.277992,0.000000,0.478705,0.318323,0.863665,0.190031,0.356401,0.658005,0.535317,0.683236,0.343951,0.807519,0.018978,0.871280,0.000000,0.142110,0.220482,0.000000,0.158391,0.055859,0.073777,0.174363,0.264025,0.561273,0.000000,0.000000,0.526327,0.670862,0.108598,0.855598,0.091354,0.585780,0.235276,0.630764,0.880777,0.426295,0.205403,0.757763,0.000000,0.717636,0.651389,0.291694,0.437182,0.000000,0.852805,0.000000
uid461,0.468621,0.544135,0.235276,0.142110,0.585780,0.000000,0.249788,0.623621,0.644645,0.000000,0.601353,0.000000,0.000000,0.000000,0.000000,0.000000,0.000000,0.000000,0.073777,0.174363,0.190031,0.000000,0.000000,0.000000,0.000000,0.000000,0.403884,0.630764,0.000000,0.018978,0.000000,0.569599,0.205403,0.368615,0.108598,0.220482,0.000000,0.000000,0.000000,0.305136,0.000000,0.291694,0.331260,0.488598,0.458341,0.000000,0.526327,0.392352,0.000000,0.552786,0.055859,0.091354,0.664495,0.000000,0.000000,0.000000,0.000000
uid462,0.784069,0.000000,0.849958,0.190031,0.880777,0.905265,0.264025,0.577767,0.091354,0.000000,0.766870,0.700930,0.447863,0.552786,0.623621,0.458341,0.915553,0.343951,0.918728,0.403884,0.000000,0.000000,0.000000,0.000000,0.426295,0.000000,0.055859,0.507824,0.000000,0.380597,0.468621,0.142110,0.569599,0.235276,0.220482,0.779892,0.792187,0.601353,0.000000,0.689247,0.878470,0.018978,0.585780,0.205403,0.899661,0.000000,0.912255,0.277992,0.000000,0.037595,0.488598,0.722995,0.108598,0.174363,0.000000,0.677108,0.000000
uid463,0.343951,0.535317,0.818271,0.912255,0.478705,0.924724,0.220482,0.190031,0.174363,0.766870,0.018978,0.917156,0.000000,0.108598,0.784069,0.828422,0.863665,0.000000,0.205403,0.943527,0.796131,0.000000,0.318323,0.000000,0.757763,0.000000,0.623621,0.235276,0.000000,0.356401,0.792187,0.037595,0.507824,0.291694,0.091354,0.447863,0.000000,0.852805,0.158391,0.305136,0.000000,0.380597,0.392352,0.249788,0.073777,0.000000,0.000000,0.601353,0.125515,0.608918,0.849958,0.000000,0.055859,0.000000,0.415196,0.876119,0.000000
uid464,0.018978,0.000000,0.305136,0.174363,0.478705,0.552786,0.343951,0.000000,0.651389,0.885259,0.037595,0.863665,0.000000,0.771294,0.142110,0.743431,0.873723,0.844096,0.955978,0.235276,0.838006,0.000000,0.000000,0.000000,0.458341,0.000000,0.784069,0.000000,0.969411,0.887436,0.954259,0.108598,0.073777,0.507824,0.426295,0.055859,0.800000,0.205403,0.000000,0.125515,0.468621,0.277992,0.091354,0.318323,0.415196,0.000000,0.670862,0.392352,0.000000,0.878470,0.899661,0.220482,0.368615,0.728252,0.000000,0.517164,0.000000
uid465,0.125515,0.000000,0.000000,0.000000,0.000000,0.000000,0.000000,0.000000,0.000000,0.000000,0.000000,0.000000,0.000000,0.000000,0.000000,0.055859,0.000000,0.000000,0.000000,0.018978,0.000000,0.000000,0.000000,0.091354,0.000000,0.000000,0.000000,0.037595,0.000000,0.073777,0.000000,0.000000,0.000000,0.000000,0.000000,0.000000,0.000000,0.000000,0.000000,0.000000,0.000000,0.000000,0.000000,0.000000,0.000000,0.000000,0.000000,0.000000,0.000000,0.000000,0.000000,0.000000,0.108598,0.000000,0.000000,0.000000,0.000000
uid466,0.637771,0.498303,0.825103,0.343951,0.277992,0.000000,0.125515,0.356401,0.055859,0.775634,0.264025,0.700930,0.000000,0.380597,0.478705,0.000000,0.913920,0.091354,0.458341,0.403884,0.818271,0.852805,0.000000,0.000000,0.878470,0.918728,0.517164,0.073777,0.000000,0.305136,0.000000,0.018978,0.728252,0.037595,0.190031,0.318323,0.796131,0.142110,0.000000,0.762360,0.000000,0.447863,0.437182,0.291694,0.722995,0.220482,0.766870,0.415196,0.928929,0.507824,0.670862,0.000000,0.368615,0.677108,0.000000,0.392352,0.000000
uid467,0.000000,0.507824,0.000000,0.220482,0.577767,0.158391,0.205403,0.318323,0.743431,0.142110,0.000000,0.000000,0.000000,0.488598,0.637771,0.291694,0.000000,0.415196,0.343951,0.368615,0.037595,0.190031,0.000000,0.000000,0.055859,0.695145,0.018978,0.468621,0.000000,0.000000,0.331260,0.235276,0.644645,0.264025,0.380597,0.623621,0.712174,0.535317,0.000000,0.437182,0.630764,0.000000,0.073777,0.392352,0.517164,0.000000,0.706606,0.792187,0.091354,0.000000,0.000000,0.000000,0.108598,0.174363,0.000000,0.125515,0.803796
uid468,0.000000,0.000000,0.000000,0.380597,0.000000,0.000000,0.000000,0.000000,0.000000,0.000000,0.000000,0.000000,0.000000,0.000000,0.000000,0.000000,0.507824,0.000000,0.073777,0.343951,0.125515,0.264025,0.000000,0.415196,0.220482,0.158391,0.091354,0.055859,0.000000,0.277992,0.403884,0.468621,0.018978,0.000000,0.174363,0.437182,0.235276,0.000000,0.000000,0.458341,0.000000,0.447863,0.000000,0.000000,0.000000,0.000000,0.190031,0.526327,0.000000,0.000000,0.305136,0.331260,0.108598,0.142110,0.000000,0.000000,0.000000
uid469,0.277992,0.717636,0.910557,0.544135,0.743431,0.426295,0.055859,0.437182,0.000000,0.939029,0.305136,0.073777,0.498303,0.037595,0.637771,0.000000,0.000000,0.000000,0.814755,0.018978,0.577767,0.000000,0.000000,0.000000,0.517164,0.000000,0.507824,0.356401,0.000000,0.220482,0.552786,0.249788,0.190031,0.468621,0.447863,0.683236,0.000000,0.807519,0.392352,0.264025,0.331260,0.174363,0.775634,0.091354,0.700930,0.000000,0.291694,0.585780,0.478705,0.722995,0.644645,0.158391,0.415196,0.142110,0.855598,0.803796,0.000000
uid470,0.792187,0.800000,0.841081,0.664495,0.468621,0.722995,0.205403,0.158391,0.174363,0.969411,0.000000,0.901565,0.955127,0.091354,0.866252,0.658005,0.814755,0.544135,0.220482,0.873723,0.305136,0.478705,0.000000,0.000000,0.561273,0.000000,0.447863,0.235276,0.000000,0.766870,0.415196,0.037595,0.498303,0.264025,0.073777,0.644645,0.000000,0.637771,0.142110,0.552786,0.683236,0.608918,0.517164,0.190031,0.055859,0.249788,0.000000,0.343951,0.108598,0.942435,0.000000,0.847055,0.018978,0.908827,0.000000,0.893724,0.437182
uid471,0.825103,0.934172,0.000000,0.220482,0.037595,0.811172,0.018978,0.235276,0.249788,0.712174,0.863665,0.277992,0.458341,0.125515,0.838006,0.205403,0.717636,0.706606,0.927554,0.264025,0.526327,0.000000,0.000000,0.000000,0.468621,0.000000,0.478705,0.447863,0.000000,0.415196,0.517164,0.000000,0.403884,0.108598,0.488598,0.142110,0.000000,0.190031,0.000000,0.695145,0.792187,0.091354,0.055859,0.318323,0.766870,0.895741,0.963654,0.544135,0.000000,0.577767,0.834873,0.356401,0.637771,0.368615,0.000000,0.664495,0.000000
uid472,0.552786,0.876119,0.000000,0.220482,0.158391,0.249788,0.844096,0.291694,0.526327,0.717636,0.000000,0.544135,0.000000,0.403884,0.437182,0.753077,0.728252,0.722995,0.458341,0.415196,0.601353,0.000000,0.000000,0.000000,0.125515,0.000000,0.468621,0.190031,0.000000,0.368615,0.447863,0.478705,0.000000,0.018978,0.142110,0.073777,0.616340,0.658005,0.000000,0.695145,0.108598,0.356401,0.426295,0.277992,0.037595,0.000000,0.561273,0.235276,0.000000,0.000000,0.847055,0.000000,0.392352,0.535317,0.000000,0.318323,0.000000
uid473,0.844096,0.000000,0.000000,0.190031,0.468621,0.748300,0.018978,0.415196,0.305136,0.000000,0.091354,0.784069,0.000000,0.498303,0.000000,0.125515,0.000000,0.677108,0.264025,0.779892,0.318323,0.658005,0.000000,0.838006,0.220482,0.000000,0.637771,0.331260,0.000000,0.828422,0.403884,0.356401,0.000000,0.037595,0.108598,0.517164,0.000000,0.526327,0.738468,0.689247,0.073777,0.458341,0.142110,0.343951,0.291694,0.235276,0.174363,0.158391,0.577767,0.000000,0.000000,0.814755,0.753077,0.807519,0.000000,0.055859,0.608918
uid474,0.249788,0.000000,0.488598,0.000000,0.190031,0.000000,0.368615,0.630764,0.000000,0.616340,0.305136,0.000000,0.000000,0.447863,0.380597,0.517164,0.277992,0.000000,0.125515,0.000000,0.415196,0.000000,0.000000,0.000000,0.356401,0.000000,0.000000,0.000000,0.000000,0.018978,0.403884,0.000000,0.205403,0.458341,0.037595,0.108598,0.000000,0.220482,0.000000,0.343951,0.000000,0.073777,0.055859,0.468621,0.577767,0.000000,0.264025,0.000000,0.000000,0.000000,0.331260,0.000000,0.158391,0.000000,0.091354,0.000000,0.000000
uid475,0.834873,0.000000,0.847055,0.498303,0.291694,0.108598,0.249788,0.637771,0.561273,0.000000,0.437182,0.073777,0.000000,0.190031,0.125515,0.458341,0.000000,0.000000,0.544135,0.277992,0.577767,0.142110,0.000000,0.000000,0.507824,0.000000,0.000000,0.018978,0.000000,0.000000,0.630764,0.174363,0.205403,0.055859,0.318323,0.305136,0.000000,0.264025,0.796131,0.000000,0.426295,0.235276,0.368615,0.000000,0.569599,0.526327,0.488598,0.478705,0.821720,0.000000,0.000000,0.852805,0.091354,0.000000,0.000000,0.415196,0.000000
uid476,0.368615,0.000000,0.000000,0.651389,0.264025,0.158391,0.249788,0.108598,0.392352,0.000000,0.018978,0.498303,0.670862,0.561273,0.743431,0.844096,0.000000,0.000000,0.000000,0.517164,0.677108,0.000000,0.000000,0.000000,0.637771,0.000000,0.644645,0.073777,0.000000,0.608918,0.658005,0.000000,0.190031,0.277992,0.205403,0.811172,0.800000,0.426295,0.125515,0.437182,0.055859,0.037595,0.706606,0.291694,0.403884,0.000000,0.318323,0.683236,0.235276,0.000000,0.000000,0.305136,0.142110,0.447863,0.000000,0.753077,0.000000
uid477,0.517164,0.000000,0.779892,0.125515,0.000000,0.291694,0.630764,0.142110,0.392352,0.000000,0.158391,0.807519,0.000000,0.018978,0.000000,0.108598,0.000000,0.368615,0.689247,0.437182,0.712174,0.447863,0.000000,0.000000,0.000000,0.000000,0.593641,0.220482,0.000000,0.728252,0.664495,0.190031,0.249788,0.000000,0.331260,0.055859,0.000000,0.073777,0.264025,0.468621,0.174363,0.205403,0.037595,0.458341,0.616340,0.000000,0.000000,0.507824,0.356401,0.000000,0.738468,0.623621,0.305136,0.825103,0.000000,0.478705,0.535317
uid478,0.478705,0.000000,0.415196,0.142110,0.343951,0.000000,0.305136,0.712174,0.706606,0.000000,0.651389,0.601353,0.000000,0.249788,0.000000,0.800000,0.000000,0.055859,0.158391,0.220482,0.858339,0.934172,0.766870,0.831678,0.818271,0.000000,0.447863,0.073777,0.000000,0.125515,0.876119,0.174363,0.264025,0.091354,0.000000,0.356401,0.000000,0.318323,0.700930,0.753077,0.788167,0.291694,0.403884,0.507824,0.108598,0.841081,0.535317,0.526327,0.623621,0.000000,0.037595,0.000000,0.018978,0.205403,0.000000,0.784069,0.924724
uid479,0.000000,0.000000,0.000000,0.331260,0.488598,0.000000,0.055859,0.426295,0.000000,0.526327,0.000000,0.018978,0.277992,0.073777,0.000000,0.569599,0.535317,0.517164,0.000000,0.037595,0.392352,0.000000,0.000000,0.000000,0.305136,0.000000,0.291694,0.264025,0.000000,0.220482,0.380597,0.437182,0.205403,0.249788,0.318323,0.000000,0.000000,0.577767,0.000000,0.498303,0.000000,0.142110,0.000000,0.091354,0.000000,0.000000,0.000000,0.356401,0.000000,0.000000,0.000000,0.174363,0.000000,0.158391,0.000000,0.458341,0.000000
uid480,0.700930,0.000000,0.623621,0.447863,0.426295,0.000000,0.018978,0.174363,0.055859,0.000000,0.142110,0.664495,0.000000,0.220482,0.000000,0.585780,0.000000,0.670862,0.158391,0.331260,0.000000,0.000000,0.728252,0.000000,0.569599,0.000000,0.630764,0.037595,0.000000,0.838006,0.000000,0.190031,0.264025,0.468621,0.091354,0.415196,0.000000,0.249788,0.073777,0.748300,0.507824,0.291694,0.356401,0.205403,0.108598,0.000000,0.544135,0.552786,0.000000,0.000000,0.000000,0.825103,0.125515,0.608918,0.000000,0.593641,0.000000
uid481,0.291694,0.526327,0.784069,0.000000,0.658005,0.000000,0.318323,0.700930,0.733409,0.000000,0.601353,0.000000,0.000000,0.447863,0.037595,0.771294,0.561273,0.000000,0.055859,0.000000,0.125515,0.000000,0.000000,0.000000,0.235276,0.174363,0.091354,0.073777,0.000000,0.415196,0.753077,0.670862,0.000000,0.331260,0.158391,0.368615,0.205403,0.305136,0.000000,0.507824,0.000000,0.677108,0.392352,0.380597,0.000000,0.000000,0.190031,0.468621,0.356401,0.644645,0.264025,0.000000,0.108598,0.142110,0.748300,0.277992,0.000000
uid482,0.630764,0.000000,0.899661,0.380597,0.775634,0.792187,0.037595,0.447863,0.000000,0.887436,0.623621,0.091354,0.264025,0.108598,0.507824,0.706606,0.889573,0.885259,0.907063,0.018978,0.331260,0.000000,0.000000,0.000000,0.277992,0.000000,0.305136,0.291694,0.927554,0.220482,0.403884,0.544135,0.205403,0.249788,0.343951,0.616340,0.658005,0.517164,0.928929,0.561273,0.757763,0.125515,0.468621,0.055859,0.771294,0.000000,0.814755,0.318323,0.000000,0.000000,0.000000,0.158391,0.535317,0.174363,0.000000,0.585780,0.000000
uid483,0.343951,0.670862,0.507824,0.205403,0.000000,0.000000,0.277992,0.000000,0.091354,0.000000,0.517164,0.291694,0.000000,0.000000,0.608918,0.158391,0.000000,0.108598,0.535317,0.055859,0.368615,0.000000,0.000000,0.000000,0.000000,0.000000,0.249788,0.488598,0.630764,0.018978,0.526327,0.142110,0.305136,0.220482,0.000000,0.000000,0.392352,0.447863,0.000000,0.658005,0.000000,0.174363,0.695145,0.264025,0.000000,0.000000,0.318323,0.073777,0.000000,0.000000,0.235276,0.000000,0.000000,0.380597,0.000000,0.000000,0.000000
uid484,0.743431,0.757763,0.000000,0.220482,0.055859,0.561273,0.018978,0.235276,0.608918,0.000000,0.478705,0.623621,0.000000,0.125515,0.000000,0.190031,0.771294,0.437182,0.426295,0.616340,0.000000,0.403884,0.000000,0.000000,0.468621,0.000000,0.368615,0.343951,0.000000,0.695145,0.000000,0.037595,0.277992,0.108598,0.585780,0.158391,0.000000,0.174363,0.544135,0.458341,0.498303,0.091354,0.000000,0.331260,0.000000,0.000000,0.000000,0.447863,0.264025,0.000000,0.000000,0.683236,0.569599,0.658005,0.000000,0.000000,0.291694
uid485,0.291694,0.091354,0.190031,0.037595,0.055859,0.142110,0.108598,0.000000,0.368615,0.000000,0.000000,0.000000,0.000000,0.264025,0.000000,0.000000,0.000000,0.488598,0.331260,0.569599,0.000000,0.630764,0.018978,0.000000,0.000000,0.000000,0.771294,0.498303,0.000000,0.478705,0.000000,0.403884,0.220482,0.249788,0.689247,0.000000,0.000000,0.380597,0.000000,0.468621,0.000000,0.125515,0.658005,0.205403,0.318323,0.757763,0.000000,0.073777,0.743431,0.000000,0.507824,0.000000,0.000000,0.577767,0.000000,0.670862,0.717636
uid486,0.683236,0.838006,0.775634,0.220482,0.000000,0.535317,0.055859,0.205403,0.277992,0.942435,0.437182,0.291694,0.601353,0.125515,0.700930,0.235276,0.947694,0.000000,0.784069,0.249788,0.651389,0.000000,0.000000,0.000000,0.608918,0.000000,0.593641,0.447863,0.828422,0.415196,0.644645,0.018978,0.368615,0.108598,0.544135,0.142110,0.000000,0.174363,0.498303,0.000000,0.478705,0.073777,0.037595,0.305136,0.757763,0.000000,0.935422,0.658005,0.569599,0.841081,0.712174,0.356401,0.526327,0.380597,0.893724,0.000000,0.000000
uid487,0.055859,0.000000,0.125515,0.190031,0.608918,0.923268,0.108598,0.561273,0.818271,0.630764,0.000000,0.677108,0.458341,0.544135,0.264025,0.670862,0.637771,0.644645,0.000000,0.305136,0.507824,0.000000,0.000000,0.000000,0.468621,0.000000,0.447863,0.018978,0.000000,0.757763,0.517164,0.091354,0.073777,0.426295,0.488598,0.037595,0.866252,0.249788,0.000000,0.368615,0.913920,0.331260,0.277992,0.235276,0.762360,0.969992,0.803796,0.526327,0.000000,0.000000,0.722995,0.158391,0.343951,0.728252,0.000000,0.403884,0.000000
uid488,0.235276,0.000000,0.921784,0.498303,0.852805,0.091354,0.517164,0.561273,0.018978,0.000000,0.569599,0.937849,0.000000,0.834873,0.630764,0.000000,0.908827,0.000000,0.535317,0.073777,0.577767,0.125515,0.000000,0.891668,0.712174,0.689247,0.478705,0.142110,0.000000,0.601353,0.788167,0.291694,0.249788,0.928929,0.108598,0.468621,0.717636,0.305136,0.552786,0.190031,0.784069,0.585780,0.037595,0.158391,0.507824,0.368615,0.403884,0.205403,0.415196,0.437182,0.356401,0.526327,0.670862,0.683236,0.000000,0.174363,0.264025
uid489,0.073777,0.000000,0.331260,0.000000,0.426295,0.000000,0.205403,0.535317,0.000000,0.507824,0.142110,0.000000,0.000000,0.291694,0.235276,0.392352,0.018978,0.000000,0.544135,0.000000,0.277992,0.000000,0.000000,0.000000,0.174363,0.000000,0.630764,0.552786,0.000000,0.644645,0.249788,0.526327,0.000000,0.356401,0.125515,0.380597,0.000000,0.055859,0.000000,0.190031,0.000000,0.569599,0.264025,0.343951,0.468621,0.000000,0.037595,0.000000,0.000000,0.000000,0.108598,0.000000,0.447863,0.000000,0.220482,0.000000,0.000000
uid490,0.743431,0.861027,0.000000,0.174363,0.753077,0.000000,0.037595,0.415196,0.277992,0.000000,0.091354,0.000000,0.000000,0.000000,0.000000,0.108598,0.623621,0.821720,0.264025,0.507824,0.318323,0.437182,0.000000,0.552786,0.220482,0.000000,0.593641,0.331260,0.000000,0.426295,0.403884,0.343951,0.000000,0.018978,0.125515,0.544135,0.000000,0.779892,0.000000,0.585780,0.073777,0.569599,0.142110,0.356401,0.305136,0.249788,0.190031,0.158391,0.683236,0.866252,0.447863,0.468621,0.000000,0.784069,0.000000,0.055859,0.000000
uid491,0.000000,0.000000,0.000000,0.235276,0.055859,0.000000,0.037595,0.220482,0.264025,0.000000,0.000000,0.291694,0.000000,0.142110,0.000000,0.174363,0.000000,0.000000,0.000000,0.249788,0.000000,0.000000,0.000000,0.000000,0.000000,0.000000,0.000000,0.000000,0.000000,0.426295,0.000000,0.018978,0.380597,0.091354,0.000000,0.158391,0.000000,0.190031,0.000000,0.000000,0.000000,0.108598,0.000000,0.318323,0.000000,0.000000,0.000000,0.000000,0.000000,0.000000,0.000000,0.356401,0.000000,0.403884,0.000000,0.000000,0.000000
uid492,0.637771,0.630764,0.712174,0.142110,0.018978,0.517164,0.000000,0.235276,0.838006,0.858339,0.426295,0.885259,0.000000,0.108598,0.917156,0.174363,0.658005,0.392352,0.368615,0.891668,0.811172,0.331260,0.000000,0.000000,0.380597,0.000000,0.318323,0.277992,0.000000,0.577767,0.000000,0.091354,0.305136,0.037595,0.544135,0.158391,0.000000,0.220482,0.507824,0.415196,0.437182,0.073777,0.055859,0.291694,0.670862,0.000000,0.926153,0.403884,0.552786,0.807519,0.905265,0.722995,0.526327,0.841081,0.000000,0.844096,0.264025
uid493,0.073777,0.743431,0.125515,0.343951,0.700930,0.000000,0.091354,0.788167,0.205403,0.955127,0.000000,0.814755,0.000000,0.426295,0.876119,0.305136,0.941321,0.318323,0.855598,0.235276,0.000000,0.000000,0.000000,0.000000,0.677108,0.000000,0.380597,0.037595,0.883039,0.249788,0.544135,0.108598,0.055859,0.277992,0.190031,0.018978,0.437182,0.593641,0.000000,0.913920,0.000000,0.392352,0.775634,0.356401,0.950615,0.753077,0.821720,0.264025,0.000000,0.757763,0.368615,0.174363,0.796131,0.811172,0.897720,0.000000,0.000000
uid494,0.000000,0.392352,0.000000,0.458341,0.771294,0.000000,0.706606,0.190031,0.174363,0.885259,0.018978,0.695145,0.601353,0.108598,0.577767,0.000000,0.356401,0.891668,0.205403,0.517164,0.637771,0.000000,0.000000,0.000000,0.616340,0.000000,0.318323,0.220482,0.000000,0.426295,0.569599,0.055859,0.658005,0.585780,0.091354,0.447863,0.000000,0.305136,0.158391,0.000000,0.000000,0.235276,0.552786,0.468621,0.073777,0.000000,0.264025,0.380597,0.142110,0.415196,0.291694,0.743431,0.037595,0.733409,0.838006,0.507824,0.000000
uid495,0.706606,0.000000,0.220482,0.577767,0.478705,0.108598,0.235276,0.811172,0.844096,0.000000,0.814755,0.073777,0.000000,0.403884,0.125515,0.861027,0.000000,0.552786,0.601353,0.468621,0.190031,0.142110,0.807519,0.866252,0.934172,0.000000,0.677108,0.018978,0.000000,0.585780,0.913920,0.392352,0.174363,0.055859,0.498303,0.205403,0.000000,0.458341,0.841081,0.277992,0.923268,0.291694,0.318323,0.000000,0.593641,0.889573,0.738468,0.380597,0.644645,0.000000,0.544135,0.000000,0.091354,0.630764,0.000000,0.921784,0.952472
uid496,0.108598,0.753077,0.291694,0.305136,0.037595,0.174363,0.552786,0.637771,0.190031,0.000000,0.343951,0.277992,0.000000,0.569599,0.664495,0.743431,0.507824,0.000000,0.616340,0.205403,0.717636,0.000000,0.000000,0.000000,0.437182,0.000000,0.762360,0.091354,0.000000,0.264025,0.249788,0.055859,0.368615,0.018978,0.220482,0.000000,0.000000,0.498303,0.125515,0.458341,0.000000,0.593641,0.235276,0.517164,0.000000,0.000000,0.468621,0.073777,0.828422,0.766870,0.158391,0.000000,0.585780,0.000000,0.683236,0.651389,0.000000
uid497,0.073777,0.920271,0.037595,0.174363,0.235276,0.936647,0.593641,0.468621,0.637771,0.000000,0.498303,0.356401,0.000000,0.535317,0.000000,0.544135,0.921784,0.291694,0.677108,0.000000,0.743431,0.844096,0.426295,0.717636,0.608918,0.000000,0.018978,0.437182,0.000000,0.728252,0.784069,0.318323,0.205403,0.091354,0.142110,0.000000,0.000000,0.818271,0.670862,0.447863,0.569599,0.885259,0.220482,0.190031,0.055859,0.757763,0.158391,0.249788,0.264025,0.000000,0.000000,0.000000,0.380597,0.368615,0.000000,0.577767,0.847055
uid498,0.447863,0.800000,0.458341,0.331260,0.142110,0.897720,0.091354,0.753077,0.700930,0.959226,0.921784,0.917156,0.825103,0.018978,0.907063,0.403884,0.814755,0.264025,0.356401,0.125515,0.712174,0.630764,0.000000,0.426295,0.670862,0.000000,0.468621,0.277992,0.975694,0.318323,0.748300,0.000000,0.037595,0.291694,0.174363,0.158391,0.944599,0.108598,0.000000,0.664495,0.883039,0.073777,0.235276,0.535317,0.305136,0.677108,0.569599,0.561273,0.000000,0.000000,0.249788,0.000000,0.055859,0.380597,0.000000,0.955127,0.577767
uid499,0.858339,0.861027,0.000000,0.392352,0.458341,0.743431,0.291694,0.220482,0.091354,0.000000,0.318323,0.784069,0.000000,0.498303,0.000000,0.343951,0.000000,0.644645,0.037595,0.775634,0.108598,0.616340,0.000000,0.000000,0.403884,0.000000,0.601353,0.142110,0.000000,0.828422,0.235276,0.125515,0.249788,0.000000,0.331260,0.526327,0.000000,0.517164,0.738468,0.658005,0.305136,0.488598,0.356401,0.190031,0.073777,0.018978,0.380597,0.158391,0.677108,0.000000,0.000000,0.814755,0.753077,0.807519,0.000000,0.277992,0.569599
uid500,0.108598,0.000000,0.000000,0.000000,0.000000,0.000000,0.291694,0.000000,0.000000,0.000000,0.000000,0.000000,0.000000,0.235276,0.000000,0.000000,0.000000,0.000000,0.000000,0.000000,0.000000,0.000000,0.000000,0.000000,0.000000,0.000000,0.018978,0.000000,0.000000,0.000000,0.000000,0.220482,0.249788,0.037595,0.142110,0.073777,0.000000,0.000000,0.000000,0.000000,0.000000,0.277992,0.158391,0.125515,0.091354,0.000000,0.205403,0.190031,0.000000,0.000000,0.000000,0.000000,0.264025,0.000000,0.000000,0.000000,0.000000
uid501,0.091354,0.000000,0.000000,0.000000,0.000000,0.000000,0.000000,0.000000,0.108598,0.000000,0.000000,0.018978,0.000000,0.000000,0.000000,0.000000,0.142110,0.000000,0.000000,0.000000,0.000000,0.000000,0.000000,0.000000,0.000000,0.000000,0.174363,0.000000,0.000000,0.000000,0.000000,0.000000,0.000000,0.037595,0.125515,0.000000,0.000000,0.158391,0.000000,0.190031,0.000000,0.000000,0.000000,0.000000,0.000000,0.000000,0.073777,0.000000,0.000000,0.000000,0.000000,0.000000,0.000000,0.000000,0.000000,0.000000,0.000000
uid502,0.544135,0.073777,0.000000,0.569599,0.264025,0.743431,0.000000,0.601353,0.331260,0.000000,0.055859,0.447863,0.000000,0.623621,0.000000,0.158391,0.000000,0.651389,0.125515,0.488598,0.000000,0.000000,0.000000,0.000000,0.771294,0.000000,0.458341,0.318323,0.000000,0.700930,0.091354,0.108598,0.728252,0.142110,0.368615,0.664495,0.552786,0.403884,0.000000,0.695145,0.000000,0.415196,0.037595,0.174363,0.000000,0.235276,0.526327,0.507824,0.000000,0.000000,0.426295,0.757763,0.585780,0.000000,0.000000,0.616340,0.000000
uid503,0.498303,0.000000,0.895741,0.108598,0.706606,0.733409,0.912255,0.235276,0.468621,0.863665,0.517164,0.788167,0.037595,0.174363,0.318323,0.616340,0.873723,0.871280,0.901565,0.343951,0.158391,0.000000,0.000000,0.000000,0.055859,0.000000,0.073777,0.018978,0.921784,0.000000,0.142110,0.403884,0.220482,0.000000,0.091354,0.488598,0.535317,0.305136,0.000000,0.415196,0.695145,0.125515,0.331260,0.291694,0.658005,0.000000,0.800000,0.205403,0.000000,0.738468,0.928929,0.000000,0.392352,0.784069,0.000000,0.447863,0.000000
uid504,0.000000,0.000000,0.343951,0.468621,0.664495,0.717636,0.190031,0.738468,0.000000,0.000000,0.526327,0.000000,0.000000,0.000000,0.037595,0.561273,0.000000,0.000000,0.142110,0.000000,0.174363,0.415196,0.000000,0.000000,0.205403,0.000000,0.073777,0.158391,0.000000,0.000000,0.000000,0.488598,0.018978,0.447863,0.125515,0.264025,0.277992,0.478705,0.712174,0.380597,0.535317,0.356401,0.291694,0.458341,0.517164,0.000000,0.331260,0.426295,0.000000,0.651389,0.000000,0.000000,0.108598,0.055859,0.000000,0.593641,0.000000
uid505,0.000000,0.000000,0.000000,0.318323,0.000000,0.000000,0.055859,0.426295,0.000000,0.000000,0.000000,0.037595,0.277992,0.073777,0.000000,0.630764,0.000000,0.585780,0.000000,0.018978,0.368615,0.000000,0.000000,0.000000,0.305136,0.000000,0.291694,0.264025,0.000000,0.220482,0.356401,0.468621,0.205403,0.249788,0.331260,0.000000,0.000000,0.000000,0.000000,0.000000,0.000000,0.142110,0.000000,0.091354,0.000000,0.000000,0.000000,0.392352,0.000000,0.437182,0.651389,0.174363,0.517164,0.158391,0.000000,0.000000,0.000000
uid506,0.331260,0.577767,0.535317,0.073777,0.616340,0.743431,0.426295,0.091354,0.670862,0.000000,0.380597,0.000000,0.000000,0.125515,0.264025,0.561273,0.305136,0.000000,0.235276,0.158391,0.478705,0.000000,0.000000,0.000000,0.403884,0.000000,0.601353,0.190031,0.000000,0.000000,0.249788,0.608918,0.277992,0.498303,0.037595,0.055859,0.000000,0.318323,0.695145,0.415196,0.000000,0.220482,0.205403,0.018978,0.000000,0.000000,0.291694,0.174363,0.000000,0.585780,0.356401,0.000000,0.108598,0.000000,0.437182,0.142110,0.000000
uid507,0.000000,0.305136,0.000000,0.055859,0.368615,0.552786,0.415196,0.108598,0.458341,0.000000,0.356401,0.000000,0.644645,0.125515,0.264025,0.000000,0.000000,0.000000,0.235276,0.158391,0.670862,0.000000,0.000000,0.000000,0.637771,0.000000,0.318323,0.190031,0.000000,0.000000,0.249788,0.331260,0.544135,0.623621,0.018978,0.073777,0.000000,0.000000,0.561273,0.000000,0.507824,0.205403,0.220482,0.037595,0.000000,0.000000,0.000000,0.174363,0.608918,0.277992,0.000000,0.000000,0.091354,0.000000,0.000000,0.142110,0.000000
uid508,0.585780,0.000000,0.380597,0.544135,0.205403,0.792187,0.331260,0.601353,0.844096,0.000000,0.784069,0.000000,0.000000,0.000000,0.000000,0.000000,0.426295,0.000000,0.142110,0.190031,0.000000,0.000000,0.593641,0.000000,0.738468,0.000000,0.392352,0.018978,0.000000,0.458341,0.000000,0.037595,0.091354,0.403884,0.055859,0.220482,0.000000,0.814755,0.788167,0.577767,0.000000,0.291694,0.158391,0.343951,0.616340,0.000000,0.717636,0.174363,0.305136,0.000000,0.498303,0.488598,0.125515,0.658005,0.000000,0.000000,0.000000
uid509,0.447863,0.000000,0.380597,0.552786,0.291694,0.108598,0.249788,0.677108,0.733409,0.000000,0.683236,0.073777,0.000000,0.190031,0.125515,0.792187,0.000000,0.561273,0.743431,0.277992,0.852805,0.142110,0.670862,0.825103,0.811172,0.000000,0.415196,0.018978,0.000000,0.821720,0.871280,0.174363,0.205403,0.055859,0.318323,0.305136,0.000000,0.264025,0.728252,0.664495,0.779892,0.235276,0.356401,0.000000,0.437182,0.834873,0.507824,0.498303,0.535317,0.000000,0.000000,0.000000,0.091354,0.616340,0.000000,0.775634,0.000000
uid510,0.689247,0.000000,0.507824,0.343951,0.644645,0.437182,0.517164,0.000000,0.000000,0.000000,0.000000,0.403884,0.000000,0.000000,0.447863,0.000000,0.190031,0.728252,0.291694,0.305136,0.498303,0.220482,0.000000,0.018978,0.000000,0.000000,0.142110,0.380597,0.000000,0.158391,0.055859,0.091354,0.174363,0.415196,0.318323,0.000000,0.000000,0.000000,0.000000,0.108598,0.000000,0.073777,0.569599,0.368615,0.683236,0.000000,0.717636,0.205403,0.616340,0.000000,0.264025,0.277992,0.426295,0.762360,0.000000,0.000000,0.000000
uid511,0.142110,0.670862,0.844096,0.552786,0.880777,0.000000,0.380597,0.091354,0.331260,0.000000,0.291694,0.249788,0.766870,0.426295,0.912255,0.526327,0.683236,0.108598,0.458341,0.695145,0.811172,0.000000,0.125515,0.000000,0.577767,0.000000,0.644645,0.000000,0.000000,0.585780,0.803796,0.073777,0.205403,0.037595,0.415196,0.264025,0.000000,0.891668,0.318323,0.055859,0.498303,0.601353,0.517164,0.447863,0.368615,0.000000,0.174363,0.561273,0.392352,0.000000,0.000000,0.757763,0.190031,0.220482,0.000000,0.478705,0.000000
uid512,0.037595,0.828422,0.637771,0.889573,0.577767,0.000000,0.700930,0.893724,0.343951,0.561273,0.235276,0.174363,0.000000,0.517164,0.073777,0.488598,0.498303,0.535317,0.658005,0.091354,0.331260,0.000000,0.000000,0.000000,0.876119,0.000000,0.125515,0.623621,0.722995,0.249788,0.644645,0.000000,0.264025,0.158391,0.415196,0.190031,0.356401,0.426295,0.000000,0.585780,0.000000,0.908827,0.841081,0.552786,0.205403,0.792187,0.277992,0.901565,0.000000,0.937849,0.055859,0.000000,0.018978,0.108598,0.915553,0.458341,0.000000
uid513,0.000000,0.821720,0.644645,0.392352,0.876119,0.949660,0.458341,0.762360,0.318323,0.947694,0.235276,0.158391,0.000000,0.800000,0.142110,0.380597,0.924724,0.331260,0.637771,0.091354,0.552786,0.000000,0.000000,0.000000,0.944599,0.000000,0.174363,0.630764,0.712174,0.190031,0.623621,0.018978,0.249788,0.108598,0.305136,0.205403,0.478705,0.608918,0.000000,0.825103,0.000000,0.415196,0.784069,0.468621,0.220482,0.000000,0.526327,0.368615,0.000000,0.885259,0.037595,0.000000,0.055859,0.073777,0.861027,0.796131,0.000000
uid514,0.125515,0.926153,0.018978,0.670862,0.637771,0.677108,0.305136,0.953374,0.706606,0.811172,0.235276,0.834873,0.000000,0.000000,0.957633,0.478705,0.818271,0.447863,0.458341,0.552786,0.821720,0.000000,0.000000,0.488598,0.403884,0.000000,0.037595,0.291694,0.000000,0.498303,0.277992,0.264025,0.569599,0.073777,0.142110,0.108598,0.392352,0.468621,0.000000,0.526327,0.318323,0.535317,0.174363,0.158391,0.055859,0.912255,0.220482,0.205403,0.331260,0.000000,0.753077,0.000000,0.507824,0.866252,0.000000,0.544135,0.000000
uid515,0.380597,0.876119,0.000000,0.249788,0.821720,0.000000,0.318323,0.841081,0.174363,0.000000,0.728252,0.343951,0.000000,0.847055,0.683236,0.264025,0.000000,0.142110,0.762360,0.125515,0.415196,0.000000,0.000000,0.000000,0.000000,0.000000,0.305136,0.577767,0.811172,0.091354,0.526327,0.018978,0.356401,0.277992,0.073777,0.651389,0.447863,0.498303,0.000000,0.000000,0.000000,0.220482,0.861027,0.331260,0.722995,0.630764,0.392352,0.205403,0.000000,0.878470,0.291694,0.037595,0.677108,0.437182,0.000000,0.849958,0.000000
uid516,0.000000,0.000000,0.000000,0.403884,0.766870,0.858339,0.368615,0.037595,0.577767,0.000000,0.291694,0.249788,0.000000,0.478705,0.000000,0.277992,0.000000,0.205403,0.552786,0.000000,0.683236,0.885259,0.018978,0.593641,0.426295,0.000000,0.883039,0.055859,0.000000,0.637771,0.695145,0.125515,0.190031,0.108598,0.305136,0.235276,0.000000,0.717636,0.458341,0.091354,0.331260,0.775634,0.392352,0.544135,0.517164,0.601353,0.142110,0.415196,0.468621,0.000000,0.000000,0.000000,0.158391,0.264025,0.000000,0.318323,0.880777
uid517,0.158391,0.000000,0.037595,0.331260,0.343951,0.000000,0.478705,0.526327,0.517164,0.000000,0.488598,0.392352,0.000000,0.437182,0.000000,0.651389,0.000000,0.277992,0.468621,0.000000,0.738468,0.885259,0.608918,0.722995,0.664495,0.000000,0.055859,0.544135,0.000000,0.728252,0.788167,0.235276,0.220482,0.000000,0.125515,0.142110,0.000000,0.838006,0.535317,0.593641,0.677108,0.818271,0.073777,0.108598,0.205403,0.762360,0.174363,0.091354,0.380597,0.000000,0.000000,0.000000,0.249788,0.264025,0.000000,0.630764,0.868790
uid518,0.392352,0.601353,0.814755,0.885259,0.055859,0.903433,0.158391,0.468621,0.018978,0.861027,0.235276,0.893724,0.000000,0.447863,0.779892,0.825103,0.403884,0.249788,0.577767,0.488598,0.792187,0.000000,0.000000,0.000000,0.343951,0.000000,0.733409,0.091354,0.000000,0.498303,0.125515,0.073777,0.356401,0.037595,0.277992,0.608918,0.000000,0.220482,0.921784,0.380597,0.000000,0.561273,0.788167,0.807519,0.855598,0.000000,0.437182,0.927554,0.658005,0.000000,0.305136,0.000000,0.458341,0.000000,0.775634,0.623621,0.000000
uid519,0.841081,0.000000,0.000000,0.190031,0.458341,0.743431,0.018978,0.415196,0.277992,0.000000,0.108598,0.779892,0.000000,0.498303,0.000000,0.091354,0.000000,0.664495,0.264025,0.784069,0.305136,0.658005,0.000000,0.838006,0.205403,0.000000,0.637771,0.356401,0.000000,0.828422,0.392352,0.343951,0.000000,0.037595,0.125515,0.507824,0.000000,0.526327,0.748300,0.683236,0.055859,0.478705,0.158391,0.368615,0.318323,0.249788,0.174363,0.142110,0.569599,0.000000,0.000000,0.821720,0.753077,0.807519,0.000000,0.073777,0.608918
uid520,0.855598,0.458341,0.644645,0.318323,0.507824,0.000000,0.158391,0.018978,0.142110,0.775634,0.037595,0.677108,0.277992,0.091354,0.000000,0.000000,0.811172,0.000000,0.000000,0.000000,0.368615,0.000000,0.000000,0.000000,0.305136,0.000000,0.291694,0.235276,0.000000,0.670862,0.356401,0.174363,0.392352,0.264025,0.055859,0.601353,0.000000,0.880777,0.108598,0.852805,0.000000,0.343951,0.561273,0.220482,0.073777,0.000000,0.700930,0.380597,0.205403,0.478705,0.861027,0.000000,0.190031,0.000000,0.788167,0.717636,0.000000
uid521,0.748300,0.891668,0.952472,0.468621,0.415196,0.478705,0.343951,0.318323,0.305136,0.670862,0.174363,0.142110,0.000000,0.249788,0.861027,0.593641,0.683236,0.018978,0.331260,0.880777,0.695145,0.000000,0.000000,0.000000,0.392352,0.000000,0.700930,0.356401,0.000000,0.866252,0.889573,0.000000,0.091354,0.544135,0.235276,0.158391,0.762360,0.577767,0.291694,0.658005,0.403884,0.535317,0.498303,0.368615,0.220482,0.825103,0.108598,0.458341,0.264025,0.893724,0.000000,0.000000,0.073777,0.125515,0.000000,0.637771,0.000000
uid522,0.158391,0.174363,0.000000,0.277992,0.616340,0.000000,0.018978,0.380597,0.670862,0.000000,0.630764,0.000000,0.220482,0.368615,0.000000,0.517164,0.415196,0.055859,0.125515,0.000000,0.331260,0.000000,0.000000,0.000000,0.249788,0.000000,0.235276,0.142110,0.000000,0.000000,0.305136,0.488598,0.318323,0.190031,0.264025,0.458341,0.426295,0.000000,0.000000,0.108598,0.000000,0.037595,0.664495,0.091354,0.561273,0.000000,0.000000,0.073777,0.000000,0.577767,0.000000,0.000000,0.689247,0.000000,0.000000,0.000000,0.000000
uid523,0.623621,0.000000,0.601353,0.447863,0.738468,0.108598,0.277992,0.847055,0.000000,0.000000,0.249788,0.073777,0.000000,0.788167,0.091354,0.779892,0.585780,0.356401,0.458341,0.468621,0.000000,0.142110,0.855598,0.517164,0.000000,0.000000,0.561273,0.018978,0.000000,0.415196,0.205403,0.190031,0.569599,0.037595,0.677108,0.478705,0.000000,0.796131,0.000000,0.535317,0.305136,0.498303,0.644645,0.000000,0.174363,0.000000,0.637771,0.291694,0.235276,0.000000,0.343951,0.000000,0.125515,0.392352,0.000000,0.000000,0.000000
uid524,0.235276,0.125515,0.073777,0.220482,0.091354,0.000000,0.174363,0.834873,0.264025,0.000000,0.838006,0.623621,0.000000,0.291694,0.644645,0.927554,0.577767,0.664495,0.403884,0.757763,0.831678,0.658005,0.037595,0.488598,0.935422,0.000000,0.526327,0.601353,0.000000,0.569599,0.478705,0.437182,0.190031,0.356401,0.771294,0.108598,0.000000,0.368615,0.821720,0.426295,0.924724,0.055859,0.775634,0.158391,0.277992,0.937849,0.689247,0.018978,0.876119,0.000000,0.852805,0.818271,0.630764,0.706606,0.000000,0.918728,0.000000
uid525,0.055859,0.000000,0.000000,0.658005,0.158391,0.569599,0.717636,0.544135,0.526327,0.000000,0.142110,0.803796,0.000000,0.331260,0.000000,0.585780,0.000000,0.277992,0.305136,0.775634,0.356401,0.108598,0.000000,0.630764,0.318323,0.000000,0.125515,0.249788,0.000000,0.644645,0.637771,0.174363,0.343951,0.380597,0.018978,0.695145,0.000000,0.706606,0.535317,0.291694,0.220482,0.468621,0.000000,0.037595,0.478705,0.403884,0.091354,0.073777,0.392352,0.000000,0.000000,0.811172,0.415196,0.788167,0.000000,0.000000,0.205403
uid526,0.018978,0.000000,0.478705,0.235276,0.561273,0.000000,0.458341,0.291694,0.158391,0.000000,0.426295,0.000000,0.000000,0.664495,0.677108,0.091354,0.000000,0.000000,0.174363,0.689247,0.220482,0.000000,0.000000,0.108598,0.000000,0.000000,0.000000,0.190031,0.000000,0.000000,0.264025,0.277992,0.343951,0.037595,0.000000,0.356401,0.000000,0.305136,0.000000,0.000000,0.000000,0.535317,0.517164,0.142110,0.249788,0.055859,0.000000,0.331260,0.000000,0.000000,0.000000,0.507824,0.073777,0.000000,0.000000,0.000000,0.000000
uid527,0.825103,0.000000,0.507824,0.158391,0.738468,0.437182,0.517164,0.828422,0.000000,0.000000,0.000000,0.415196,0.000000,0.700930,0.447863,0.000000,0.343951,0.623621,0.091354,0.108598,0.498303,0.000000,0.831678,0.220482,0.000000,0.000000,0.291694,0.368615,0.000000,0.018978,0.190031,0.264025,0.331260,0.403884,0.125515,0.205403,0.000000,0.728252,0.000000,0.277992,0.000000,0.249788,0.569599,0.380597,0.644645,0.000000,0.796131,0.356401,0.000000,0.000000,0.055859,0.073777,0.426295,0.683236,0.000000,0.000000,0.000000
uid528,0.585780,0.000000,0.910557,0.091354,0.220482,0.966975,0.205403,0.368615,0.403884,0.733409,0.905265,0.392352,0.784069,0.277992,0.852805,0.343951,0.743431,0.738468,0.917156,0.000000,0.552786,0.000000,0.000000,0.000000,0.796131,0.000000,0.683236,0.788167,0.932899,0.526327,0.814755,0.073777,0.507824,0.264025,0.664495,0.108598,0.637771,0.055859,0.000000,0.728252,0.962234,0.249788,0.037595,0.125515,0.158391,0.000000,0.593641,0.142110,0.000000,0.000000,0.885259,0.488598,0.866252,0.437182,0.000000,0.018978,0.000000
uid529,0.814755,0.000000,0.000000,0.630764,0.526327,0.305136,0.517164,0.683236,0.771294,0.000000,0.677108,0.277992,0.000000,0.478705,0.318323,0.863665,0.174363,0.356401,0.658005,0.535317,0.695145,0.331260,0.818271,0.055859,0.876119,0.000000,0.125515,0.235276,0.000000,0.158391,0.018978,0.108598,0.190031,0.249788,0.569599,0.000000,0.000000,0.544135,0.670862,0.091354,0.855598,0.037595,0.585780,0.220482,0.637771,0.910557,0.415196,0.205403,0.757763,0.000000,0.717636,0.651389,0.291694,0.437182,0.000000,0.852805,0.000000
uid530,0.000000,0.000000,0.000000,0.368615,0.142110,0.000000,0.205403,0.343951,0.447863,0.000000,0.000000,0.000000,0.000000,0.125515,0.000000,0.331260,0.000000,0.073777,0.190031,0.000000,0.000000,0.000000,0.000000,0.000000,0.277992,0.000000,0.037595,0.158391,0.000000,0.000000,0.000000,0.318323,0.091354,0.291694,0.000000,0.380597,0.000000,0.356401,0.000000,0.249788,0.000000,0.264025,0.174363,0.018978,0.437182,0.000000,0.000000,0.055859,0.000000,0.000000,0.000000,0.000000,0.000000,0.000000,0.000000,0.000000,0.108598
uid531,0.478705,0.677108,0.000000,0.415196,0.205403,0.585780,0.291694,0.403884,0.000000,0.000000,0.507824,0.000000,0.000000,0.174363,0.000000,0.380597,0.706606,0.018978,0.108598,0.000000,0.722995,0.037595,0.000000,0.000000,0.220482,0.000000,0.158391,0.073777,0.000000,0.637771,0.000000,0.392352,0.190031,0.356401,0.601353,0.277992,0.000000,0.318323,0.569599,0.125515,0.535317,0.249788,0.142110,0.055859,0.712174,0.000000,0.000000,0.091354,0.608918,0.717636,0.000000,0.447863,0.593641,0.000000,0.000000,0.000000,0.000000
uid532,0.305136,0.000000,0.000000,0.392352,0.577767,0.158391,0.507824,0.174363,0.264025,0.000000,0.073777,0.658005,0.000000,0.380597,0.000000,0.458341,0.000000,0.771294,0.000000,0.738468,0.689247,0.000000,0.000000,0.000000,0.437182,0.000000,0.343951,0.055859,0.000000,0.000000,0.753077,0.037595,0.108598,0.544135,0.190031,0.277992,0.331260,0.616340,0.142110,0.623621,0.000000,0.018978,0.000000,0.498303,0.601353,0.000000,0.561273,0.000000,0.220482,0.000000,0.000000,0.569599,0.205403,0.630764,0.000000,0.000000,0.000000
uid533,0.458341,0.000000,0.000000,0.055859,0.073777,0.807519,0.577767,0.468621,0.561273,0.000000,0.498303,0.380597,0.000000,0.517164,0.000000,0.664495,0.000000,0.091354,0.205403,0.264025,0.000000,0.743431,0.447863,0.000000,0.689247,0.000000,0.717636,0.142110,0.000000,0.190031,0.000000,0.220482,0.037595,0.018978,0.507824,0.392352,0.000000,0.000000,0.535317,0.437182,0.637771,0.775634,0.651389,0.593641,0.108598,0.000000,0.356401,0.670862,0.000000,0.000000,0.158391,0.000000,0.291694,0.235276,0.000000,0.623621,0.700930
uid534,0.158391,0.771294,0.947694,0.561273,0.380597,0.973250,0.205403,0.934172,0.277992,0.863665,0.125515,0.803796,0.000000,0.717636,0.944599,0.569599,0.000000,0.318323,0.895741,0.507824,0.831678,0.000000,0.000000,0.000000,0.091354,0.000000,0.544135,0.249788,0.000000,0.517164,0.291694,0.343951,0.055859,0.305136,0.108598,0.644645,0.677108,0.037595,0.968216,0.190031,0.000000,0.585780,0.779892,0.601353,0.000000,0.403884,0.018978,0.498303,0.000000,0.920271,0.174363,0.000000,0.954259,0.844096,0.941321,0.858339,0.000000
uid535,0.757763,0.000000,0.000000,0.651389,0.561273,0.305136,0.526327,0.695145,0.807519,0.000000,0.670862,0.264025,0.000000,0.507824,0.318323,0.868790,0.205403,0.356401,0.683236,0.544135,0.700930,0.331260,0.766870,0.018978,0.883039,0.000000,0.125515,0.235276,0.000000,0.142110,0.000000,0.073777,0.174363,0.277992,0.577767,0.055859,0.000000,0.552786,0.689247,0.108598,0.861027,0.091354,0.601353,0.220482,0.644645,0.885259,0.437182,0.190031,0.796131,0.000000,0.733409,0.664495,0.291694,0.426295,0.000000,0.858339,0.000000
uid536,0.403884,0.415196,0.866252,0.190031,0.488598,0.055859,0.305136,0.108598,0.677108,0.000000,0.037595,0.733409,0.800000,0.517164,0.000000,0.158391,0.447863,0.343951,0.368615,0.728252,0.828422,0.544135,0.000000,0.000000,0.593641,0.000000,0.458341,0.437182,0.000000,0.318323,0.821720,0.220482,0.000000,0.637771,0.073777,0.249788,0.000000,0.205403,0.018978,0.392352,0.000000,0.331260,0.552786,0.291694,0.277992,0.000000,0.658005,0.264025,0.142110,0.000000,0.000000,0.664495,0.091354,0.700930,0.000000,0.000000,0.468621
uid537,0.517164,0.000000,0.873723,0.018978,0.403884,0.468621,0.585780,0.630764,0.800000,0.849958,0.552786,0.887436,0.000000,0.644645,0.125515,0.000000,0.488598,0.000000,0.689247,0.142110,0.000000,0.000000,0.000000,0.000000,0.380597,0.000000,0.000000,0.426295,0.000000,0.593641,0.695145,0.205403,0.305136,0.291694,0.368615,0.343951,0.000000,0.091354,0.000000,0.220482,0.392352,0.174363,0.073777,0.000000,0.318323,0.000000,0.498303,0.447863,0.775634,0.000000,0.535317,0.000000,0.190031,0.000000,0.738468,0.264025,0.000000
uid538,0.380597,0.000000,0.000000,0.318323,0.125515,0.000000,0.073777,0.743431,0.458341,0.000000,0.356401,0.000000,0.677108,0.037595,0.000000,0.630764,0.000000,0.000000,0.000000,0.091354,0.717636,0.000000,0.000000,0.000000,0.616340,0.000000,0.658005,0.426295,0.000000,0.000000,0.712174,0.018978,0.174363,0.264025,0.205403,0.142110,0.000000,0.158391,0.000000,0.517164,0.000000,0.108598,0.000000,0.343951,0.478705,0.000000,0.368615,0.561273,0.277992,0.000000,0.000000,0.403884,0.055859,0.498303,0.000000,0.585780,0.000000
uid539,0.593641,0.000000,0.277992,0.488598,0.000000,0.000000,0.264025,0.000000,0.683236,0.000000,0.000000,0.000000,0.000000,0.000000,0.000000,0.000000,0.190031,0.437182,0.498303,0.535317,0.249788,0.380597,0.000000,0.037595,0.000000,0.000000,0.142110,0.447863,0.000000,0.158391,0.000000,0.073777,0.174363,0.392352,0.608918,0.018978,0.000000,0.000000,0.000000,0.108598,0.000000,0.091354,0.356401,0.601353,0.468621,0.000000,0.637771,0.205403,0.000000,0.000000,0.426295,0.000000,0.000000,0.526327,0.000000,0.000000,0.000000
uid540,0.220482,0.000000,0.000000,0.526327,0.277992,0.000000,0.158391,0.000000,0.291694,0.000000,0.142110,0.000000,0.000000,0.517164,0.000000,0.569599,0.000000,0.000000,0.000000,0.000000,0.018978,0.616340,0.000000,0.000000,0.535317,0.000000,0.468621,0.190031,0.000000,0.073777,0.000000,0.368615,0.561273,0.235276,0.091354,0.055859,0.488598,0.343951,0.000000,0.392352,0.670862,0.037595,0.000000,0.125515,0.331260,0.000000,0.249788,0.000000,0.000000,0.000000,0.108598,0.264025,0.000000,0.356401,0.000000,0.677108,0.000000
uid541,0.331260,0.000000,0.478705,0.792187,0.695145,0.616340,0.447863,0.392352,0.343951,0.883039,0.818271,0.601353,0.000000,0.644645,0.623621,0.037595,0.291694,0.091354,0.000000,0.683236,0.356401,0.552786,0.000000,0.142110,0.847055,0.000000,0.055859,0.569599,0.000000,0.264025,0.125515,0.000000,0.277992,0.368615,0.712174,0.174363,0.844096,0.689247,0.000000,0.220482,0.920271,0.190031,0.507824,0.018978,0.915553,0.000000,0.946682,0.305136,0.936647,0.873723,0.788167,0.000000,0.608918,0.908827,0.000000,0.885259,0.000000
uid542,0.544135,0.000000,0.488598,0.158391,0.478705,0.000000,0.277992,0.722995,0.142110,0.000000,0.318323,0.000000,0.000000,0.000000,0.000000,0.356401,0.000000,0.220482,0.651389,0.125515,0.073777,0.000000,0.000000,0.608918,0.055859,0.000000,0.526327,0.664495,0.000000,0.616340,0.712174,0.700930,0.018978,0.108598,0.249788,0.498303,0.000000,0.037595,0.000000,0.000000,0.331260,0.000000,0.000000,0.561273,0.535317,0.637771,0.190031,0.174363,0.458341,0.000000,0.091354,0.000000,0.623621,0.000000,0.000000,0.305136,0.000000
uid543,0.108598,0.000000,0.000000,0.331260,0.695145,0.792187,0.478705,0.305136,0.220482,0.000000,0.766870,0.601353,0.507824,0.458341,0.000000,0.073777,0.000000,0.000000,0.158391,0.585780,0.174363,0.000000,0.000000,0.142110,0.517164,0.000000,0.468621,0.264025,0.000000,0.125515,0.291694,0.235276,0.488598,0.055859,0.437182,0.318323,0.000000,0.343951,0.753077,0.863665,0.771294,0.526327,0.683236,0.000000,0.037595,0.018978,0.841081,0.277992,0.807519,0.000000,0.000000,0.651389,0.091354,0.616340,0.000000,0.000000,0.000000
uid544,0.249788,0.000000,0.000000,0.000000,0.000000,0.000000,0.000000,0.000000,0.158391,0.000000,0.000000,0.190031,0.000000,0.437182,0.000000,0.000000,0.000000,0.000000,0.000000,0.392352,0.055859,0.000000,0.000000,0.000000,0.000000,0.000000,0.073777,0.000000,0.000000,0.000000,0.000000,0.037595,0.205403,0.235276,0.368615,0.000000,0.318323,0.380597,0.000000,0.000000,0.000000,0.018978,0.000000,0.000000,0.000000,0.000000,0.220482,0.000000,0.000000,0.000000,0.000000,0.000000,0.142110,0.174363,0.000000,0.426295,0.000000
uid545,0.488598,0.891668,0.426295,0.356401,0.174363,0.807519,0.158391,0.695145,0.689247,0.000000,0.637771,0.616340,0.000000,0.091354,0.000000,0.000000,0.893724,0.055859,0.368615,0.190031,0.000000,0.018978,0.000000,0.000000,0.866252,0.000000,0.458341,0.000000,0.000000,0.343951,0.000000,0.073777,0.108598,0.318323,0.235276,0.220482,0.000000,0.205403,0.677108,0.863665,0.788167,0.125515,0.277992,0.498303,0.331260,0.000000,0.544135,0.526327,0.670862,0.000000,0.305136,0.000000,0.142110,0.403884,0.000000,0.000000,0.834873
uid546,0.552786,0.577767,0.000000,0.190031,0.291694,0.000000,0.018978,0.415196,0.608918,0.000000,0.108598,0.623621,0.000000,0.331260,0.000000,0.125515,0.593641,0.507824,0.544135,0.616340,0.000000,0.000000,0.000000,0.000000,0.205403,0.000000,0.601353,0.561273,0.000000,0.498303,0.000000,0.235276,0.000000,0.037595,0.091354,0.368615,0.000000,0.356401,0.000000,0.535317,0.073777,0.305136,0.158391,0.526327,0.585780,0.000000,0.142110,0.174363,0.426295,0.000000,0.000000,0.677108,0.000000,0.664495,0.000000,0.055859,0.000000
uid547,0.055859,0.915553,0.142110,0.788167,0.343951,0.792187,0.108598,0.000000,0.825103,0.205403,0.000000,0.415196,0.000000,0.190031,0.561273,0.277992,0.291694,0.356401,0.478705,0.517164,0.305136,0.000000,0.000000,0.000000,0.757763,0.000000,0.264025,0.037595,0.585780,0.695145,0.458341,0.018978,0.091354,0.235276,0.368615,0.073777,0.844096,0.403884,0.000000,0.318323,0.762360,0.796131,0.921784,0.249788,0.689247,0.000000,0.897720,0.784069,0.000000,0.000000,0.637771,0.158391,0.623621,0.658005,0.000000,0.380597,0.000000
uid548,0.526327,0.000000,0.792187,0.249788,0.174363,0.235276,0.670862,0.000000,0.478705,0.000000,0.517164,0.000000,0.000000,0.569599,0.331260,0.616340,0.000000,0.000000,0.000000,0.343951,0.000000,0.000000,0.000000,0.000000,0.125515,0.000000,0.535317,0.190031,0.000000,0.000000,0.000000,0.415196,0.000000,0.018978,0.108598,0.073777,0.561273,0.318323,0.000000,0.426295,0.142110,0.392352,0.356401,0.291694,0.055859,0.000000,0.695145,0.220482,0.000000,0.000000,0.000000,0.700930,0.403884,0.738468,0.000000,0.458341,0.000000
uid549,0.577767,0.593641,0.561273,0.544135,0.190031,0.498303,0.318323,0.426295,0.601353,0.000000,0.000000,0.000000,0.000000,0.000000,0.000000,0.277992,0.000000,0.368615,0.264025,0.356401,0.055859,0.000000,0.478705,0.000000,0.000000,0.000000,0.000000,0.158391,0.000000,0.037595,0.291694,0.091354,0.108598,0.220482,0.392352,0.142110,0.000000,0.623621,0.000000,0.343951,0.000000,0.018978,0.331260,0.073777,0.000000,0.000000,0.125515,0.468621,0.000000,0.174363,0.000000,0.000000,0.305136,0.000000,0.000000,0.458341,0.000000
uid550,0.249788,0.771294,0.561273,0.478705,0.368615,0.091354,0.356401,0.488598,0.018978,0.000000,0.498303,0.000000,0.000000,0.415196,0.000000,0.468621,0.000000,0.000000,0.000000,0.108598,0.000000,0.125515,0.000000,0.000000,0.000000,0.000000,0.000000,0.205403,0.733409,0.792187,0.000000,0.291694,0.235276,0.403884,0.073777,0.437182,0.000000,0.318323,0.644645,0.190031,0.601353,0.392352,0.037595,0.142110,0.000000,0.000000,0.000000,0.174363,0.689247,0.000000,0.000000,0.577767,0.664495,0.000000,0.000000,0.158391,0.264025
uid551,0.844096,0.000000,0.000000,0.190031,0.447863,0.748300,0.037595,0.415196,0.291694,0.000000,0.091354,0.784069,0.000000,0.498303,0.000000,0.125515,0.000000,0.677108,0.264025,0.779892,0.331260,0.658005,0.000000,0.838006,0.205403,0.000000,0.637771,0.318323,0.000000,0.825103,0.403884,0.343951,0.018978,0.000000,0.108598,0.526327,0.000000,0.517164,0.738468,0.689247,0.073777,0.478705,0.142110,0.368615,0.305136,0.235276,0.174363,0.158391,0.577767,0.000000,0.000000,0.814755,0.753077,0.807519,0.000000,0.055859,0.608918
uid552,0.517164,0.468621,0.000000,0.700930,0.437182,0.907063,0.577767,0.000000,0.623621,0.000000,0.828422,0.861027,0.000000,0.277992,0.073777,0.670862,0.368615,0.658005,0.037595,0.728252,0.174363,0.000000,0.000000,0.000000,0.220482,0.091354,0.142110,0.125515,0.000000,0.722995,0.000000,0.291694,0.000000,0.593641,0.108598,0.535317,0.235276,0.392352,0.943527,0.630764,0.891668,0.403884,0.908827,0.677108,0.873723,0.000000,0.190031,0.712174,0.569599,0.000000,0.264025,0.000000,0.018978,0.055859,0.000000,0.447863,0.000000
uid553,0.174363,0.000000,0.073777,0.447863,0.437182,0.000000,0.569599,0.561273,0.544135,0.000000,0.458341,0.380597,0.000000,0.507824,0.000000,0.644645,0.000000,0.264025,0.552786,0.000000,0.779892,0.893724,0.637771,0.738468,0.728252,0.000000,0.125515,0.585780,0.000000,0.651389,0.811172,0.291694,0.343951,0.091354,0.018978,0.142110,0.000000,0.818271,0.535317,0.616340,0.683236,0.055859,0.037595,0.190031,0.158391,0.753077,0.277992,0.249788,0.415196,0.000000,0.000000,0.000000,0.000000,0.368615,0.000000,0.677108,0.878470
uid554,0.000000,0.000000,0.000000,0.158391,0.000000,0.000000,0.000000,0.000000,0.000000,0.000000,0.000000,0.000000,0.000000,0.000000,0.000000,0.000000,0.000000,0.000000,0.037595,0.142110,0.000000,0.018978,0.000000,0.000000,0.000000,0.000000,0.000000,0.000000,0.000000,0.055859,0.220482,0.190031,0.000000,0.000000,0.108598,0.000000,0.000000,0.000000,0.000000,0.000000,0.205403,0.000000,0.000000,0.000000,0.000000,0.000000,0.000000,0.000000,0.000000,0.000000,0.000000,0.091354,0.000000,0.000000,0.000000,0.000000,0.000000
uid555,0.458341,0.000000,0.305136,0.000000,0.142110,0.000000,0.447863,0.000000,0.630764,0.000000,0.343951,0.249788,0.000000,0.073777,0.468621,0.235276,0.108598,0.190031,0.356401,0.415196,0.018978,0.000000,0.000000,0.000000,0.000000,0.000000,0.037595,0.291694,0.488598,0.535317,0.331260,0.205403,0.392352,0.125515,0.158391,0.498303,0.000000,0.264025,0.000000,0.174363,0.000000,0.000000,0.000000,0.055859,0.616340,0.000000,0.000000,0.000000,0.000000,0.000000,0.561273,0.000000,0.544135,0.623621,0.000000,0.091354,0.000000
uid556,0.142110,0.158391,0.000000,0.000000,0.000000,0.000000,0.055859,0.000000,0.249788,0.000000,0.318323,0.000000,0.000000,0.000000,0.000000,0.000000,0.235276,0.037595,0.073777,0.000000,0.000000,0.000000,0.000000,0.000000,0.000000,0.000000,0.205403,0.174363,0.000000,0.018978,0.000000,0.277992,0.000000,0.000000,0.000000,0.264025,0.000000,0.000000,0.000000,0.125515,0.000000,0.000000,0.000000,0.091354,0.220482,0.000000,0.000000,0.108598,0.000000,0.000000,0.000000,0.000000,0.000000,0.000000,0.000000,0.000000,0.000000
uid557,0.305136,0.891668,0.277992,0.125515,0.498303,0.000000,0.903433,0.771294,0.689247,0.000000,0.796131,0.458341,0.706606,0.517164,0.863665,0.838006,0.000000,0.018978,0.108598,0.190031,0.748300,0.577767,0.000000,0.000000,0.601353,0.000000,0.235276,0.037595,0.000000,0.073777,0.757763,0.142110,0.447863,0.091354,0.318323,0.220482,0.807519,0.623621,0.000000,0.593641,0.000000,0.670862,0.291694,0.331260,0.055859,0.000000,0.356401,0.368615,0.000000,0.901565,0.000000,0.664495,0.426295,0.174363,0.000000,0.000000,0.507824
uid558,0.814755,0.000000,0.000000,0.637771,0.544135,0.305136,0.526327,0.683236,0.775634,0.000000,0.677108,0.277992,0.000000,0.478705,0.318323,0.863665,0.174363,0.356401,0.658005,0.535317,0.689247,0.331260,0.818271,0.037595,0.876119,0.000000,0.091354,0.235276,0.000000,0.158391,0.000000,0.125515,0.190031,0.264025,0.552786,0.018978,0.000000,0.517164,0.670862,0.108598,0.855598,0.073777,0.593641,0.220482,0.630764,0.880777,0.426295,0.205403,0.757763,0.000000,0.722995,0.651389,0.291694,0.437182,0.000000,0.852805,0.000000
uid559,0.601353,0.728252,0.055859,0.488598,0.552786,0.000000,0.073777,0.585780,0.771294,0.569599,0.689247,0.664495,0.000000,0.889573,0.623621,0.000000,0.403884,0.437182,0.498303,0.535317,0.037595,0.190031,0.000000,0.291694,0.544135,0.000000,0.356401,0.447863,0.000000,0.380597,0.264025,0.331260,0.000000,0.235276,0.577767,0.018978,0.000000,0.796131,0.000000,0.125515,0.000000,0.142110,0.174363,0.722995,0.458341,0.814755,0.887436,0.249788,0.000000,0.743431,0.426295,0.000000,0.608918,0.526327,0.000000,0.910557,0.000000
uid560,0.392352,0.712174,0.249788,0.158391,0.073777,0.174363,0.343951,0.757763,0.458341,0.000000,0.264025,0.608918,0.000000,0.000000,0.380597,0.305136,0.000000,0.488598,0.235276,0.277992,0.637771,0.000000,0.000000,0.000000,0.055859,0.000000,0.577767,0.091354,0.415196,0.437182,0.205403,0.368615,0.356401,0.000000,0.018978,0.849958,0.658005,0.689247,0.000000,0.811172,0.037595,0.517164,0.771294,0.318323,0.000000,0.000000,0.616340,0.142110,0.000000,0.706606,0.552786,0.000000,0.788167,0.651389,0.883039,0.000000,0.000000
uid561,0.142110,0.000000,0.000000,0.277992,0.593641,0.544135,0.000000,0.055859,0.073777,0.000000,0.158391,0.000000,0.488598,0.037595,0.000000,0.318323,0.000000,0.000000,0.000000,0.000000,0.437182,0.000000,0.000000,0.000000,0.291694,0.000000,0.190031,0.018978,0.000000,0.000000,0.468621,0.091354,0.305136,0.458341,0.478705,0.108598,0.174363,0.000000,0.000000,0.000000,0.569599,0.125515,0.498303,0.000000,0.577767,0.000000,0.000000,0.000000,0.000000,0.000000,0.000000,0.000000,0.651389,0.664495,0.000000,0.000000,0.000000
uid562,0.174363,0.000000,0.277992,0.561273,0.535317,0.108598,0.000000,0.608918,0.000000,0.000000,0.000000,0.091354,0.000000,0.000000,0.125515,0.158391,0.000000,0.437182,0.000000,0.000000,0.000000,0.142110,0.623621,0.190031,0.000000,0.000000,0.343951,0.000000,0.000000,0.235276,0.000000,0.249788,0.468621,0.037595,0.356401,0.368615,0.000000,0.000000,0.000000,0.601353,0.000000,0.000000,0.380597,0.018978,0.331260,0.000000,0.415196,0.426295,0.569599,0.000000,0.000000,0.000000,0.073777,0.507824,0.000000,0.000000,0.000000
uid563,0.700930,0.000000,0.174363,0.403884,0.601353,0.356401,0.037595,0.811172,0.814755,0.000000,0.766870,0.277992,0.973758,0.478705,0.305136,0.834873,0.000000,0.415196,0.517164,0.458341,0.018978,0.235276,0.000000,0.873723,0.838006,0.000000,0.637771,0.264025,0.000000,0.437182,0.905265,0.488598,0.108598,0.091354,0.585780,0.249788,0.941321,0.593641,0.775634,0.000000,0.858339,0.125515,0.158391,0.331260,0.426295,0.901565,0.683236,0.142110,0.779892,0.000000,0.392352,0.946682,0.368615,0.544135,0.000000,0.828422,0.955127
uid564,0.142110,0.000000,0.000000,0.000000,0.125515,0.000000,0.277992,0.380597,0.000000,0.415196,0.000000,0.000000,0.318323,0.000000,0.447863,0.305136,0.000000,0.000000,0.264025,0.037595,0.437182,0.108598,0.000000,0.000000,0.569599,0.517164,0.488598,0.158391,0.000000,0.000000,0.073777,0.091354,0.220482,0.356401,0.205403,0.000000,0.577767,0.174363,0.000000,0.018978,0.000000,0.000000,0.235276,0.392352,0.055859,0.000000,0.552786,0.331260,0.000000,0.000000,0.343951,0.000000,0.249788,0.526327,0.000000,0.000000,0.000000
uid565,0.318323,0.552786,0.658005,0.000000,0.091354,0.000000,0.264025,0.000000,0.356401,0.000000,0.235276,0.000000,0.000000,0.108598,0.000000,0.000000,0.601353,0.125515,0.158391,0.000000,0.000000,0.174363,0.000000,0.000000,0.220482,0.000000,0.000000,0.037595,0.000000,0.498303,0.000000,0.437182,0.055859,0.305136,0.000000,0.623621,0.000000,0.415196,0.000000,0.205403,0.000000,0.488598,0.190031,0.073777,0.392352,0.000000,0.331260,0.142110,0.000000,0.000000,0.000000,0.368615,0.000000,0.426295,0.000000,0.000000,0.018978
uid566,0.437182,0.762360,0.733409,0.608918,0.235276,0.000000,0.291694,0.415196,0.814755,0.331260,0.249788,0.000000,0.000000,0.561273,0.664495,0.748300,0.458341,0.000000,0.205403,0.623621,0.700930,0.000000,0.000000,0.000000,0.343951,0.000000,0.766870,0.644645,0.000000,0.055859,0.670862,0.073777,0.426295,0.717636,0.091354,0.190031,0.000000,0.468621,0.000000,0.535317,0.000000,0.142110,0.018978,0.356401,0.392352,0.000000,0.318323,0.630764,0.831678,0.757763,0.488598,0.000000,0.174363,0.000000,0.125515,0.616340,0.000000
uid567,0.535317,0.000000,0.000000,0.000000,0.368615,0.000000,0.733409,0.000000,0.498303,0.392352,0.517164,0.437182,0.000000,0.291694,0.249788,0.488598,0.415196,0.403884,0.000000,0.091354,0.447863,0.000000,0.000000,0.000000,0.561273,0.000000,0.468621,0.828422,0.000000,0.670862,0.000000,0.073777,0.616340,0.318323,0.478705,0.507824,0.585780,0.142110,0.000000,0.158391,0.000000,0.174363,0.108598,0.055859,0.000000,0.000000,0.779892,0.712174,0.000000,0.000000,0.748300,0.000000,0.205403,0.792187,0.000000,0.264025,0.000000
uid568,0.796131,0.800000,0.841081,0.664495,0.458341,0.728252,0.205403,0.174363,0.158391,0.000000,0.000000,0.899661,0.000000,0.091354,0.866252,0.658005,0.811172,0.535317,0.190031,0.873723,0.331260,0.507824,0.000000,0.000000,0.561273,0.000000,0.478705,0.220482,0.000000,0.757763,0.415196,0.037595,0.488598,0.264025,0.073777,0.630764,0.000000,0.644645,0.142110,0.552786,0.683236,0.608918,0.517164,0.235276,0.055859,0.249788,0.000000,0.380597,0.108598,0.000000,0.000000,0.847055,0.018978,0.912255,0.000000,0.891668,0.437182
uid569,0.689247,0.953374,0.037595,0.577767,0.644645,0.392352,0.000000,0.803796,0.825103,0.000000,0.174363,0.091354,0.000000,0.264025,0.544135,0.000000,0.954259,0.356401,0.585780,0.593641,0.055859,0.478705,0.000000,0.000000,0.946682,0.000000,0.757763,0.368615,0.000000,0.380597,0.866252,0.190031,0.205403,0.305136,0.658005,0.108598,0.000000,0.343951,0.821720,0.018978,0.926153,0.073777,0.447863,0.403884,0.235276,0.841081,0.695145,0.498303,0.220482,0.000000,0.569599,0.000000,0.125515,0.142110,0.000000,0.000000,0.939029
uid570,0.108598,0.677108,0.380597,0.569599,0.700930,0.917156,0.037595,0.585780,0.174363,0.878470,0.392352,0.125515,0.000000,0.601353,0.498303,0.415196,0.907063,0.000000,0.403884,0.318323,0.190031,0.000000,0.000000,0.000000,0.871280,0.000000,0.055859,0.356401,0.526327,0.535317,0.368615,0.478705,0.091354,0.000000,0.291694,0.561273,0.142110,0.305136,0.000000,0.775634,0.000000,0.637771,0.623621,0.073777,0.866252,0.000000,0.249788,0.577767,0.000000,0.664495,0.018978,0.000000,0.593641,0.158391,0.828422,0.608918,0.000000
uid571,0.000000,0.000000,0.220482,0.585780,0.677108,0.108598,0.235276,0.000000,0.000000,0.000000,0.000000,0.073777,0.000000,0.630764,0.125515,0.000000,0.517164,0.526327,0.577767,0.608918,0.205403,0.142110,0.000000,0.403884,0.000000,0.000000,0.468621,0.018978,0.000000,0.488598,0.392352,0.458341,0.174363,0.055859,0.689247,0.190031,0.000000,0.664495,0.000000,0.291694,0.000000,0.277992,0.318323,0.000000,0.561273,0.000000,0.000000,0.368615,0.000000,0.000000,0.535317,0.000000,0.091354,0.616340,0.000000,0.000000,0.000000
uid572,0.073777,0.526327,0.000000,0.000000,0.447863,0.000000,0.291694,0.000000,0.331260,0.000000,0.205403,0.249788,0.000000,0.712174,0.125515,0.000000,0.000000,0.305136,0.700930,0.091354,0.000000,0.000000,0.000000,0.000000,0.000000,0.000000,0.018978,0.356401,0.000000,0.190031,0.343951,0.037595,0.174363,0.158391,0.403884,0.220482,0.000000,0.380597,0.000000,0.507824,0.000000,0.743431,0.561273,0.517164,0.235276,0.392352,0.664495,0.000000,0.608918,0.000000,0.000000,0.000000,0.142110,0.055859,0.000000,0.601353,0.000000
uid573,0.858339,0.866252,0.000000,0.392352,0.458341,0.748300,0.277992,0.235276,0.073777,0.000000,0.318323,0.784069,0.000000,0.498303,0.000000,0.343951,0.868790,0.644645,0.037595,0.779892,0.108598,0.630764,0.000000,0.000000,0.415196,0.000000,0.601353,0.125515,0.000000,0.828422,0.220482,0.142110,0.249788,0.018978,0.331260,0.517164,0.000000,0.526327,0.733409,0.658005,0.305136,0.478705,0.356401,0.158391,0.091354,0.000000,0.380597,0.190031,0.677108,0.000000,0.000000,0.814755,0.753077,0.811172,0.000000,0.291694,0.569599
uid574,0.018978,0.000000,0.873723,0.426295,0.403884,0.447863,0.601353,0.000000,0.498303,0.000000,0.235276,0.174363,0.000000,0.623621,0.091354,0.569599,0.000000,0.507824,0.885259,0.055859,0.838006,0.000000,0.000000,0.000000,0.368615,0.000000,0.142110,0.392352,0.000000,0.205403,0.748300,0.000000,0.249788,0.158391,0.343951,0.190031,0.608918,0.779892,0.000000,0.000000,0.356401,0.526327,0.000000,0.670862,0.220482,0.796131,0.828422,0.458341,0.000000,0.000000,0.073777,0.000000,0.037595,0.125515,0.000000,0.000000,0.000000
uid575,0.569599,0.220482,0.468621,0.878470,0.291694,0.000000,0.264025,0.343951,0.158391,0.000000,0.305136,0.788167,0.000000,0.738468,0.561273,0.498303,0.831678,0.630764,0.447863,0.458341,0.018978,0.000000,0.000000,0.000000,0.861027,0.000000,0.073777,0.356401,0.585780,0.868790,0.488598,0.055859,0.535317,0.426295,0.392352,0.762360,0.803796,0.651389,0.000000,0.863665,0.000000,0.037595,0.368615,0.507824,0.000000,0.683236,0.779892,0.190031,0.000000,0.000000,0.849958,0.000000,0.142110,0.174363,0.712174,0.887436,0.000000
uid576,0.458341,0.918728,0.447863,0.073777,0.331260,0.889573,0.277992,0.616340,0.658005,0.000000,0.644645,0.601353,0.000000,0.220482,0.800000,0.000000,0.923268,0.037595,0.125515,0.190031,0.728252,0.775634,0.000000,0.000000,0.000000,0.000000,0.437182,0.018978,0.000000,0.055859,0.000000,0.142110,0.235276,0.091354,0.343951,0.318323,0.000000,0.291694,0.651389,0.738468,0.871280,0.264025,0.380597,0.488598,0.108598,0.000000,0.517164,0.526327,0.623621,0.000000,0.000000,0.000000,0.249788,0.174363,0.000000,0.847055,0.000000
uid577,0.264025,0.000000,0.000000,0.392352,0.000000,0.037595,0.403884,0.468621,0.018978,0.000000,0.447863,0.000000,0.000000,0.000000,0.712174,0.000000,0.825103,0.000000,0.426295,0.125515,0.478705,0.108598,0.000000,0.792187,0.775634,0.757763,0.356401,0.174363,0.000000,0.517164,0.637771,0.291694,0.249788,0.000000,0.055859,0.343951,0.753077,0.318323,0.458341,0.190031,0.670862,0.488598,0.073777,0.142110,0.380597,0.569599,0.561273,0.205403,0.601353,0.616340,0.535317,0.415196,0.743431,0.771294,0.000000,0.158391,0.235276
uid578,0.356401,0.392352,0.895741,0.616340,0.037595,0.000000,0.249788,0.683236,0.437182,0.796131,0.712174,0.478705,0.601353,0.108598,0.918728,0.811172,0.415196,0.174363,0.158391,0.447863,0.651389,0.125515,0.000000,0.000000,0.220482,0.000000,0.073777,0.055859,0.921784,0.264025,0.644645,0.689247,0.091354,0.585780,0.630764,0.695145,0.717636,0.878470,0.000000,0.205403,0.000000,0.277992,0.142110,0.018978,0.426295,0.000000,0.847055,0.190031,0.000000,0.000000,0.930278,0.535317,0.926153,0.517164,0.000000,0.748300,0.000000
uid579,0.380597,0.945650,0.478705,0.018978,0.952472,0.887436,0.277992,0.291694,0.174363,0.000000,0.190031,0.637771,0.000000,0.235276,0.000000,0.577767,0.779892,0.616340,0.073777,0.722995,0.811172,0.677108,0.507824,0.585780,0.930278,0.000000,0.415196,0.249788,0.000000,0.561273,0.733409,0.142110,0.608918,0.447863,0.037595,0.264025,0.000000,0.000000,0.331260,0.535317,0.893724,0.748300,0.426295,0.091354,0.108598,0.796131,0.403884,0.220482,0.158391,0.000000,0.683236,0.689247,0.055859,0.651389,0.000000,0.918728,0.950615
uid580,0.468621,0.000000,0.318323,0.664495,0.277992,0.000000,0.037595,0.670862,0.125515,0.000000,0.264025,0.498303,0.000000,0.689247,0.458341,0.368615,0.000000,0.000000,0.343951,0.380597,0.552786,0.000000,0.000000,0.000000,0.000000,0.000000,0.630764,0.073777,0.478705,0.644645,0.055859,0.091354,0.437182,0.108598,0.249788,0.658005,0.577767,0.220482,0.000000,0.000000,0.000000,0.717636,0.712174,0.403884,0.000000,0.142110,0.526327,0.700930,0.000000,0.000000,0.000000,0.000000,0.677108,0.569599,0.000000,0.695145,0.000000
uid581,0.000000,0.108598,0.000000,0.000000,0.356401,0.000000,0.000000,0.616340,0.000000,0.601353,0.507824,0.000000,0.000000,0.468621,0.000000,0.000000,0.488598,0.000000,0.331260,0.000000,0.000000,0.000000,0.000000,0.000000,0.569599,0.000000,0.478705,0.190031,0.000000,0.174363,0.000000,0.220482,0.037595,0.018978,0.264025,0.318323,0.000000,0.426295,0.000000,0.055859,0.000000,0.235276,0.142110,0.073777,0.552786,0.000000,0.403884,0.000000,0.000000,0.000000,0.437182,0.000000,0.305136,0.000000,0.277992,0.000000,0.000000
uid582,0.637771,0.000000,0.000000,0.498303,0.158391,0.507824,0.608918,0.876119,0.517164,0.190031,0.712174,0.318323,0.000000,0.108598,0.658005,0.291694,0.249788,0.220482,0.000000,0.000000,0.264025,0.000000,0.000000,0.000000,0.415196,0.000000,0.277992,0.468621,0.000000,0.037595,0.728252,0.073777,0.356401,0.091354,0.018978,0.368615,0.838006,0.305136,0.000000,0.174363,0.447863,0.569599,0.000000,0.205403,0.380597,0.784069,0.814755,0.488598,0.000000,0.000000,0.601353,0.000000,0.644645,0.664495,0.000000,0.142110,0.000000
uid583,0.000000,0.000000,0.601353,0.125515,0.000000,0.000000,0.091354,0.205403,0.000000,0.000000,0.174363,0.000000,0.000000,0.000000,0.000000,0.000000,0.561273,0.000000,0.142110,0.717636,0.235276,0.664495,0.000000,0.478705,0.000000,0.000000,0.037595,0.356401,0.000000,0.277992,0.331260,0.318323,0.073777,0.677108,0.291694,0.018978,0.000000,0.000000,0.158391,0.517164,0.368615,0.220482,0.644645,0.000000,0.055859,0.000000,0.000000,0.403884,0.415196,0.000000,0.264025,0.108598,0.000000,0.000000,0.000000,0.000000,0.000000
uid584,0.018978,0.488598,0.753077,0.593641,0.468621,0.000000,0.190031,0.683236,0.331260,0.000000,0.277992,0.220482,0.000000,0.651389,0.142110,0.762360,0.000000,0.305136,0.677108,0.037595,0.706606,0.000000,0.000000,0.000000,0.000000,0.000000,0.055859,0.264025,0.000000,0.158391,0.356401,0.073777,0.174363,0.249788,0.368615,0.205403,0.000000,0.380597,0.000000,0.478705,0.000000,0.630764,0.535317,0.544135,0.235276,0.426295,0.000000,0.658005,0.000000,0.779892,0.000000,0.000000,0.091354,0.125515,0.700930,0.664495,0.000000
uid585,0.426295,0.000000,0.000000,0.190031,0.000000,0.878470,0.695145,0.249788,0.018978,0.000000,0.458341,0.700930,0.775634,0.264025,0.392352,0.569599,0.000000,0.000000,0.331260,0.291694,0.807519,0.000000,0.000000,0.000000,0.552786,0.000000,0.488598,0.142110,0.000000,0.235276,0.356401,0.108598,0.526327,0.037595,0.220482,0.174363,0.468621,0.091354,0.000000,0.158391,0.855598,0.368615,0.343951,0.125515,0.055859,0.000000,0.891668,0.277992,0.000000,0.000000,0.000000,0.748300,0.305136,0.073777,0.000000,0.318323,0.000000
uid586,0.392352,0.091354,0.277992,0.771294,0.608918,0.000000,0.018978,0.644645,0.664495,0.000000,0.264025,0.000000,0.000000,0.712174,0.403884,0.331260,0.000000,0.847055,0.249788,0.318323,0.000000,0.838006,0.000000,0.803796,0.855598,0.000000,0.437182,0.174363,0.415196,0.190031,0.235276,0.343951,0.000000,0.037595,0.526327,0.488598,0.000000,0.766870,0.728252,0.055859,0.000000,0.601353,0.158391,0.073777,0.498303,0.000000,0.544135,0.552786,0.722995,0.577767,0.000000,0.000000,0.683236,0.000000,0.000000,0.000000,0.814755
uid587,0.616340,0.895741,0.950615,0.037595,0.174363,0.792187,0.264025,0.277992,0.055859,0.940186,0.091354,0.700930,0.000000,0.073777,0.891668,0.743431,0.544135,0.630764,0.158391,0.426295,0.000000,0.343951,0.608918,0.488598,0.748300,0.000000,0.552786,0.205403,0.000000,0.331260,0.392352,0.108598,0.190031,0.000000,0.249788,0.380597,0.000000,0.828422,0.018978,0.535317,0.677108,0.526327,0.722995,0.291694,0.235276,0.000000,0.689247,0.561273,0.142110,0.000000,0.318323,0.458341,0.125515,0.664495,0.000000,0.670862,0.000000
uid588,0.935422,0.000000,0.807519,0.318323,0.893724,0.866252,0.331260,0.426295,0.000000,0.000000,0.437182,0.861027,0.000000,0.878470,0.458341,0.000000,0.792187,0.174363,0.235276,0.000000,0.380597,0.593641,0.936647,0.748300,0.577767,0.488598,0.305136,0.478705,0.000000,0.356401,0.677108,0.670862,0.055859,0.844096,0.368615,0.190031,0.561273,0.125515,0.205403,0.762360,0.700930,0.415196,0.828422,0.264025,0.220482,0.018978,0.037595,0.717636,0.142110,0.073777,0.108598,0.249788,0.498303,0.526327,0.000000,0.000000,0.000000
uid589,0.343951,0.291694,0.000000,0.000000,0.000000,0.717636,0.392352,0.601353,0.426295,0.000000,0.000000,0.447863,0.000000,0.158391,0.637771,0.000000,0.403884,0.174363,0.108598,0.437182,0.000000,0.125515,0.000000,0.000000,0.220482,0.000000,0.091354,0.055859,0.000000,0.318323,0.000000,0.616340,0.073777,0.689247,0.712174,0.700930,0.000000,0.000000,0.677108,0.190031,0.000000,0.249788,0.142110,0.037595,0.415196,0.000000,0.000000,0.205403,0.000000,0.000000,0.728252,0.517164,0.585780,0.507824,0.000000,0.000000,0.018978
uid590,0.437182,0.899661,0.368615,0.331260,0.738468,0.866252,0.190031,0.593641,0.569599,0.000000,0.249788,0.125515,0.000000,0.544135,0.950615,0.291694,0.907063,0.018978,0.601353,0.928929,0.670862,0.757763,0.000000,0.000000,0.343951,0.000000,0.380597,0.623621,0.000000,0.880777,0.717636,0.000000,0.091354,0.205403,0.264025,0.174363,0.000000,0.825103,0.585780,0.784069,0.235276,0.807519,0.277992,0.458341,0.392352,0.630764,0.108598,0.305136,0.535317,0.964344,0.000000,0.924724,0.073777,0.142110,0.000000,0.220482,0.722995
uid591,0.277992,0.000000,0.190031,0.091354,0.000000,0.000000,0.000000,0.000000,0.000000,0.000000,0.000000,0.458341,0.000000,0.478705,0.000000,0.000000,0.000000,0.000000,0.108598,0.174363,0.000000,0.000000,0.000000,0.000000,0.000000,0.000000,0.205403,0.018978,0.000000,0.073777,0.000000,0.125515,0.426295,0.037595,0.291694,0.249788,0.000000,0.000000,0.000000,0.000000,0.000000,0.000000,0.318323,0.305136,0.055859,0.000000,0.356401,0.343951,0.488598,0.000000,0.000000,0.000000,0.403884,0.158391,0.000000,0.000000,0.000000
uid592,0.507824,0.305136,0.000000,0.000000,0.220482,0.000000,0.055859,0.000000,0.478705,0.000000,0.205403,0.000000,0.000000,0.577767,0.000000,0.000000,0.000000,0.018978,0.561273,0.000000,0.000000,0.000000,0.000000,0.000000,0.000000,0.000000,0.000000,0.000000,0.000000,0.368615,0.000000,0.108598,0.249788,0.125515,0.142110,0.447863,0.000000,0.073777,0.000000,0.277992,0.000000,0.623621,0.356401,0.291694,0.000000,0.158391,0.517164,0.000000,0.415196,0.000000,0.535317,0.000000,0.000000,0.000000,0.000000,0.392352,0.000000
uid593,0.277992,0.000000,0.331260,0.000000,0.000000,0.073777,0.318323,0.220482,0.488598,0.000000,0.235276,0.018978,0.000000,0.000000,0.055859,0.000000,0.000000,0.000000,0.000000,0.623621,0.174363,0.108598,0.000000,0.000000,0.000000,0.000000,0.458341,0.091354,0.000000,0.000000,0.205403,0.125515,0.305136,0.000000,0.608918,0.264025,0.577767,0.616340,0.000000,0.000000,0.000000,0.403884,0.000000,0.142110,0.000000,0.000000,0.526327,0.158391,0.000000,0.380597,0.000000,0.356401,0.037595,0.478705,0.000000,0.000000,0.000000
uid594,0.478705,0.861027,0.517164,0.091354,0.788167,0.623621,0.507824,0.235276,0.000000,0.000000,0.447863,0.695145,0.037595,0.220482,0.305136,0.000000,0.807519,0.000000,0.779892,0.331260,0.158391,0.000000,0.000000,0.000000,0.073777,0.000000,0.055859,0.018978,0.000000,0.706606,0.142110,0.380597,0.174363,0.000000,0.108598,0.468621,0.733409,0.277992,0.608918,0.392352,0.552786,0.125515,0.291694,0.249788,0.717636,0.000000,0.738468,0.190031,0.658005,0.000000,0.664495,0.535317,0.368615,0.670862,0.762360,0.426295,0.000000
uid595,0.264025,0.000000,0.000000,0.498303,0.552786,0.108598,0.507824,0.000000,0.091354,0.000000,0.569599,0.000000,0.000000,0.000000,0.000000,0.000000,0.000000,0.018978,0.544135,0.000000,0.000000,0.174363,0.000000,0.000000,0.616340,0.000000,0.000000,0.125515,0.000000,0.000000,0.000000,0.235276,0.220482,0.458341,0.037595,0.000000,0.000000,0.190031,0.000000,0.249788,0.000000,0.000000,0.055859,0.305136,0.561273,0.343951,0.368615,0.291694,0.437182,0.403884,0.380597,0.000000,0.000000,0.000000,0.000000,0.277992,0.158391
uid596,0.630764,0.814755,0.000000,0.055859,0.318323,0.437182,0.125515,0.073777,0.091354,0.913920,0.331260,0.108598,0.517164,0.174363,0.651389,0.037595,0.923268,0.748300,0.887436,0.142110,0.585780,0.000000,0.000000,0.000000,0.544135,0.000000,0.526327,0.380597,0.000000,0.305136,0.569599,0.343951,0.264025,0.498303,0.447863,0.018978,0.000000,0.000000,0.403884,0.000000,0.368615,0.205403,0.852805,0.158391,0.712174,0.779892,0.903433,0.601353,0.488598,0.818271,0.658005,0.277992,0.458341,0.220482,0.878470,0.000000,0.000000
uid597,0.000000,0.000000,0.000000,0.403884,0.277992,0.000000,0.249788,0.392352,0.415196,0.000000,0.677108,0.437182,0.000000,0.073777,0.000000,0.380597,0.190031,0.601353,0.000000,0.426295,0.000000,0.000000,0.000000,0.000000,0.000000,0.000000,0.174363,0.018978,0.000000,0.552786,0.561273,0.091354,0.535317,0.331260,0.644645,0.343951,0.000000,0.125515,0.000000,0.000000,0.000000,0.037595,0.235276,0.468621,0.000000,0.658005,0.055859,0.000000,0.000000,0.000000,0.108598,0.517164,0.000000,0.507824,0.000000,0.000000,0.000000
uid598,0.498303,0.838006,0.535317,0.091354,0.318323,0.637771,0.526327,0.235276,0.000000,0.356401,0.468621,0.447863,0.018978,0.220482,0.814755,0.426295,0.380597,0.368615,0.803796,0.788167,0.158391,0.000000,0.000000,0.000000,0.073777,0.000000,0.055859,0.037595,0.825103,0.852805,0.142110,0.249788,0.174363,0.000000,0.108598,0.478705,0.000000,0.437182,0.623621,0.331260,0.577767,0.125515,0.849958,0.343951,0.695145,0.762360,0.000000,0.190031,0.670862,0.000000,0.000000,0.552786,0.644645,0.000000,0.000000,0.291694,0.000000
uid599,0.125515,0.748300,0.018978,0.498303,0.616340,0.000000,0.458341,0.277992,0.426295,0.000000,0.331260,0.885259,0.000000,0.380597,0.000000,0.552786,0.757763,0.658005,0.437182,0.883039,0.000000,0.644645,0.291694,0.585780,0.677108,0.000000,0.000000,0.220482,0.000000,0.561273,0.000000,0.343951,0.623621,0.055859,0.174363,0.037595,0.000000,0.488598,0.415196,0.305136,0.000000,0.700930,0.108598,0.142110,0.091354,0.000000,0.235276,0.205403,0.392352,0.000000,0.000000,0.841081,0.318323,0.868790,0.000000,0.000000,0.608918
uid600,0.000000,0.000000,0.000000,0.000000,0.000000,0.000000,0.235276,0.174363,0.220482,0.000000,0.018978,0.000000,0.000000,0.000000,0.000000,0.000000,0.000000,0.000000,0.190031,0.000000,0.000000,0.000000,0.000000,0.000000,0.000000,0.000000,0.000000,0.205403,0.000000,0.000000,0.291694,0.037595,0.000000,0.264025,0.055859,0.000000,0.000000,0.000000,0.142110,0.000000,0.000000,0.000000,0.000000,0.158391,0.125515,0.000000,0.000000,0.000000,0.073777,0.000000,0.000000,0.000000,0.091354,0.000000,0.000000,0.000000,0.000000
uid601,0.073777,0.683236,0.498303,0.818271,0.552786,0.861027,0.190031,0.637771,0.863665,0.623621,0.158391,0.825103,0.000000,0.291694,0.403884,0.526327,0.018978,0.000000,0.235276,0.743431,0.437182,0.000000,0.000000,0.000000,0.142110,0.000000,0.331260,0.220482,0.000000,0.738468,0.426295,0.277992,0.000000,0.468621,0.125515,0.507824,0.000000,0.055859,0.844096,0.205403,0.000000,0.249788,0.415196,0.488598,0.585780,0.000000,0.037595,0.849958,0.000000,0.000000,0.108598,0.000000,0.561273,0.000000,0.380597,0.658005,0.000000
uid602,0.852805,0.959226,0.975694,0.331260,0.733409,0.526327,0.108598,0.784069,0.800000,0.968819,0.055859,0.535317,0.000000,0.748300,0.577767,0.771294,0.478705,0.601353,0.277992,0.291694,0.972733,0.220482,0.000000,0.392352,0.927554,0.000000,0.458341,0.091354,0.000000,0.205403,0.018978,0.000000,0.488598,0.544135,0.305136,0.368615,0.000000,0.677108,0.000000,0.437182,0.073777,0.415196,0.728252,0.507824,0.037595,0.834873,0.917156,0.142110,0.125515,0.000000,0.249788,0.264025,0.561273,0.664495,0.899661,0.941321,0.000000
uid603,0.811172,0.000000,0.000000,0.637771,0.552786,0.318323,0.507824,0.683236,0.766870,0.000000,0.670862,0.277992,0.000000,0.478705,0.305136,0.863665,0.190031,0.380597,0.658005,0.535317,0.689247,0.331260,0.818271,0.037595,0.873723,0.000000,0.125515,0.235276,0.000000,0.158391,0.000000,0.091354,0.142110,0.264025,0.561273,0.018978,0.000000,0.526327,0.677108,0.073777,0.855598,0.108598,0.585780,0.220482,0.623621,0.880777,0.426295,0.205403,0.757763,0.000000,0.722995,0.651389,0.291694,0.437182,0.000000,0.852805,0.000000
uid604,0.343951,0.712174,0.220482,0.630764,0.807519,0.000000,0.526327,0.498303,0.488598,0.000000,0.392352,0.858339,0.903433,0.447863,0.000000,0.593641,0.190031,0.664495,0.507824,0.861027,0.766870,0.000000,0.000000,0.037595,0.644645,0.000000,0.108598,0.535317,0.000000,0.142110,0.000000,0.091354,0.174363,0.235276,0.305136,0.018978,0.000000,0.831678,0.478705,0.125515,0.577767,0.073777,0.331260,0.318323,0.277992,0.738468,0.368615,0.205403,0.458341,0.000000,0.000000,0.878470,0.403884,0.873723,0.000000,0.569599,0.000000
uid605,0.683236,0.946682,0.601353,0.544135,0.277992,0.000000,0.577767,0.000000,0.158391,0.291694,0.700930,0.403884,0.000000,0.220482,0.814755,0.380597,0.331260,0.318323,0.937849,0.458341,0.018978,0.000000,0.000000,0.000000,0.695145,0.000000,0.037595,0.873723,0.863665,0.447863,0.866252,0.055859,0.142110,0.205403,0.343951,0.616340,0.762360,0.392352,0.000000,0.264025,0.000000,0.000000,0.608918,0.305136,0.847055,0.893724,0.658005,0.507824,0.000000,0.000000,0.561273,0.000000,0.125515,0.174363,0.000000,0.235276,0.000000
uid606,0.000000,0.000000,0.000000,0.651389,0.608918,0.658005,0.190031,0.174363,0.158391,0.000000,0.018978,0.000000,0.670862,0.073777,0.000000,0.847055,0.000000,0.796131,0.205403,0.000000,0.331260,0.779892,0.000000,0.000000,0.593641,0.000000,0.488598,0.235276,0.000000,0.000000,0.415196,0.037595,0.552786,0.264025,0.091354,0.585780,0.000000,0.841081,0.142110,0.800000,0.630764,0.468621,0.775634,0.220482,0.055859,0.249788,0.000000,0.380597,0.108598,0.447863,0.000000,0.000000,0.000000,0.535317,0.000000,0.000000,0.748300
uid607,0.000000,0.000000,0.205403,0.683236,0.593641,0.091354,0.235276,0.000000,0.000000,0.000000,0.000000,0.073777,0.000000,0.526327,0.142110,0.000000,0.498303,0.651389,0.689247,0.585780,0.220482,0.125515,0.000000,0.415196,0.000000,0.000000,0.468621,0.018978,0.000000,0.488598,0.403884,0.447863,0.174363,0.055859,0.608918,0.190031,0.000000,0.577767,0.000000,0.291694,0.000000,0.277992,0.318323,0.000000,0.670862,0.000000,0.000000,0.380597,0.000000,0.000000,0.644645,0.000000,0.108598,0.706606,0.000000,0.000000,0.000000
uid608,0.535317,0.601353,0.403884,0.677108,0.368615,0.000000,0.018978,0.683236,0.174363,0.000000,0.356401,0.000000,0.000000,0.700930,0.517164,0.447863,0.753077,0.205403,0.437182,0.458341,0.814755,0.000000,0.000000,0.000000,0.792187,0.000000,0.037595,0.190031,0.552786,0.637771,0.125515,0.142110,0.108598,0.158391,0.291694,0.664495,0.000000,0.264025,0.000000,0.585780,0.000000,0.738468,0.630764,0.055859,0.091354,0.318323,0.757763,0.712174,0.000000,0.852805,0.000000,0.000000,0.689247,0.000000,0.800000,0.695145,0.000000
uid609,0.037595,0.331260,0.717636,0.190031,0.426295,0.478705,0.775634,0.000000,0.000000,0.000000,0.108598,0.695145,0.000000,0.125515,0.630764,0.235276,0.000000,0.000000,0.733409,0.517164,0.535317,0.000000,0.000000,0.000000,0.277992,0.000000,0.091354,0.368615,0.796131,0.689247,0.743431,0.018978,0.220482,0.437182,0.468621,0.055859,0.158391,0.000000,0.380597,0.000000,0.825103,0.073777,0.000000,0.757763,0.712174,0.000000,0.000000,0.415196,0.000000,0.526327,0.507824,0.000000,0.601353,0.608918,0.000000,0.000000,0.000000
uid610,0.205403,0.000000,0.000000,0.055859,0.526327,0.000000,0.000000,0.174363,0.356401,0.552786,0.000000,0.291694,0.000000,0.158391,0.000000,0.235276,0.585780,0.561273,0.000000,0.468621,0.331260,0.000000,0.000000,0.000000,0.190031,0.000000,0.277992,0.142110,0.000000,0.000000,0.000000,0.037595,0.220482,0.318323,0.447863,0.018978,0.403884,0.000000,0.000000,0.544135,0.000000,0.000000,0.000000,0.073777,0.108598,0.000000,0.392352,0.091354,0.000000,0.000000,0.000000,0.000000,0.000000,0.305136,0.000000,0.507824,0.000000
uid611,0.220482,0.000000,0.000000,0.392352,0.000000,0.037595,0.415196,0.468621,0.000000,0.000000,0.458341,0.000000,0.000000,0.000000,0.706606,0.000000,0.825103,0.018978,0.426295,0.073777,0.478705,0.142110,0.000000,0.784069,0.766870,0.748300,0.368615,0.205403,0.000000,0.507824,0.552786,0.277992,0.235276,0.000000,0.055859,0.343951,0.775634,0.305136,0.447863,0.190031,0.577767,0.488598,0.091354,0.158391,0.380597,0.658005,0.670862,0.174363,0.601353,0.683236,0.526327,0.403884,0.733409,0.738468,0.000000,0.125515,0.264025
uid612,0.000000,0.000000,0.000000,0.403884,0.174363,0.717636,0.000000,0.447863,0.000000,0.000000,0.670862,0.000000,0.552786,0.264025,0.544135,0.000000,0.356401,0.000000,0.158391,0.478705,0.616340,0.000000,0.000000,0.000000,0.593641,0.000000,0.343951,0.220482,0.000000,0.018978,0.535317,0.000000,0.644645,0.561273,0.073777,0.142110,0.000000,0.305136,0.706606,0.000000,0.664495,0.037595,0.055859,0.392352,0.000000,0.000000,0.249788,0.488598,0.738468,0.000000,0.291694,0.000000,0.125515,0.000000,0.091354,0.468621,0.000000
uid613,0.331260,0.766870,0.000000,0.220482,0.037595,0.630764,0.291694,0.807519,0.190031,0.000000,0.683236,0.000000,0.000000,0.700930,0.000000,0.264025,0.000000,0.125515,0.858339,0.073777,0.392352,0.000000,0.000000,0.000000,0.569599,0.000000,0.305136,0.608918,0.000000,0.091354,0.000000,0.158391,0.343951,0.205403,0.055859,0.552786,0.437182,0.018978,0.000000,0.000000,0.585780,0.249788,0.814755,0.318323,0.544135,0.000000,0.403884,0.174363,0.000000,0.771294,0.235276,0.000000,0.828422,0.426295,0.847055,0.000000,0.000000
uid614,0.037595,0.000000,0.000000,0.073777,0.000000,0.000000,0.277992,0.608918,0.593641,0.000000,0.305136,0.507824,0.000000,0.108598,0.000000,0.331260,0.000000,0.415196,0.601353,0.637771,0.000000,0.000000,0.000000,0.000000,0.174363,0.000000,0.000000,0.018978,0.000000,0.722995,0.000000,0.158391,0.235276,0.091354,0.055859,0.498303,0.000000,0.757763,0.577767,0.000000,0.264025,0.677108,0.343951,0.623621,0.535317,0.000000,0.368615,0.356401,0.552786,0.000000,0.000000,0.683236,0.458341,0.478705,0.000000,0.291694,0.000000
uid615,0.091354,0.934172,0.158391,0.517164,0.630764,0.437182,0.174363,0.834873,0.828422,0.000000,0.800000,0.415196,0.000000,0.055859,0.447863,0.000000,0.931601,0.488598,0.526327,0.561273,0.142110,0.291694,0.000000,0.000000,0.917156,0.000000,0.073777,0.037595,0.000000,0.507824,0.000000,0.535317,0.108598,0.318323,0.644645,0.125515,0.000000,0.616340,0.821720,0.235276,0.868790,0.220482,0.264025,0.368615,0.000000,0.000000,0.743431,0.331260,0.818271,0.000000,0.478705,0.000000,0.426295,0.552786,0.000000,0.000000,0.899661
uid616,0.305136,0.706606,0.000000,0.468621,0.677108,0.000000,0.205403,0.174363,0.158391,0.000000,0.018978,0.000000,0.000000,0.091354,0.526327,0.426295,0.000000,0.689247,0.190031,0.561273,0.000000,0.000000,0.331260,0.000000,0.478705,0.000000,0.000000,0.220482,0.552786,0.000000,0.593641,0.037595,0.343951,0.264025,0.073777,0.000000,0.000000,0.664495,0.125515,0.291694,0.392352,0.000000,0.437182,0.235276,0.055859,0.700930,0.458341,0.447863,0.108598,0.717636,0.000000,0.000000,0.000000,0.000000,0.000000,0.380597,0.000000
uid617,0.828422,0.644645,0.585780,0.000000,0.447863,0.488598,0.683236,0.331260,0.712174,0.935422,0.677108,0.971120,0.000000,0.291694,0.091354,0.616340,0.866252,0.000000,0.775634,0.142110,0.535317,0.000000,0.000000,0.000000,0.415196,0.000000,0.651389,0.305136,0.000000,0.748300,0.517164,0.205403,0.343951,0.318323,0.403884,0.380597,0.000000,0.073777,0.954259,0.220482,0.437182,0.158391,0.108598,0.055859,0.356401,0.000000,0.831678,0.478705,0.796131,0.637771,0.855598,0.000000,0.190031,0.000000,0.526327,0.249788,0.000000
uid618,0.544135,0.000000,0.507824,0.478705,0.318323,0.108598,0.249788,0.743431,0.838006,0.000000,0.771294,0.018978,0.000000,0.205403,0.125515,0.779892,0.935422,0.415196,0.468621,0.277992,0.868790,0.142110,0.733409,0.893724,0.796131,0.000000,0.535317,0.037595,0.000000,0.437182,0.885259,0.190031,0.174363,0.055859,0.291694,0.305136,0.000000,0.235276,0.834873,0.722995,0.766870,0.264025,0.343951,0.000000,0.403884,0.855598,0.608918,0.601353,0.623621,0.000000,0.380597,0.000000,0.091354,0.498303,0.000000,0.762360,0.943527
uid619,0.593641,0.623621,0.738468,0.753077,0.249788,0.000000,0.277992,0.415196,0.683236,0.380597,0.220482,0.766870,0.000000,0.018978,0.000000,0.000000,0.190031,0.000000,0.000000,0.000000,0.000000,0.000000,0.000000,0.000000,0.318323,0.000000,0.174363,0.037595,0.000000,0.426295,0.743431,0.091354,0.637771,0.658005,0.356401,0.478705,0.000000,0.108598,0.000000,0.695145,0.000000,0.055859,0.447863,0.331260,0.305136,0.000000,0.073777,0.000000,0.644645,0.000000,0.125515,0.000000,0.291694,0.000000,0.437182,0.561273,0.000000
uid620,0.608918,0.000000,0.403884,0.616340,0.658005,0.717636,0.264025,0.000000,0.897720,0.000000,0.670862,0.831678,0.000000,0.803796,0.018978,0.683236,0.000000,0.834873,0.073777,0.883039,0.220482,0.318323,0.637771,0.000000,0.158391,0.037595,0.142110,0.125515,0.000000,0.771294,0.000000,0.498303,0.000000,0.343951,0.108598,0.205403,0.447863,0.507824,0.000000,0.249788,0.722995,0.305136,0.277992,0.517164,0.838006,0.535317,0.091354,0.356401,0.664495,0.825103,0.544135,0.757763,0.415196,0.055859,0.000000,0.907063,0.000000
uid621,0.125515,0.000000,0.637771,0.498303,0.318323,0.000000,0.277992,0.000000,0.000000,0.000000,0.000000,0.000000,0.037595,0.073777,0.717636,0.000000,0.000000,0.585780,0.091354,0.305136,0.000000,0.447863,0.000000,0.000000,0.000000,0.000000,0.630764,0.108598,0.000000,0.380597,0.000000,0.220482,0.249788,0.055859,0.190031,0.331260,0.000000,0.142110,0.000000,0.000000,0.000000,0.018978,0.403884,0.526327,0.677108,0.577767,0.593641,0.700930,0.616340,0.601353,0.415196,0.437182,0.235276,0.000000,0.000000,0.000000,0.000000
uid622,0.343951,0.940186,0.426295,0.771294,0.784069,0.000000,0.743431,0.637771,0.664495,0.000000,0.073777,0.380597,0.000000,0.683236,0.000000,0.844096,0.942435,0.108598,0.055859,0.291694,0.951553,0.887436,0.644645,0.960759,0.841081,0.000000,0.437182,0.158391,0.000000,0.927554,0.955127,0.535317,0.091354,0.368615,0.235276,0.447863,0.000000,0.249788,0.689247,0.658005,0.855598,0.788167,0.468621,0.277992,0.488598,0.142110,0.000000,0.517164,0.305136,0.190031,0.125515,0.174363,0.037595,0.601353,0.000000,0.863665,0.895741
uid623,0.108598,0.380597,0.000000,0.426295,0.055859,0.158391,0.437182,0.305136,0.174363,0.623621,0.535317,0.000000,0.000000,0.235276,0.356401,0.000000,0.264025,0.000000,0.447863,0.190031,0.000000,0.000000,0.000000,0.000000,0.368615,0.000000,0.706606,0.000000,0.000000,0.277992,0.000000,0.018978,0.392352,0.091354,0.142110,0.125515,0.000000,0.507824,0.037595,0.000000,0.000000,0.658005,0.738468,0.593641,0.585780,0.000000,0.577767,0.073777,0.000000,0.000000,0.205403,0.000000,0.249788,0.000000,0.748300,0.000000,0.000000
uid624,0.000000,0.000000,0.000000,0.318323,0.488598,0.000000,0.037595,0.426295,0.000000,0.000000,0.000000,0.055859,0.277992,0.073777,0.000000,0.000000,0.000000,0.000000,0.000000,0.018978,0.356401,0.000000,0.000000,0.000000,0.305136,0.000000,0.291694,0.264025,0.000000,0.235276,0.368615,0.437182,0.205403,0.249788,0.331260,0.000000,0.000000,0.000000,0.000000,0.000000,0.000000,0.158391,0.000000,0.091354,0.000000,0.000000,0.000000,0.380597,0.000000,0.000000,0.000000,0.174363,0.000000,0.125515,0.000000,0.478705,0.000000
uid625,0.552786,0.000000,0.000000,0.000000,0.700930,0.733409,0.000000,0.458341,0.517164,0.868790,0.561273,0.792187,0.125515,0.291694,0.305136,0.644645,0.873723,0.871280,0.000000,0.343951,0.235276,0.000000,0.000000,0.000000,0.158391,0.000000,0.142110,0.108598,0.000000,0.000000,0.249788,0.392352,0.220482,0.091354,0.205403,0.507824,0.585780,0.073777,0.000000,0.403884,0.695145,0.190031,0.318323,0.037595,0.498303,0.000000,0.796131,0.264025,0.000000,0.738468,0.000000,0.000000,0.380597,0.784069,0.000000,0.426295,0.000000
uid626,0.356401,0.743431,0.277992,0.108598,0.264025,0.932899,0.552786,0.535317,0.526327,0.927554,0.437182,0.901565,0.000000,0.488598,0.849958,0.569599,0.838006,0.018978,0.125515,0.190031,0.852805,0.000000,0.000000,0.593641,0.923268,0.000000,0.291694,0.037595,0.000000,0.091354,0.847055,0.142110,0.249788,0.073777,0.343951,0.331260,0.000000,0.616340,0.517164,0.762360,0.000000,0.670862,0.392352,0.380597,0.055859,0.000000,0.426295,0.403884,0.220482,0.000000,0.000000,0.000000,0.447863,0.174363,0.844096,0.695145,0.000000
uid627,0.658005,0.000000,0.535317,0.331260,0.000000,0.000000,0.205403,0.174363,0.158391,0.000000,0.000000,0.000000,0.249788,0.091354,0.447863,0.561273,0.000000,0.000000,0.190031,0.000000,0.368615,0.000000,0.000000,0.000000,0.318323,0.000000,0.305136,0.235276,0.000000,0.000000,0.380597,0.037595,0.343951,0.264025,0.073777,0.544135,0.000000,0.000000,0.142110,0.644645,0.000000,0.392352,0.468621,0.220482,0.055859,0.000000,0.651389,0.356401,0.125515,0.000000,0.000000,0.000000,0.018978,0.000000,0.437182,0.569599,0.000000
uid628,0.706606,0.939029,0.908827,0.517164,0.291694,0.108598,0.249788,0.392352,0.577767,0.000000,0.468621,0.073777,0.000000,0.190031,0.125515,0.478705,0.000000,0.831678,0.561273,0.277992,0.593641,0.142110,0.000000,0.695145,0.526327,0.000000,0.863665,0.018978,0.931601,0.689247,0.644645,0.174363,0.205403,0.055859,0.331260,0.305136,0.889573,0.264025,0.775634,0.936647,0.447863,0.235276,0.368615,0.000000,0.585780,0.544135,0.507824,0.498303,0.658005,0.000000,0.858339,0.000000,0.091354,0.885259,0.946682,0.437182,0.000000
uid629,0.091354,0.569599,0.717636,0.125515,0.478705,0.775634,0.616340,0.683236,0.158391,0.670862,0.000000,0.748300,0.000000,0.073777,0.844096,0.264025,0.458341,0.000000,0.331260,0.828422,0.000000,0.000000,0.000000,0.000000,0.235276,0.000000,0.142110,0.343951,0.000000,0.743431,0.728252,0.108598,0.249788,0.700930,0.677108,0.055859,0.037595,0.437182,0.000000,0.000000,0.000000,0.018978,0.689247,0.651389,0.637771,0.000000,0.368615,0.000000,0.000000,0.000000,0.392352,0.000000,0.623621,0.000000,0.000000,0.507824,0.000000
uid630,0.108598,0.743431,0.000000,0.544135,0.608918,0.000000,0.447863,0.277992,0.426295,0.000000,0.318323,0.000000,0.000000,0.380597,0.000000,0.488598,0.762360,0.664495,0.458341,0.000000,0.000000,0.644645,0.291694,0.507824,0.677108,0.000000,0.018978,0.235276,0.000000,0.498303,0.000000,0.343951,0.637771,0.037595,0.125515,0.073777,0.000000,0.535317,0.415196,0.249788,0.000000,0.700930,0.142110,0.158391,0.091354,0.000000,0.205403,0.174363,0.403884,0.000000,0.000000,0.803796,0.331260,0.825103,0.000000,0.000000,0.593641
uid631,0.125515,0.174363,0.000000,0.392352,0.664495,0.000000,0.000000,0.616340,0.277992,0.000000,0.331260,0.000000,0.517164,0.380597,0.000000,0.447863,0.205403,0.055859,0.108598,0.000000,0.577767,0.000000,0.000000,0.000000,0.426295,0.000000,0.220482,0.158391,0.000000,0.018978,0.569599,0.264025,0.437182,0.498303,0.552786,0.249788,0.343951,0.000000,0.000000,0.142110,0.000000,0.037595,0.706606,0.091354,0.235276,0.000000,0.000000,0.073777,0.000000,0.637771,0.000000,0.000000,0.728252,0.000000,0.000000,0.000000,0.000000
uid632,0.000000,0.000000,0.498303,0.000000,0.403884,0.108598,0.368615,0.000000,0.000000,0.000000,0.670862,0.073777,0.000000,0.318323,0.125515,0.000000,0.000000,0.190031,0.000000,0.392352,0.517164,0.142110,0.000000,0.000000,0.000000,0.000000,0.000000,0.018978,0.000000,0.000000,0.677108,0.174363,0.249788,0.055859,0.437182,0.305136,0.000000,0.415196,0.000000,0.561273,0.630764,0.380597,0.468621,0.000000,0.637771,0.000000,0.264025,0.616340,0.664495,0.000000,0.000000,0.000000,0.091354,0.277992,0.000000,0.000000,0.000000
uid633,0.779892,0.800000,0.841081,0.593641,0.544135,0.728252,0.264025,0.235276,0.091354,0.000000,0.142110,0.000000,0.000000,0.291694,0.000000,0.637771,0.814755,0.478705,0.174363,0.855598,0.037595,0.468621,0.000000,0.000000,0.552786,0.000000,0.517164,0.055859,0.000000,0.775634,0.018978,0.205403,0.561273,0.073777,0.368615,0.623621,0.000000,0.577767,0.343951,0.437182,0.677108,0.658005,0.535317,0.190031,0.158391,0.000000,0.000000,0.220482,0.356401,0.000000,0.000000,0.847055,0.426295,0.000000,0.000000,0.000000,0.498303
uid634,0.498303,0.000000,0.000000,0.535317,0.683236,0.368615,0.037595,0.380597,0.055859,0.000000,0.235276,0.000000,0.000000,0.125515,0.000000,0.585780,0.000000,0.000000,0.000000,0.018978,0.000000,0.000000,0.000000,0.000000,0.561273,0.000000,0.468621,0.305136,0.000000,0.264025,0.000000,0.291694,0.158391,0.623621,0.403884,0.447863,0.517164,0.000000,0.356401,0.000000,0.249788,0.174363,0.000000,0.073777,0.644645,0.000000,0.000000,0.000000,0.426295,0.000000,0.000000,0.190031,0.392352,0.142110,0.000000,0.000000,0.000000
uid635,0.000000,0.000000,0.762360,0.498303,0.000000,0.000000,0.018978,0.055859,0.000000,0.190031,0.544135,0.000000,0.091354,0.000000,0.235276,0.073777,0.831678,0.841081,0.277992,0.728252,0.205403,0.706606,0.000000,0.807519,0.415196,0.368615,0.305136,0.249788,0.000000,0.593641,0.623621,0.616340,0.264025,0.108598,0.356401,0.468621,0.403884,0.000000,0.535317,0.158391,0.651389,0.569599,0.796131,0.000000,0.037595,0.000000,0.380597,0.142110,0.670862,0.000000,0.125515,0.517164,0.318323,0.343951,0.000000,0.000000,0.000000
uid636,0.000000,0.000000,0.108598,0.000000,0.000000,0.000000,0.037595,0.000000,0.000000,0.000000,0.000000,0.000000,0.000000,0.291694,0.000000,0.277992,0.000000,0.000000,0.000000,0.000000,0.000000,0.220482,0.000000,0.000000,0.000000,0.000000,0.264025,0.000000,0.000000,0.000000,0.000000,0.000000,0.142110,0.249788,0.000000,0.158391,0.000000,0.000000,0.000000,0.018978,0.000000,0.073777,0.125515,0.000000,0.000000,0.000000,0.000000,0.235276,0.000000,0.000000,0.000000,0.000000,0.000000,0.000000,0.000000,0.000000,0.000000
uid637,0.876119,0.717636,0.796131,0.142110,0.235276,0.000000,0.478705,0.601353,0.426295,0.000000,0.561273,0.000000,0.000000,0.291694,0.683236,0.807519,0.849958,0.018978,0.108598,0.174363,0.766870,0.305136,0.000000,0.000000,0.380597,0.000000,0.264025,0.037595,0.000000,0.055859,0.392352,0.125515,0.277992,0.091354,0.488598,0.593641,0.000000,0.468621,0.000000,0.368615,0.000000,0.664495,0.318323,0.220482,0.073777,0.517164,0.825103,0.356401,0.000000,0.000000,0.000000,0.000000,0.616340,0.190031,0.762360,0.623621,0.205403
uid638,0.577767,0.941321,0.779892,0.108598,0.908827,0.000000,0.818271,0.235276,0.552786,0.000000,0.670862,0.630764,0.037595,0.205403,0.305136,0.796131,0.844096,0.885259,0.792187,0.356401,0.174363,0.000000,0.000000,0.000000,0.055859,0.000000,0.073777,0.000000,0.834873,0.658005,0.158391,0.403884,0.142110,0.018978,0.091354,0.651389,0.733409,0.291694,0.000000,0.415196,0.000000,0.125515,0.264025,0.249788,0.664495,0.901565,0.700930,0.190031,0.000000,0.478705,0.608918,0.000000,0.392352,0.561273,0.948686,0.458341,0.000000
uid639,0.526327,0.000000,0.000000,0.037595,0.277992,0.437182,0.205403,0.331260,0.593641,0.000000,0.343951,0.683236,0.000000,0.125515,0.000000,0.174363,0.000000,0.000000,0.000000,0.670862,0.000000,0.000000,0.000000,0.000000,0.000000,0.000000,0.000000,0.356401,0.000000,0.738468,0.000000,0.000000,0.403884,0.291694,0.478705,0.018978,0.000000,0.108598,0.415196,0.658005,0.368615,0.305136,0.158391,0.073777,0.091354,0.000000,0.601353,0.055859,0.488598,0.000000,0.000000,0.623621,0.468621,0.608918,0.000000,0.000000,0.000000
uid640,0.205403,0.331260,0.814755,0.091354,0.190031,0.000000,0.142110,0.447863,0.748300,0.000000,0.644645,0.000000,0.000000,0.488598,0.569599,0.055859,0.577767,0.000000,0.561273,0.220482,0.779892,0.000000,0.000000,0.000000,0.637771,0.000000,0.158391,0.403884,0.235276,0.392352,0.552786,0.018978,0.249788,0.108598,0.458341,0.437182,0.000000,0.593641,0.000000,0.305136,0.000000,0.037595,0.368615,0.174363,0.000000,0.000000,0.585780,0.000000,0.834873,0.689247,0.125515,0.000000,0.478705,0.000000,0.766870,0.526327,0.000000
uid641,0.158391,0.091354,0.000000,0.235276,0.205403,0.318323,0.683236,0.738468,0.000000,0.577767,0.664495,0.000000,0.000000,0.037595,0.000000,0.000000,0.743431,0.305136,0.174363,0.380597,0.000000,0.368615,0.000000,0.000000,0.712174,0.000000,0.000000,0.426295,0.000000,0.000000,0.000000,0.249788,0.468621,0.125515,0.331260,0.000000,0.616340,0.073777,0.000000,0.277992,0.000000,0.000000,0.343951,0.108598,0.018978,0.517164,0.561273,0.447863,0.000000,0.000000,0.608918,0.000000,0.526327,0.000000,0.000000,0.403884,0.478705
uid642,0.664495,0.000000,0.000000,0.368615,0.601353,0.637771,0.091354,0.018978,0.055859,0.000000,0.291694,0.073777,0.356401,0.125515,0.762360,0.717636,0.000000,0.000000,0.000000,0.108598,0.415196,0.000000,0.000000,0.000000,0.380597,0.000000,0.331260,0.318323,0.000000,0.277992,0.426295,0.498303,0.235276,0.343951,0.392352,0.507824,0.677108,0.000000,0.000000,0.000000,0.577767,0.142110,0.037595,0.158391,0.488598,0.000000,0.000000,0.447863,0.000000,0.000000,0.766870,0.220482,0.753077,0.190031,0.000000,0.000000,0.000000
uid643,0.569599,0.305136,0.000000,0.205403,0.190031,0.891668,0.264025,0.507824,0.318323,0.000000,0.426295,0.018978,0.000000,0.478705,0.000000,0.677108,0.000000,0.142110,0.552786,0.000000,0.700930,0.847055,0.616340,0.623621,0.838006,0.000000,0.249788,0.392352,0.000000,0.683236,0.733409,0.000000,0.055859,0.220482,0.356401,0.108598,0.000000,0.766870,0.468621,0.608918,0.876119,0.291694,0.784069,0.544135,0.488598,0.658005,0.091354,0.380597,0.174363,0.368615,0.000000,0.000000,0.073777,0.158391,0.000000,0.000000,0.849958
uid644,0.437182,0.526327,0.920271,0.683236,0.658005,0.091354,0.235276,0.108598,0.205403,0.000000,0.055859,0.220482,0.000000,0.249788,0.936647,0.403884,0.561273,0.478705,0.517164,0.190031,0.899661,0.000000,0.000000,0.415196,0.637771,0.000000,0.569599,0.000000,0.940186,0.380597,0.921784,0.018978,0.037595,0.585780,0.142110,0.616340,0.738468,0.861027,0.073777,0.507824,0.644645,0.318323,0.954259,0.264025,0.577767,0.876119,0.891668,0.488598,0.174363,0.959226,0.847055,0.343951,0.125515,0.305136,0.000000,0.949660,0.000000
uid645,0.235276,0.000000,0.807519,0.403884,0.535317,0.018978,0.507824,0.000000,0.037595,0.000000,0.779892,0.748300,0.000000,0.478705,0.601353,0.000000,0.000000,0.000000,0.426295,0.108598,0.651389,0.142110,0.000000,0.000000,0.700930,0.664495,0.637771,0.190031,0.000000,0.392352,0.000000,0.291694,0.220482,0.380597,0.055859,0.552786,0.695145,0.305136,0.000000,0.158391,0.000000,0.517164,0.073777,0.125515,0.368615,0.000000,0.677108,0.205403,0.762360,0.000000,0.343951,0.818271,0.498303,0.437182,0.000000,0.174363,0.264025
uid646,0.055859,0.000000,0.000000,0.356401,0.125515,0.637771,0.037595,0.526327,0.190031,0.000000,0.018978,0.000000,0.000000,0.478705,0.000000,0.507824,0.000000,0.000000,0.000000,0.000000,0.000000,0.000000,0.000000,0.000000,0.000000,0.000000,0.000000,0.091354,0.000000,0.000000,0.000000,0.249788,0.601353,0.142110,0.644645,0.331260,0.000000,0.277992,0.658005,0.205403,0.569599,0.498303,0.437182,0.000000,0.235276,0.000000,0.073777,0.380597,0.608918,0.000000,0.000000,0.108598,0.616340,0.305136,0.000000,0.000000,0.000000
uid647,0.037595,0.858339,0.000000,0.651389,0.717636,0.658005,0.478705,0.924724,0.644645,0.000000,0.447863,0.601353,0.000000,0.743431,0.174363,0.535317,0.771294,0.000000,0.000000,0.811172,0.291694,0.000000,0.000000,0.552786,0.356401,0.305136,0.264025,0.018978,0.000000,0.544135,0.426295,0.415196,0.190031,0.593641,0.108598,0.608918,0.368615,0.055859,0.766870,0.091354,0.458341,0.142110,0.901565,0.125515,0.437182,0.000000,0.343951,0.488598,0.498303,0.000000,0.577767,0.000000,0.235276,0.277992,0.905265,0.838006,0.000000
uid648,0.000000,0.000000,0.000000,0.664495,0.447863,0.000000,0.205403,0.174363,0.158391,0.000000,0.000000,0.000000,0.000000,0.073777,0.000000,0.651389,0.000000,0.535317,0.190031,0.000000,0.343951,0.526327,0.000000,0.000000,0.561273,0.000000,0.478705,0.235276,0.000000,0.000000,0.415196,0.018978,0.468621,0.264025,0.091354,0.623621,0.000000,0.644645,0.142110,0.552786,0.695145,0.608918,0.517164,0.220482,0.055859,0.249788,0.000000,0.380597,0.108598,0.000000,0.000000,0.000000,0.037595,0.000000,0.000000,0.000000,0.437182
uid649,0.190031,0.000000,0.825103,0.426295,0.858339,0.000000,0.616340,0.535317,0.893724,0.733409,0.142110,0.018978,0.743431,0.000000,0.796131,0.695145,0.000000,0.392352,0.000000,0.343951,0.403884,0.000000,0.000000,0.000000,0.779892,0.753077,0.585780,0.037595,0.000000,0.544135,0.488598,0.498303,0.277992,0.158391,0.125515,0.415196,0.811172,0.264025,0.526327,0.689247,0.651389,0.593641,0.000000,0.235276,0.517164,0.291694,0.073777,0.637771,0.305136,0.368615,0.205403,0.055859,0.220482,0.766870,0.000000,0.000000,0.000000
uid650,0.706606,0.000000,0.055859,0.437182,0.426295,0.356401,0.073777,0.664495,0.918728,0.784069,0.585780,0.305136,0.000000,0.447863,0.331260,0.807519,0.788167,0.792187,0.844096,0.507824,0.018978,0.190031,0.000000,0.000000,0.944599,0.000000,0.800000,0.277992,0.885259,0.905265,0.825103,0.468621,0.000000,0.220482,0.544135,0.037595,0.921784,0.517164,0.630764,0.142110,0.593641,0.125515,0.174363,0.264025,0.899661,0.000000,0.917156,0.249788,0.392352,0.000000,0.878470,0.738468,0.343951,0.880777,0.000000,0.762360,0.000000
uid651,0.264025,0.811172,0.277992,0.091354,0.593641,0.917156,0.766870,0.561273,0.488598,0.722995,0.901565,0.762360,0.000000,0.623621,0.950615,0.220482,0.733409,0.000000,0.125515,0.190031,0.498303,0.630764,0.000000,0.249788,0.670862,0.000000,0.291694,0.018978,0.953374,0.108598,0.569599,0.142110,0.616340,0.055859,0.368615,0.318323,0.000000,0.757763,0.913920,0.664495,0.903433,0.775634,0.392352,0.380597,0.073777,0.437182,0.426295,0.415196,0.924724,0.000000,0.037595,0.891668,0.235276,0.174363,0.000000,0.689247,0.577767
uid652,0.000000,0.000000,0.000000,0.318323,0.601353,0.000000,0.055859,0.426295,0.000000,0.608918,0.000000,0.037595,0.264025,0.073777,0.000000,0.658005,0.623621,0.616340,0.000000,0.018978,0.368615,0.000000,0.000000,0.000000,0.291694,0.000000,0.305136,0.277992,0.000000,0.220482,0.343951,0.478705,0.205403,0.249788,0.331260,0.000000,0.000000,0.651389,0.000000,0.585780,0.000000,0.174363,0.000000,0.091354,0.000000,0.000000,0.000000,0.380597,0.000000,0.447863,0.000000,0.190031,0.535317,0.158391,0.000000,0.552786,0.000000
uid653,0.055859,0.585780,0.000000,0.190031,0.664495,0.000000,0.498303,0.488598,0.000000,0.000000,0.108598,0.000000,0.356401,0.142110,0.000000,0.235276,0.608918,0.526327,0.552786,0.000000,0.437182,0.000000,0.000000,0.000000,0.264025,0.000000,0.091354,0.343951,0.000000,0.517164,0.426295,0.073777,0.277992,0.331260,0.392352,0.037595,0.174363,0.000000,0.000000,0.561273,0.000000,0.018978,0.706606,0.544135,0.616340,0.000000,0.000000,0.458341,0.000000,0.637771,0.000000,0.000000,0.728252,0.000000,0.000000,0.000000,0.000000
uid654,0.000000,0.000000,0.000000,0.174363,0.368615,0.593641,0.037595,0.601353,0.000000,0.000000,0.264025,0.000000,0.000000,0.415196,0.000000,0.073777,0.000000,0.437182,0.458341,0.000000,0.000000,0.392352,0.000000,0.000000,0.091354,0.000000,0.331260,0.426295,0.000000,0.000000,0.000000,0.142110,0.055859,0.000000,0.305136,0.205403,0.000000,0.158391,0.535317,0.544135,0.277992,0.468621,0.125515,0.190031,0.220482,0.000000,0.235276,0.249788,0.569599,0.000000,0.000000,0.000000,0.585780,0.000000,0.000000,0.018978,0.343951
uid655,0.000000,0.000000,0.601353,0.158391,0.000000,0.544135,0.277992,0.000000,0.000000,0.000000,0.235276,0.526327,0.000000,0.000000,0.552786,0.000000,0.000000,0.368615,0.055859,0.142110,0.593641,0.018978,0.000000,0.000000,0.000000,0.000000,0.000000,0.264025,0.000000,0.000000,0.205403,0.190031,0.585780,0.403884,0.108598,0.577767,0.000000,0.000000,0.000000,0.630764,0.249788,0.637771,0.651389,0.478705,0.220482,0.000000,0.000000,0.305136,0.291694,0.000000,0.091354,0.073777,0.535317,0.468621,0.000000,0.000000,0.000000
uid656,0.849958,0.743431,0.000000,0.291694,0.498303,0.000000,0.205403,0.174363,0.158391,0.000000,0.000000,0.000000,0.249788,0.091354,0.000000,0.552786,0.722995,0.000000,0.190031,0.000000,0.380597,0.000000,0.000000,0.000000,0.318323,0.000000,0.305136,0.235276,0.000000,0.577767,0.343951,0.037595,0.368615,0.277992,0.073777,0.507824,0.000000,0.544135,0.142110,0.847055,0.000000,0.356401,0.437182,0.220482,0.055859,0.000000,0.683236,0.392352,0.108598,0.753077,0.689247,0.000000,0.018978,0.000000,0.616340,0.814755,0.000000
uid657,0.447863,0.630764,0.000000,0.318323,0.706606,0.158391,0.585780,0.220482,0.748300,0.866252,0.000000,0.526327,0.277992,0.392352,0.478705,0.000000,0.878470,0.000000,0.814755,0.458341,0.368615,0.000000,0.000000,0.000000,0.291694,0.000000,0.305136,0.073777,0.000000,0.552786,0.356401,0.055859,0.091354,0.249788,0.190031,0.544135,0.000000,0.000000,0.108598,0.616340,0.018978,0.037595,0.658005,0.608918,0.577767,0.000000,0.849958,0.380597,0.235276,0.683236,0.488598,0.000000,0.174363,0.498303,0.800000,0.000000,0.000000
uid658,0.174363,0.458341,0.343951,0.535317,0.468621,0.403884,0.220482,0.000000,0.561273,0.743431,0.190031,0.960000,0.000000,0.277992,0.291694,0.368615,0.000000,0.831678,0.616340,0.855598,0.073777,0.838006,0.415196,0.000000,0.318323,0.944599,0.940186,0.771294,0.000000,0.000000,0.305136,0.664495,0.018978,0.125515,0.142110,0.356401,0.753077,0.091354,0.000000,0.264025,0.000000,0.488598,0.158391,0.331260,0.569599,0.700930,0.037595,0.426295,0.931601,0.928929,0.108598,0.000000,0.717636,0.943527,0.055859,0.897720,0.910557
uid659,0.142110,0.190031,0.000000,0.488598,0.689247,0.000000,0.018978,0.569599,0.249788,0.706606,0.000000,0.277992,0.468621,0.305136,0.000000,0.738468,0.220482,0.037595,0.091354,0.264025,0.526327,0.000000,0.000000,0.000000,0.478705,0.000000,0.205403,0.158391,0.000000,0.000000,0.517164,0.601353,0.403884,0.437182,0.498303,0.000000,0.000000,0.743431,0.000000,0.125515,0.000000,0.055859,0.000000,0.108598,0.235276,0.000000,0.000000,0.073777,0.000000,0.577767,0.000000,0.380597,0.637771,0.356401,0.000000,0.677108,0.000000
uid660,0.158391,0.415196,0.000000,0.037595,0.651389,0.000000,0.331260,0.544135,0.108598,0.000000,0.174363,0.000000,0.526327,0.220482,0.000000,0.205403,0.458341,0.368615,0.356401,0.000000,0.498303,0.000000,0.000000,0.000000,0.235276,0.000000,0.125515,0.426295,0.000000,0.392352,0.608918,0.000000,0.073777,0.616340,0.517164,0.018978,0.055859,0.000000,0.000000,0.447863,0.000000,0.091354,0.706606,0.380597,0.488598,0.000000,0.000000,0.403884,0.000000,0.637771,0.000000,0.000000,0.728252,0.000000,0.000000,0.000000,0.000000
uid661,0.291694,0.000000,0.235276,0.683236,0.478705,0.108598,0.458341,0.142110,0.488598,0.960759,0.018978,0.318323,0.706606,0.593641,0.771294,0.866252,0.965021,0.961504,0.000000,0.277992,0.722995,0.000000,0.000000,0.000000,0.689247,0.000000,0.700930,0.000000,0.000000,0.664495,0.190031,0.037595,0.055859,0.220482,0.125515,0.368615,0.264025,0.249788,0.073777,0.535317,0.893724,0.630764,0.775634,0.415196,0.507824,0.000000,0.468621,0.738468,0.158391,0.917156,0.951553,0.392352,0.091354,0.517164,0.000000,0.814755,0.000000
uid662,0.108598,0.738468,0.000000,0.535317,0.616340,0.943527,0.458341,0.291694,0.426295,0.000000,0.318323,0.887436,0.912255,0.380597,0.000000,0.488598,0.762360,0.664495,0.447863,0.883039,0.923268,0.637771,0.305136,0.507824,0.689247,0.000000,0.055859,0.220482,0.000000,0.498303,0.927554,0.343951,0.623621,0.018978,0.125515,0.073777,0.958437,0.544135,0.415196,0.264025,0.934172,0.700930,0.158391,0.142110,0.091354,0.000000,0.205403,0.174363,0.392352,0.000000,0.000000,0.800000,0.331260,0.825103,0.000000,0.000000,0.593641
uid663,0.426295,0.616340,0.670862,0.689247,0.249788,0.000000,0.277992,0.526327,0.392352,0.507824,0.220482,0.706606,0.000000,0.091354,0.000000,0.000000,0.190031,0.000000,0.000000,0.000000,0.000000,0.000000,0.000000,0.000000,0.478705,0.000000,0.174363,0.018978,0.000000,0.700930,0.677108,0.073777,0.305136,0.343951,0.517164,0.356401,0.000000,0.108598,0.000000,0.415196,0.000000,0.037595,0.637771,0.458341,0.468621,0.000000,0.055859,0.000000,0.318323,0.000000,0.125515,0.000000,0.264025,0.000000,0.000000,0.291694,0.000000
uid664,0.458341,0.000000,0.415196,0.108598,0.318323,0.000000,0.277992,0.712174,0.700930,0.000000,0.651389,0.601353,0.000000,0.235276,0.000000,0.800000,0.000000,0.055859,0.125515,0.190031,0.858339,0.931601,0.766870,0.831678,0.818271,0.000000,0.403884,0.073777,0.000000,0.091354,0.876119,0.142110,0.205403,0.037595,0.343951,0.331260,0.000000,0.291694,0.706606,0.753077,0.788167,0.264025,0.368615,0.478705,0.018978,0.841081,0.517164,0.526327,0.623621,0.000000,0.000000,0.000000,0.249788,0.174363,0.000000,0.784069,0.921784
uid665,0.757763,0.753077,0.905265,0.331260,0.478705,0.158391,0.544135,0.142110,0.593641,0.927554,0.000000,0.601353,0.264025,0.415196,0.733409,0.498303,0.743431,0.000000,0.788167,0.637771,0.380597,0.000000,0.000000,0.000000,0.305136,0.000000,0.277992,0.055859,0.000000,0.677108,0.392352,0.018978,0.108598,0.235276,0.174363,0.526327,0.000000,0.561273,0.091354,0.863665,0.073777,0.037595,0.447863,0.585780,0.920271,0.000000,0.844096,0.403884,0.249788,0.000000,0.689247,0.616340,0.205403,0.651389,0.883039,0.784069,0.000000
uid666,0.569599,0.658005,0.000000,0.498303,0.700930,0.818271,0.447863,0.277992,0.142110,0.000000,0.305136,0.018978,0.000000,0.368615,0.000000,0.544135,0.683236,0.608918,0.108598,0.762360,0.174363,0.728252,0.000000,0.561273,0.753077,0.000000,0.670862,0.190031,0.000000,0.552786,0.291694,0.205403,0.717636,0.091354,0.343951,0.055859,0.000000,0.478705,0.403884,0.637771,0.788167,0.601353,0.733409,0.220482,0.158391,0.073777,0.000000,0.235276,0.380597,0.000000,0.000000,0.000000,0.318323,0.037595,0.000000,0.000000,0.695145
uid667,0.190031,0.000000,0.305136,0.125515,0.403884,0.683236,0.447863,0.926153,0.924724,0.000000,0.733409,0.689247,0.000000,0.437182,0.743431,0.728252,0.847055,0.577767,0.000000,0.108598,0.825103,0.037595,0.000000,0.831678,0.670862,0.000000,0.458341,0.544135,0.000000,0.055859,0.803796,0.356401,0.277992,0.235276,0.220482,0.368615,0.000000,0.468621,0.923268,0.775634,0.658005,0.426295,0.392352,0.174363,0.380597,0.934172,0.205403,0.478705,0.883039,0.000000,0.018978,0.091354,0.158391,0.608918,0.000000,0.677108,0.949660
uid668,0.517164,0.961504,0.458341,0.125515,0.318323,0.000000,0.291694,0.677108,0.748300,0.000000,0.700930,0.644645,0.000000,0.220482,0.000000,0.883039,0.000000,0.018978,0.108598,0.190031,0.861027,0.944599,0.689247,0.880777,0.913920,0.000000,0.488598,0.037595,0.000000,0.091354,0.891668,0.158391,0.235276,0.055859,0.343951,0.331260,0.000000,0.277992,0.828422,0.651389,0.899661,0.264025,0.380597,0.535317,0.073777,0.814755,0.569599,0.561273,0.415196,0.000000,0.000000,0.738468,0.249788,0.174363,0.000000,0.901565,0.941321
uid669,0.775634,0.965684,0.108598,0.018978,0.055859,0.623621,0.125515,0.368615,0.935422,0.415196,0.899661,0.651389,0.458341,0.677108,0.608918,0.356401,0.873723,0.569599,0.535317,0.577767,0.264025,0.291694,0.000000,0.852805,0.946682,0.000000,0.753077,0.488598,0.000000,0.544135,0.844096,0.561273,0.037595,0.000000,0.728252,0.205403,0.941321,0.700930,0.897720,0.190031,0.923268,0.142110,0.174363,0.331260,0.380597,0.000000,0.800000,0.318323,0.073777,0.000000,0.478705,0.818271,0.601353,0.585780,0.970561,0.000000,0.954259
uid670,0.331260,0.000000,0.000000,0.000000,0.000000,0.000000,0.190031,0.174363,0.158391,0.000000,0.000000,0.458341,0.000000,0.091354,0.392352,0.000000,0.000000,0.517164,0.205403,0.380597,0.000000,0.000000,0.318323,0.000000,0.000000,0.000000,0.415196,0.220482,0.000000,0.468621,0.535317,0.037595,0.507824,0.264025,0.055859,0.478705,0.000000,0.585780,0.142110,0.249788,0.000000,0.000000,0.000000,0.235276,0.073777,0.000000,0.000000,0.000000,0.125515,0.000000,0.403884,0.000000,0.018978,0.437182,0.000000,0.000000,0.000000
uid671,0.000000,0.000000,0.000000,0.000000,0.526327,0.000000,0.235276,0.158391,0.174363,0.000000,0.000000,0.000000,0.000000,0.091354,0.000000,0.000000,0.000000,0.535317,0.190031,0.000000,0.331260,0.517164,0.000000,0.000000,0.561273,0.000000,0.458341,0.220482,0.000000,0.000000,0.403884,0.018978,0.468621,0.264025,0.073777,0.000000,0.000000,0.000000,0.142110,0.552786,0.000000,0.000000,0.488598,0.205403,0.055859,0.249788,0.000000,0.380597,0.108598,0.000000,0.000000,0.000000,0.037595,0.000000,0.000000,0.000000,0.447863
uid672,0.000000,0.000000,0.000000,0.343951,0.593641,0.000000,0.073777,0.426295,0.000000,0.616340,0.000000,0.055859,0.264025,0.091354,0.000000,0.651389,0.630764,0.608918,0.000000,0.018978,0.368615,0.000000,0.000000,0.000000,0.318323,0.000000,0.291694,0.277992,0.000000,0.220482,0.356401,0.478705,0.205403,0.249788,0.305136,0.000000,0.000000,0.658005,0.000000,0.601353,0.000000,0.158391,0.000000,0.037595,0.000000,0.000000,0.000000,0.380597,0.000000,0.447863,0.000000,0.174363,0.526327,0.108598,0.000000,0.552786,0.000000
uid673,0.771294,0.000000,0.000000,0.706606,0.447863,0.000000,0.552786,0.784069,0.091354,0.000000,0.478705,0.249788,0.000000,0.125515,0.658005,0.277992,0.000000,0.415196,0.220482,0.318323,0.651389,0.000000,0.000000,0.000000,0.458341,0.000000,0.174363,0.356401,0.000000,0.235276,0.585780,0.037595,0.683236,0.535317,0.205403,0.488598,0.644645,0.437182,0.000000,0.000000,0.000000,0.158391,0.368615,0.055859,0.000000,0.569599,0.142110,0.073777,0.852805,0.331260,0.517164,0.000000,0.264025,0.738468,0.000000,0.825103,0.000000
uid674,0.356401,0.000000,0.828422,0.695145,0.000000,0.000000,0.561273,0.593641,0.000000,0.644645,0.235276,0.331260,0.601353,0.000000,0.403884,0.577767,0.000000,0.091354,0.264025,0.073777,0.478705,0.855598,0.000000,0.000000,0.535317,0.498303,0.447863,0.220482,0.000000,0.757763,0.775634,0.762360,0.000000,0.249788,0.277992,0.670862,0.544135,0.018978,0.722995,0.616340,0.792187,0.738468,0.849958,0.380597,0.585780,0.055859,0.108598,0.630764,0.158391,0.125515,0.037595,0.305136,0.368615,0.488598,0.000000,0.000000,0.000000
uid675,0.108598,0.000000,0.000000,0.403884,0.392352,0.000000,0.535317,0.517164,0.507824,0.000000,0.415196,0.331260,0.000000,0.468621,0.000000,0.664495,0.000000,0.220482,0.526327,0.000000,0.000000,0.831678,0.608918,0.000000,0.695145,0.000000,0.018978,0.552786,0.000000,0.000000,0.000000,0.235276,0.291694,0.037595,0.125515,0.073777,0.000000,0.706606,0.498303,0.585780,0.644645,0.766870,0.158391,0.142110,0.091354,0.000000,0.205403,0.190031,0.368615,0.000000,0.000000,0.000000,0.277992,0.318323,0.000000,0.637771,0.807519
uid676,0.125515,0.757763,0.880777,0.561273,0.000000,0.677108,0.426295,0.142110,0.018978,0.000000,0.331260,0.235276,0.841081,0.356401,0.000000,0.526327,0.771294,0.190031,0.437182,0.784069,0.861027,0.000000,0.158391,0.000000,0.569599,0.000000,0.766870,0.073777,0.000000,0.712174,0.858339,0.037595,0.220482,0.055859,0.343951,0.264025,0.918728,0.000000,0.392352,0.108598,0.488598,0.630764,0.544135,0.415196,0.291694,0.000000,0.249788,0.535317,0.368615,0.000000,0.000000,0.818271,0.000000,0.277992,0.000000,0.498303,0.000000
uid677,0.873723,0.880777,0.905265,0.651389,0.623621,0.658005,0.190031,0.174363,0.158391,0.000000,0.000000,0.000000,0.000000,0.091354,0.000000,0.728252,0.889573,0.792187,0.205403,0.000000,0.318323,0.779892,0.000000,0.000000,0.601353,0.000000,0.478705,0.220482,0.000000,0.858339,0.426295,0.037595,0.544135,0.277992,0.073777,0.569599,0.000000,0.706606,0.142110,0.796131,0.608918,0.458341,0.664495,0.235276,0.055859,0.249788,0.000000,0.380597,0.108598,0.437182,0.000000,0.000000,0.018978,0.535317,0.000000,0.000000,0.748300
uid678,0.108598,0.937849,0.000000,0.403884,0.392352,0.915553,0.535317,0.517164,0.507824,0.000000,0.415196,0.331260,0.000000,0.468621,0.000000,0.664495,0.000000,0.220482,0.526327,0.000000,0.738468,0.885259,0.608918,0.788167,0.695145,0.000000,0.018978,0.552786,0.000000,0.784069,0.771294,0.235276,0.291694,0.037595,0.125515,0.073777,0.000000,0.800000,0.498303,0.585780,0.644645,0.841081,0.142110,0.158391,0.091354,0.706606,0.205403,0.190031,0.368615,0.000000,0.000000,0.000000,0.277992,0.318323,0.000000,0.637771,0.868790
uid679,0.235276,0.000000,0.000000,0.664495,0.415196,0.037595,0.000000,0.000000,0.018978,0.000000,0.000000,0.552786,0.000000,0.000000,0.577767,0.000000,0.000000,0.000000,0.507824,0.108598,0.000000,0.125515,0.000000,0.000000,0.000000,0.000000,0.000000,0.190031,0.000000,0.658005,0.368615,0.291694,0.249788,0.544135,0.055859,0.000000,0.000000,0.305136,0.000000,0.174363,0.000000,0.000000,0.073777,0.142110,0.356401,0.000000,0.000000,0.220482,0.000000,0.000000,0.623621,0.000000,0.488598,0.689247,0.000000,0.158391,0.264025
uid680,0.637771,0.971120,0.235276,0.447863,0.601353,0.331260,0.037595,0.814755,0.792187,0.000000,0.800000,0.318323,0.000000,0.561273,0.343951,0.858339,0.000000,0.403884,0.488598,0.507824,0.190031,0.125515,0.000000,0.866252,0.849958,0.000000,0.677108,0.055859,0.000000,0.392352,0.905265,0.468621,0.073777,0.220482,0.593641,0.291694,0.000000,0.569599,0.766870,0.000000,0.841081,0.277992,0.249788,0.174363,0.458341,0.880777,0.689247,0.018978,0.775634,0.000000,0.437182,0.958437,0.356401,0.478705,0.000000,0.852805,0.908827
uid681,0.651389,0.775634,0.878470,0.158391,0.073777,0.331260,0.748300,0.623621,0.637771,0.000000,0.706606,0.883039,0.561273,0.608918,0.437182,0.722995,0.000000,0.766870,0.901565,0.478705,0.577767,0.000000,0.000000,0.000000,0.125515,0.000000,0.552786,0.108598,0.921784,0.792187,0.037595,0.000000,0.174363,0.091354,0.249788,0.018978,0.677108,0.305136,0.000000,0.368615,0.190031,0.343951,0.356401,0.380597,0.055859,0.852805,0.955978,0.205403,0.946682,0.000000,0.834873,0.000000,0.403884,0.838006,0.927554,0.318323,0.000000
uid682,0.277992,0.585780,0.000000,0.142110,0.125515,0.000000,0.426295,0.577767,0.478705,0.000000,0.000000,0.552786,0.000000,0.601353,0.174363,0.037595,0.000000,0.403884,0.000000,0.000000,0.000000,0.000000,0.000000,0.055859,0.392352,0.000000,0.318323,0.000000,0.000000,0.108598,0.507824,0.447863,0.091354,0.018978,0.000000,0.000000,0.380597,0.190031,0.000000,0.000000,0.000000,0.331260,0.249788,0.291694,0.000000,0.535317,0.458341,0.356401,0.000000,0.305136,0.000000,0.000000,0.000000,0.000000,0.000000,0.000000,0.000000
uid683,0.000000,0.000000,0.037595,0.000000,0.000000,0.343951,0.073777,0.000000,0.000000,0.000000,0.000000,0.305136,0.000000,0.000000,0.356401,0.000000,0.000000,0.000000,0.447863,0.000000,0.018978,0.220482,0.000000,0.000000,0.000000,0.000000,0.000000,0.264025,0.000000,0.403884,0.000000,0.000000,0.000000,0.235276,0.000000,0.055859,0.000000,0.000000,0.000000,0.142110,0.000000,0.108598,0.174363,0.277992,0.000000,0.000000,0.000000,0.205403,0.000000,0.000000,0.426295,0.392352,0.331260,0.000000,0.000000,0.000000,0.000000
uid684,0.392352,0.000000,0.000000,0.356401,0.000000,0.000000,0.108598,0.585780,0.437182,0.000000,0.037595,0.368615,0.000000,0.601353,0.664495,0.000000,0.000000,0.220482,0.318323,0.305136,0.447863,0.000000,0.000000,0.000000,0.000000,0.000000,0.535317,0.091354,0.000000,0.277992,0.000000,0.018978,0.380597,0.264025,0.507824,0.577767,0.468621,0.517164,0.000000,0.000000,0.073777,0.644645,0.637771,0.552786,0.055859,0.000000,0.403884,0.125515,0.142110,0.000000,0.205403,0.000000,0.593641,0.291694,0.000000,0.608918,0.000000
uid685,0.644645,0.000000,0.753077,0.037595,0.415196,0.630764,0.000000,0.000000,0.000000,0.380597,0.712174,0.498303,0.000000,0.343951,0.108598,0.478705,0.458341,0.426295,0.748300,0.174363,0.447863,0.000000,0.000000,0.000000,0.569599,0.000000,0.468621,0.608918,0.000000,0.717636,0.000000,0.249788,0.535317,0.318323,0.000000,0.552786,0.000000,0.091354,0.000000,0.235276,0.601353,0.220482,0.142110,0.055859,0.526327,0.000000,0.000000,0.616340,0.000000,0.000000,0.677108,0.000000,0.018978,0.683236,0.000000,0.291694,0.000000
uid686,0.803796,0.000000,0.893724,0.220482,0.018978,0.792187,0.055859,0.235276,0.277992,0.658005,0.841081,0.291694,0.458341,0.073777,0.800000,0.205403,0.677108,0.670862,0.849958,0.264025,0.517164,0.000000,0.000000,0.000000,0.478705,0.000000,0.468621,0.437182,0.000000,0.426295,0.526327,0.037595,0.403884,0.108598,0.488598,0.142110,0.000000,0.174363,0.000000,0.873723,0.762360,0.125515,0.000000,0.305136,0.728252,0.000000,0.876119,0.552786,0.000000,0.577767,0.814755,0.392352,0.637771,0.356401,0.863665,0.000000,0.000000
uid687,0.577767,0.000000,0.526327,0.468621,0.000000,0.000000,0.637771,0.717636,0.863665,0.000000,0.712174,0.792187,0.000000,0.630764,0.000000,0.000000,0.000000,0.343951,0.073777,0.318323,0.125515,0.000000,0.000000,0.000000,0.220482,0.158391,0.091354,0.055859,0.000000,0.458341,0.803796,0.478705,0.018978,0.437182,0.174363,0.561273,0.235276,0.264025,0.706606,0.000000,0.814755,0.728252,0.601353,0.593641,0.447863,0.305136,0.190031,0.616340,0.380597,0.356401,0.291694,0.689247,0.108598,0.142110,0.000000,0.000000,0.000000
uid688,0.577767,0.949660,0.000000,0.426295,0.277992,0.108598,0.249788,0.561273,0.775634,0.000000,0.834873,0.073777,0.000000,0.190031,0.125515,0.717636,0.953374,0.437182,0.766870,0.291694,0.788167,0.142110,0.569599,0.743431,0.858339,0.000000,0.927554,0.018978,0.000000,0.738468,0.814755,0.174363,0.205403,0.055859,0.318323,0.305136,0.000000,0.264025,0.883039,0.585780,0.831678,0.235276,0.368615,0.000000,0.637771,0.762360,0.507824,0.630764,0.392352,0.000000,0.000000,0.962951,0.091354,0.498303,0.000000,0.828422,0.921784
uid689,0.458341,0.608918,0.000000,0.318323,0.706606,0.000000,0.055859,0.426295,0.037595,0.788167,0.561273,0.000000,0.277992,0.073777,0.468621,0.000000,0.811172,0.000000,0.695145,0.018978,0.380597,0.000000,0.000000,0.000000,0.305136,0.000000,0.291694,0.264025,0.000000,0.235276,0.356401,0.437182,0.205403,0.249788,0.331260,0.544135,0.000000,0.000000,0.000000,0.000000,0.000000,0.158391,0.616340,0.091354,0.569599,0.000000,0.748300,0.392352,0.000000,0.000000,0.488598,0.174363,0.447863,0.125515,0.670862,0.000000,0.000000
uid690,0.291694,0.000000,0.000000,0.478705,0.108598,0.712174,0.000000,0.544135,0.717636,0.142110,0.447863,0.277992,0.000000,0.018978,0.331260,0.235276,0.174363,0.158391,0.644645,0.318323,0.190031,0.000000,0.000000,0.000000,0.000000,0.000000,0.220482,0.552786,0.000000,0.437182,0.526327,0.000000,0.458341,0.037595,0.205403,0.426295,0.000000,0.249788,0.677108,0.073777,0.000000,0.488598,0.601353,0.125515,0.468621,0.000000,0.000000,0.507824,0.000000,0.000000,0.356401,0.000000,0.343951,0.403884,0.608918,0.055859,0.000000
uid691,0.000000,0.000000,0.055859,0.264025,0.000000,0.000000,0.073777,0.000000,0.000000,0.000000,0.415196,0.000000,0.000000,0.000000,0.000000,0.000000,0.623621,0.644645,0.205403,0.220482,0.037595,0.125515,0.000000,0.535317,0.000000,0.000000,0.593641,0.392352,0.000000,0.142110,0.368615,0.356401,0.000000,0.507824,0.235276,0.018978,0.000000,0.000000,0.000000,0.305136,0.426295,0.291694,0.318323,0.000000,0.380597,0.000000,0.000000,0.447863,0.437182,0.000000,0.174363,0.190031,0.000000,0.695145,0.000000,0.000000,0.000000
uid692,0.055859,0.000000,0.205403,0.190031,0.915553,0.912255,0.517164,0.415196,0.380597,0.000000,0.488598,0.000000,0.000000,0.403884,0.868790,0.601353,0.000000,0.018978,0.037595,0.368615,0.000000,0.000000,0.000000,0.616340,0.689247,0.000000,0.073777,0.264025,0.000000,0.249788,0.000000,0.331260,0.630764,0.174363,0.125515,0.108598,0.757763,0.552786,0.458341,0.901565,0.637771,0.811172,0.091354,0.220482,0.158391,0.000000,0.142110,0.291694,0.478705,0.000000,0.000000,0.834873,0.468621,0.318323,0.000000,0.651389,0.000000
uid693,0.108598,0.000000,0.000000,0.277992,0.264025,0.779892,0.447863,0.426295,0.403884,0.000000,0.291694,0.000000,0.000000,0.356401,0.000000,0.535317,0.000000,0.834873,0.415196,0.000000,0.000000,0.825103,0.000000,0.000000,0.577767,0.000000,0.018978,0.458341,0.000000,0.852805,0.000000,0.318323,0.235276,0.037595,0.125515,0.091354,0.000000,0.608918,0.380597,0.841081,0.517164,0.677108,0.158391,0.142110,0.073777,0.000000,0.205403,0.190031,0.249788,0.000000,0.000000,0.000000,0.305136,0.000000,0.000000,0.507824,0.800000
uid694,0.000000,0.000000,0.000000,0.220482,0.305136,0.125515,0.205403,0.544135,0.000000,0.142110,0.000000,0.000000,0.000000,0.000000,0.000000,0.507824,0.000000,0.000000,0.526327,0.561273,0.037595,0.190031,0.000000,0.000000,0.055859,0.000000,0.018978,0.415196,0.000000,0.000000,0.498303,0.235276,0.468621,0.264025,0.403884,0.331260,0.000000,0.291694,0.000000,0.000000,0.000000,0.318323,0.091354,0.343951,0.000000,0.000000,0.000000,0.000000,0.073777,0.000000,0.000000,0.000000,0.158391,0.174363,0.000000,0.108598,0.356401
uid695,0.677108,0.000000,0.478705,0.706606,0.722995,0.318323,0.356401,0.788167,0.552786,0.000000,0.841081,0.277992,0.000000,0.814755,0.018978,0.577767,0.000000,0.561273,0.235276,0.000000,0.142110,0.403884,0.796131,0.000000,0.158391,0.174363,0.055859,0.037595,0.000000,0.939029,0.000000,0.616340,0.000000,0.291694,0.190031,0.488598,0.220482,0.000000,0.821720,0.368615,0.868790,0.426295,0.458341,0.331260,0.651389,0.000000,0.125515,0.526327,0.712174,0.000000,0.000000,0.000000,0.073777,0.108598,0.000000,0.873723,0.921784
uid696,0.000000,0.000000,0.000000,0.018978,0.000000,0.000000,0.507824,0.190031,0.488598,0.000000,0.000000,0.468621,0.158391,0.205403,0.318323,0.000000,0.000000,0.000000,0.000000,0.343951,0.037595,0.000000,0.000000,0.000000,0.073777,0.000000,0.125515,0.174363,0.000000,0.552786,0.142110,0.291694,0.108598,0.000000,0.091354,0.000000,0.000000,0.392352,0.000000,0.368615,0.000000,0.055859,0.264025,0.331260,0.000000,0.000000,0.000000,0.220482,0.000000,0.000000,0.000000,0.526327,0.356401,0.000000,0.000000,0.277992,0.000000
uid697,0.000000,0.000000,0.000000,0.000000,0.458341,0.000000,0.190031,0.174363,0.158391,0.000000,0.000000,0.000000,0.000000,0.091354,0.000000,0.000000,0.000000,0.000000,0.205403,0.000000,0.331260,0.000000,0.000000,0.000000,0.000000,0.000000,0.000000,0.235276,0.000000,0.000000,0.403884,0.037595,0.000000,0.264025,0.073777,0.000000,0.000000,0.000000,0.125515,0.000000,0.000000,0.000000,0.000000,0.220482,0.055859,0.249788,0.000000,0.380597,0.108598,0.000000,0.000000,0.000000,0.018978,0.000000,0.000000,0.000000,0.437182
uid698,0.000000,0.000000,0.000000,0.331260,0.577767,0.000000,0.055859,0.426295,0.018978,0.608918,0.000000,0.037595,0.277992,0.073777,0.000000,0.651389,0.623621,0.616340,0.000000,0.000000,0.368615,0.000000,0.000000,0.000000,0.305136,0.000000,0.291694,0.264025,0.000000,0.220482,0.356401,0.468621,0.205403,0.249788,0.318323,0.000000,0.000000,0.658005,0.000000,0.593641,0.000000,0.108598,0.000000,0.091354,0.000000,0.000000,0.000000,0.392352,0.000000,0.437182,0.000000,0.190031,0.526327,0.142110,0.000000,0.569599,0.000000
uid699,0.264025,0.000000,0.000000,0.437182,0.000000,0.000000,0.125515,0.190031,0.091354,0.000000,0.073777,0.000000,0.000000,0.018978,0.000000,0.277992,0.000000,0.000000,0.055859,0.000000,0.000000,0.000000,0.000000,0.318323,0.426295,0.000000,0.000000,0.220482,0.000000,0.331260,0.000000,0.174363,0.343951,0.305136,0.235276,0.000000,0.000000,0.000000,0.000000,0.000000,0.000000,0.000000,0.356401,0.158391,0.037595,0.000000,0.000000,0.368615,0.142110,0.000000,0.000000,0.000000,0.108598,0.000000,0.000000,0.415196,0.000000
uid700,0.000000,0.000000,0.000000,0.593641,0.142110,0.601353,0.091354,0.498303,0.488598,0.000000,0.380597,0.356401,0.000000,0.000000,0.000000,0.000000,0.000000,0.249788,0.478705,0.125515,0.000000,0.000000,0.000000,0.000000,0.535317,0.000000,0.000000,0.526327,0.000000,0.000000,0.000000,0.018978,0.037595,0.651389,0.174363,0.158391,0.000000,0.108598,0.468621,0.000000,0.544135,0.073777,0.235276,0.517164,0.415196,0.000000,0.331260,0.585780,0.447863,0.000000,0.000000,0.000000,0.055859,0.343951,0.000000,0.000000,0.000000
uid701,0.526327,0.000000,0.753077,0.018978,0.544135,0.249788,0.488598,0.277992,0.426295,0.000000,0.125515,0.468621,0.637771,0.670862,0.807519,0.784069,0.000000,0.897720,0.771294,0.738468,0.437182,0.000000,0.000000,0.000000,0.630764,0.000000,0.403884,0.190031,0.811172,0.695145,0.343951,0.037595,0.205403,0.535317,0.305136,0.055859,0.689247,0.000000,0.235276,0.608918,0.158391,0.174363,0.000000,0.073777,0.108598,0.000000,0.552786,0.091354,0.318323,0.000000,0.912255,0.561273,0.291694,0.593641,0.000000,0.000000,0.000000
uid702,0.235276,0.000000,0.000000,0.000000,0.018978,0.000000,0.264025,0.000000,0.000000,0.000000,0.000000,0.000000,0.000000,0.000000,0.000000,0.000000,0.000000,0.000000,0.000000,0.000000,0.305136,0.000000,0.000000,0.000000,0.331260,0.000000,0.318323,0.174363,0.000000,0.000000,0.000000,0.000000,0.249788,0.190031,0.142110,0.073777,0.000000,0.000000,0.000000,0.000000,0.000000,0.037595,0.158391,0.055859,0.000000,0.000000,0.000000,0.000000,0.343951,0.000000,0.000000,0.000000,0.125515,0.000000,0.000000,0.000000,0.108598
uid703,0.108598,0.000000,0.000000,0.277992,0.264025,0.000000,0.535317,0.517164,0.507824,0.000000,0.415196,0.392352,0.000000,0.468621,0.000000,0.664495,0.000000,0.291694,0.526327,0.000000,0.762360,0.885259,0.601353,0.717636,0.695145,0.000000,0.018978,0.552786,0.000000,0.712174,0.788167,0.305136,0.249788,0.037595,0.125515,0.073777,0.000000,0.800000,0.498303,0.585780,0.644645,0.841081,0.158391,0.142110,0.091354,0.733409,0.205403,0.190031,0.235276,0.000000,0.000000,0.000000,0.343951,0.380597,0.000000,0.637771,0.871280
uid704,0.000000,0.000000,0.018978,0.000000,0.637771,0.343951,0.073777,0.585780,0.577767,0.000000,0.498303,0.305136,0.000000,0.535317,0.356401,0.000000,0.000000,0.403884,0.593641,0.000000,0.000000,0.220482,0.000000,0.000000,0.706606,0.000000,0.651389,0.277992,0.000000,0.000000,0.000000,0.392352,0.055859,0.249788,0.544135,0.037595,0.000000,0.000000,0.569599,0.142110,0.000000,0.125515,0.174363,0.264025,0.517164,0.000000,0.458341,0.235276,0.552786,0.000000,0.000000,0.000000,0.331260,0.468621,0.000000,0.000000,0.623621
uid705,0.458341,0.962951,0.920271,0.190031,0.683236,0.706606,0.037595,0.368615,0.356401,0.000000,0.073777,0.908827,0.000000,0.291694,0.899661,0.108598,0.952472,0.855598,0.380597,0.852805,0.517164,0.000000,0.000000,0.447863,0.125515,0.000000,0.743431,0.415196,0.941321,0.426295,0.601353,0.264025,0.018978,0.000000,0.055859,0.637771,0.748300,0.948686,0.343951,0.000000,0.091354,0.728252,0.174363,0.403884,0.235276,0.478705,0.158391,0.142110,0.305136,0.807519,0.883039,0.000000,0.277992,0.844096,0.000000,0.205403,0.000000
uid706,0.000000,0.091354,0.478705,0.000000,0.343951,0.000000,0.000000,0.706606,0.000000,0.700930,0.623621,0.000000,0.000000,0.426295,0.380597,0.507824,0.601353,0.000000,0.331260,0.000000,0.403884,0.000000,0.000000,0.000000,0.677108,0.000000,0.608918,0.190031,0.000000,0.174363,0.392352,0.220482,0.018978,0.073777,0.264025,0.318323,0.000000,0.593641,0.000000,0.037595,0.000000,0.235276,0.158391,0.055859,0.664495,0.000000,0.552786,0.000000,0.000000,0.000000,0.569599,0.000000,0.305136,0.000000,0.277992,0.000000,0.000000
uid707,0.000000,0.000000,0.683236,0.091354,0.000000,0.000000,0.055859,0.305136,0.000000,0.000000,0.220482,0.000000,0.000000,0.000000,0.000000,0.000000,0.593641,0.000000,0.380597,0.601353,0.190031,0.526327,0.000000,0.552786,0.000000,0.000000,0.073777,0.331260,0.000000,0.356401,0.142110,0.249788,0.037595,0.000000,0.235276,0.000000,0.000000,0.000000,0.368615,0.478705,0.264025,0.158391,0.689247,0.108598,0.018978,0.000000,0.000000,0.403884,0.447863,0.000000,0.426295,0.125515,0.000000,0.000000,0.000000,0.000000,0.000000
uid708,0.689247,0.706606,0.000000,0.125515,0.000000,0.000000,0.380597,0.356401,0.738468,0.000000,0.415196,0.000000,0.000000,0.771294,0.000000,0.803796,0.728252,0.458341,0.158391,0.174363,0.426295,0.055859,0.000000,0.000000,0.796131,0.000000,0.205403,0.593641,0.000000,0.018978,0.000000,0.623621,0.318323,0.585780,0.091354,0.220482,0.766870,0.447863,0.403884,0.695145,0.000000,0.235276,0.825103,0.190031,0.291694,0.468621,0.507824,0.670862,0.478705,0.517164,0.073777,0.000000,0.838006,0.616340,0.000000,0.000000,0.000000
uid709,0.125515,0.000000,0.630764,0.220482,0.905265,0.000000,0.779892,0.847055,0.887436,0.000000,0.762360,0.748300,0.000000,0.158391,0.498303,0.000000,0.205403,0.356401,0.415196,0.468621,0.535317,0.000000,0.000000,0.000000,0.277992,0.552786,0.517164,0.091354,0.000000,0.426295,0.753077,0.000000,0.478705,0.264025,0.018978,0.651389,0.055859,0.000000,0.838006,0.000000,0.771294,0.849958,0.664495,0.677108,0.392352,0.000000,0.585780,0.689247,0.788167,0.000000,0.073777,0.828422,0.108598,0.458341,0.000000,0.000000,0.000000
uid710,0.343951,0.838006,0.000000,0.158391,0.235276,0.220482,0.277992,0.526327,0.380597,0.788167,0.305136,0.644645,0.000000,0.498303,0.623621,0.000000,0.949660,0.913920,0.630764,0.552786,0.689247,0.000000,0.000000,0.000000,0.073777,0.000000,0.733409,0.190031,0.000000,0.517164,0.616340,0.458341,0.125515,0.018978,0.000000,0.037595,0.677108,0.437182,0.000000,0.488598,0.142110,0.585780,0.593641,0.264025,0.108598,0.928929,0.392352,0.174363,0.962234,0.844096,0.803796,0.368615,0.569599,0.447863,0.957633,0.577767,0.000000
uid711,0.091354,0.796131,0.000000,0.190031,0.000000,0.000000,0.037595,0.000000,0.249788,0.000000,0.142110,0.498303,0.000000,0.356401,0.073777,0.403884,0.000000,0.593641,0.000000,0.108598,0.728252,0.000000,0.000000,0.000000,0.392352,0.000000,0.305136,0.825103,0.125515,0.577767,0.000000,0.055859,0.018978,0.507824,0.220482,0.174363,0.331260,0.766870,0.000000,0.792187,0.000000,0.291694,0.818271,0.683236,0.458341,0.000000,0.722995,0.623621,0.000000,0.000000,0.552786,0.000000,0.544135,0.478705,0.000000,0.000000,0.000000
uid712,0.000000,0.689247,0.000000,0.000000,0.331260,0.517164,0.677108,0.569599,0.000000,0.000000,0.000000,0.000000,0.000000,0.561273,0.108598,0.000000,0.000000,0.000000,0.616340,0.142110,0.000000,0.000000,0.000000,0.000000,0.426295,0.000000,0.000000,0.478705,0.000000,0.544135,0.651389,0.205403,0.318323,0.291694,0.437182,0.403884,0.000000,0.073777,0.000000,0.235276,0.458341,0.174363,0.091354,0.037595,0.380597,0.000000,0.000000,0.498303,0.305136,0.000000,0.000000,0.000000,0.190031,0.000000,0.000000,0.264025,0.000000
uid713,0.392352,0.000000,0.331260,0.055859,0.637771,0.000000,0.291694,0.264025,0.220482,0.000000,0.108598,0.000000,0.000000,0.190031,0.000000,0.000000,0.000000,0.507824,0.277992,0.577767,0.000000,0.000000,0.717636,0.000000,0.073777,0.000000,0.343951,0.318323,0.000000,0.517164,0.000000,0.158391,0.091354,0.356401,0.174363,0.437182,0.000000,0.623621,0.205403,0.706606,0.000000,0.616340,0.000000,0.305136,0.142110,0.000000,0.037595,0.018978,0.249788,0.000000,0.498303,0.000000,0.125515,0.561273,0.000000,0.000000,0.000000
uid714,0.073777,0.834873,0.695145,0.190031,0.855598,0.930278,0.526327,0.792187,0.437182,0.000000,0.689247,0.569599,0.000000,0.796131,0.757763,0.000000,0.924724,0.108598,0.220482,0.264025,0.608918,0.000000,0.000000,0.037595,0.000000,0.000000,0.544135,0.091354,0.766870,0.018978,0.706606,0.205403,0.552786,0.142110,0.403884,0.318323,0.601353,0.277992,0.000000,0.889573,0.000000,0.415196,0.814755,0.331260,0.158391,0.000000,0.577767,0.343951,0.000000,0.841081,0.125515,0.000000,0.055859,0.249788,0.000000,0.807519,0.000000
uid715,0.249788,0.000000,0.277992,0.458341,0.000000,0.771294,0.743431,0.305136,0.108598,0.000000,0.738468,0.000000,0.623621,0.608918,0.517164,0.728252,0.000000,0.000000,0.091354,0.437182,0.174363,0.000000,0.000000,0.000000,0.637771,0.000000,0.331260,0.125515,0.000000,0.000000,0.018978,0.037595,0.616340,0.158391,0.264025,0.380597,0.000000,0.426295,0.000000,0.488598,0.700930,0.544135,0.318323,0.055859,0.142110,0.073777,0.403884,0.000000,0.000000,0.000000,0.000000,0.000000,0.415196,0.000000,0.000000,0.577767,0.000000
uid716,0.849958,0.637771,0.748300,0.000000,0.264025,0.000000,0.073777,0.000000,0.368615,0.000000,0.000000,0.000000,0.000000,0.037595,0.728252,0.771294,0.878470,0.561273,0.507824,0.018978,0.738468,0.000000,0.000000,0.000000,0.498303,0.000000,0.876119,0.478705,0.000000,0.468621,0.142110,0.125515,0.091354,0.630764,0.305136,0.291694,0.488598,0.108598,0.000000,0.623621,0.000000,0.220482,0.318323,0.055859,0.000000,0.535317,0.552786,0.000000,0.585780,0.569599,0.526327,0.426295,0.205403,0.415196,0.717636,0.825103,0.000000
uid717,0.498303,0.000000,0.658005,0.291694,0.220482,0.380597,0.447863,0.000000,0.544135,0.000000,0.037595,0.695145,0.000000,0.616340,0.000000,0.000000,0.000000,0.091354,0.637771,0.670862,0.000000,0.190031,0.000000,0.000000,0.651389,0.000000,0.174363,0.125515,0.000000,0.000000,0.000000,0.073777,0.356401,0.478705,0.018978,0.249788,0.000000,0.277992,0.368615,0.577767,0.158391,0.108598,0.623621,0.055859,0.331260,0.000000,0.488598,0.318323,0.415196,0.000000,0.000000,0.526327,0.392352,0.569599,0.000000,0.000000,0.601353
uid718,0.852805,0.000000,0.249788,0.717636,0.174363,0.517164,0.125515,0.800000,0.811172,0.000000,0.728252,0.535317,0.000000,0.000000,0.478705,0.878470,0.644645,0.868790,0.651389,0.091354,0.291694,0.415196,0.861027,0.569599,0.863665,0.000000,0.561273,0.447863,0.000000,0.616340,0.552786,0.018978,0.073777,0.437182,0.158391,0.108598,0.000000,0.142110,0.792187,0.356401,0.738468,0.055859,0.190031,0.458341,0.706606,0.000000,0.876119,0.403884,0.753077,0.000000,0.658005,0.670862,0.037595,0.903433,0.000000,0.825103,0.000000
uid719,0.608918,0.779892,0.458341,0.142110,0.670862,0.885259,0.526327,0.841081,0.585780,0.838006,0.796131,0.871280,0.000000,0.392352,0.235276,0.498303,0.748300,0.000000,0.651389,0.055859,0.415196,0.000000,0.000000,0.000000,0.818271,0.000000,0.728252,0.561273,0.000000,0.623621,0.403884,0.108598,0.447863,0.426295,0.637771,0.478705,0.000000,0.220482,0.000000,0.000000,0.000000,0.158391,0.018978,0.037595,0.825103,0.000000,0.601353,0.000000,0.535317,0.000000,0.291694,0.000000,0.125515,0.000000,0.318323,0.073777,0.000000
uid720,0.535317,0.000000,0.630764,0.392352,0.437182,0.955127,0.142110,0.305136,0.277992,0.000000,0.018978,0.616340,0.000000,0.220482,0.934172,0.331260,0.000000,0.552786,0.190031,0.738468,0.000000,0.000000,0.517164,0.000000,0.380597,0.000000,0.644645,0.108598,0.000000,0.753077,0.000000,0.055859,0.318323,0.235276,0.000000,0.623621,0.000000,0.803796,0.158391,0.498303,0.205403,0.779892,0.368615,0.073777,0.125515,0.000000,0.415196,0.403884,0.291694,0.000000,0.717636,0.871280,0.037595,0.593641,0.000000,0.091354,0.000000
uid721,0.000000,0.000000,0.000000,0.447863,0.318323,0.000000,0.343951,0.249788,0.108598,0.000000,0.000000,0.000000,0.000000,0.403884,0.000000,0.458341,0.000000,0.569599,0.055859,0.291694,0.158391,0.544135,0.000000,0.000000,0.593641,0.000000,0.535317,0.142110,0.000000,0.000000,0.264025,0.018978,0.526327,0.073777,0.000000,0.392352,0.000000,0.437182,0.000000,0.585780,0.000000,0.380597,0.331260,0.220482,0.125515,0.037595,0.000000,0.190031,0.000000,0.000000,0.000000,0.000000,0.277992,0.000000,0.000000,0.000000,0.468621
uid722,0.368615,0.000000,0.821720,0.831678,0.125515,0.658005,0.142110,0.205403,0.249788,0.788167,0.091354,0.838006,0.000000,0.403884,0.717636,0.000000,0.561273,0.000000,0.356401,0.637771,0.000000,0.000000,0.000000,0.000000,0.738468,0.000000,0.037595,0.190031,0.000000,0.683236,0.828422,0.108598,0.728252,0.593641,0.277992,0.343951,0.000000,0.415196,0.577767,0.000000,0.000000,0.055859,0.220482,0.779892,0.771294,0.000000,0.498303,0.018978,0.000000,0.073777,0.318323,0.000000,0.264025,0.000000,0.000000,0.331260,0.000000
uid723,0.800000,0.897720,0.000000,0.108598,0.637771,0.792187,0.205403,0.125515,0.158391,0.658005,0.841081,0.190031,0.380597,0.000000,0.811172,0.091354,0.677108,0.670862,0.887436,0.142110,0.458341,0.000000,0.000000,0.000000,0.403884,0.000000,0.392352,0.368615,0.000000,0.343951,0.447863,0.544135,0.318323,0.356401,0.426295,0.037595,0.000000,0.055859,0.000000,0.651389,0.762360,0.277992,0.018978,0.220482,0.733409,0.000000,0.942435,0.478705,0.000000,0.517164,0.814755,0.291694,0.585780,0.249788,0.000000,0.616340,0.000000
uid724,0.249788,0.000000,0.955978,0.220482,0.018978,0.895741,0.000000,0.235276,0.403884,0.937849,0.277992,0.488598,0.637771,0.037595,0.753077,0.142110,0.940186,0.939029,0.959226,0.498303,0.683236,0.000000,0.000000,0.000000,0.651389,0.000000,0.630764,0.291694,0.965684,0.593641,0.664495,0.055859,0.601353,0.108598,0.658005,0.158391,0.821720,0.205403,0.000000,0.458341,0.883039,0.125515,0.073777,0.305136,0.392352,0.000000,0.356401,0.689247,0.000000,0.000000,0.949660,0.368615,0.771294,0.437182,0.000000,0.792187,0.000000
uid725,0.380597,0.356401,0.000000,0.569599,0.544135,0.174363,0.235276,0.190031,0.000000,0.000000,0.018978,0.000000,0.000000,0.000000,0.616340,0.000000,0.403884,0.291694,0.318323,0.637771,0.695145,0.000000,0.000000,0.000000,0.507824,0.000000,0.426295,0.091354,0.000000,0.277992,0.000000,0.000000,0.108598,0.437182,0.205403,0.468621,0.000000,0.623621,0.125515,0.343951,0.037595,0.055859,0.630764,0.331260,0.415196,0.000000,0.000000,0.305136,0.249788,0.700930,0.000000,0.000000,0.158391,0.000000,0.000000,0.000000,0.000000
uid726,0.368615,0.000000,0.000000,0.000000,0.174363,0.000000,0.000000,0.000000,0.205403,0.356401,0.000000,0.158391,0.000000,0.073777,0.000000,0.142110,0.264025,0.277992,0.000000,0.447863,0.055859,0.000000,0.000000,0.000000,0.000000,0.000000,0.380597,0.000000,0.000000,0.000000,0.000000,0.018978,0.235276,0.091354,0.318323,0.000000,0.458341,0.000000,0.000000,0.220482,0.000000,0.000000,0.000000,0.343951,0.000000,0.000000,0.108598,0.000000,0.000000,0.000000,0.000000,0.000000,0.000000,0.426295,0.000000,0.190031,0.000000
uid727,0.000000,0.847055,0.158391,0.488598,0.526327,0.792187,0.235276,0.249788,0.356401,0.000000,0.220482,0.000000,0.000000,0.264025,0.000000,0.637771,0.855598,0.695145,0.368615,0.000000,0.000000,0.689247,0.447863,0.000000,0.748300,0.000000,0.190031,0.305136,0.000000,0.844096,0.000000,0.415196,0.753077,0.055859,0.037595,0.108598,0.664495,0.498303,0.403884,0.458341,0.728252,0.616340,0.205403,0.091354,0.018978,0.000000,0.174363,0.125515,0.291694,0.000000,0.000000,0.000000,0.331260,0.000000,0.000000,0.000000,0.717636
uid728,0.000000,0.000000,0.535317,0.318323,0.651389,0.000000,0.205403,0.174363,0.142110,0.000000,0.000000,0.000000,0.277992,0.091354,0.447863,0.561273,0.000000,0.000000,0.190031,0.000000,0.368615,0.000000,0.000000,0.000000,0.305136,0.000000,0.291694,0.235276,0.000000,0.569599,0.356401,0.037595,0.380597,0.249788,0.073777,0.544135,0.000000,0.000000,0.158391,0.000000,0.000000,0.343951,0.468621,0.220482,0.055859,0.000000,0.000000,0.403884,0.108598,0.000000,0.000000,0.000000,0.018978,0.000000,0.437182,0.000000,0.000000
uid729,0.000000,0.000000,0.000000,0.000000,0.458341,0.000000,0.331260,0.291694,0.318323,0.000000,0.190031,0.108598,0.000000,0.235276,0.073777,0.000000,0.000000,0.488598,0.343951,0.000000,0.000000,0.158391,0.000000,0.000000,0.552786,0.000000,0.403884,0.018978,0.000000,0.000000,0.000000,0.249788,0.415196,0.091354,0.220482,0.000000,0.000000,0.000000,0.305136,0.569599,0.000000,0.000000,0.468621,0.055859,0.205403,0.544135,0.000000,0.426295,0.264025,0.000000,0.000000,0.000000,0.125515,0.000000,0.000000,0.000000,0.517164
uid730,0.331260,0.437182,0.658005,0.037595,0.507824,0.000000,0.415196,0.091354,0.577767,0.000000,0.380597,0.000000,0.000000,0.125515,0.249788,0.689247,0.291694,0.000000,0.235276,0.158391,0.616340,0.000000,0.000000,0.000000,0.403884,0.000000,0.488598,0.205403,0.000000,0.000000,0.264025,0.468621,0.277992,0.651389,0.055859,0.073777,0.000000,0.318323,0.000000,0.426295,0.000000,0.220482,0.190031,0.018978,0.000000,0.000000,0.305136,0.174363,0.706606,0.458341,0.356401,0.000000,0.108598,0.000000,0.608918,0.142110,0.000000
uid731,0.073777,0.784069,0.468621,0.488598,0.249788,0.569599,0.000000,0.392352,0.190031,0.380597,0.220482,0.507824,0.000000,0.728252,0.766870,0.000000,0.743431,0.000000,0.577767,0.712174,0.000000,0.000000,0.000000,0.000000,0.356401,0.000000,0.000000,0.142110,0.000000,0.517164,0.426295,0.205403,0.037595,0.174363,0.343951,0.158391,0.000000,0.623621,0.644645,0.125515,0.000000,0.000000,0.415196,0.318323,0.305136,0.000000,0.091354,0.677108,0.018978,0.000000,0.722995,0.000000,0.291694,0.000000,0.000000,0.055859,0.000000
uid732,0.535317,0.000000,0.959226,0.644645,0.478705,0.190031,0.264025,0.174363,0.249788,0.950615,0.055859,0.277992,0.637771,0.305136,0.728252,0.855598,0.949660,0.951553,0.958437,0.291694,0.677108,0.000000,0.000000,0.000000,0.651389,0.000000,0.630764,0.091354,0.970561,0.415196,0.670862,0.018978,0.073777,0.507824,0.205403,0.803796,0.821720,0.601353,0.125515,0.569599,0.037595,0.000000,0.738468,0.318323,0.517164,0.000000,0.468621,0.706606,0.235276,0.899661,0.973758,0.392352,0.142110,0.356401,0.000000,0.792187,0.000000
uid733,0.091354,0.577767,0.535317,0.305136,0.608918,0.844096,0.205403,0.277992,0.670862,0.753077,0.142110,0.814755,0.000000,0.318323,0.415196,0.561273,0.018978,0.000000,0.392352,0.331260,0.478705,0.000000,0.000000,0.000000,0.190031,0.000000,0.601353,0.368615,0.000000,0.220482,0.426295,0.623621,0.000000,0.507824,0.108598,0.291694,0.000000,0.073777,0.000000,0.174363,0.000000,0.403884,0.380597,0.249788,0.695145,0.000000,0.037595,0.356401,0.000000,0.585780,0.125515,0.000000,0.264025,0.000000,0.437182,0.343951,0.000000
uid734,0.108598,0.000000,0.601353,0.037595,0.670862,0.000000,0.000000,0.380597,0.125515,0.249788,0.000000,0.000000,0.356401,0.561273,0.517164,0.664495,0.000000,0.220482,0.000000,0.264025,0.190031,0.000000,0.000000,0.000000,0.368615,0.000000,0.055859,0.343951,0.000000,0.000000,0.091354,0.277992,0.018978,0.158391,0.000000,0.142110,0.000000,0.535317,0.000000,0.544135,0.000000,0.205403,0.235276,0.403884,0.000000,0.000000,0.000000,0.073777,0.000000,0.000000,0.000000,0.000000,0.458341,0.000000,0.658005,0.498303,0.000000
uid735,0.235276,0.000000,0.000000,0.811172,0.000000,0.055859,0.507824,0.544135,0.018978,0.601353,0.380597,0.447863,0.552786,0.000000,0.695145,0.526327,0.000000,0.000000,0.403884,0.108598,0.616340,0.125515,0.000000,0.825103,0.762360,0.743431,0.722995,0.190031,0.000000,0.775634,0.821720,0.291694,0.249788,0.368615,0.037595,0.818271,0.766870,0.305136,0.000000,0.174363,0.000000,0.831678,0.073777,0.142110,0.535317,0.644645,0.331260,0.205403,0.683236,0.670862,0.458341,0.426295,0.468621,0.738468,0.000000,0.158391,0.264025
uid736,0.818271,0.000000,0.000000,0.637771,0.552786,0.305136,0.517164,0.683236,0.762360,0.000000,0.677108,0.264025,0.000000,0.478705,0.318323,0.866252,0.174363,0.368615,0.658005,0.535317,0.689247,0.331260,0.811172,0.018978,0.880777,0.000000,0.125515,0.235276,0.000000,0.158391,0.000000,0.073777,0.190031,0.277992,0.561273,0.055859,0.000000,0.526327,0.670862,0.108598,0.873723,0.091354,0.585780,0.220482,0.630764,0.883039,0.426295,0.205403,0.757763,0.000000,0.722995,0.644645,0.291694,0.437182,0.000000,0.876119,0.000000
uid737,0.037595,0.000000,0.000000,0.125515,0.000000,0.235276,0.700930,0.743431,0.249788,0.000000,0.738468,0.000000,0.000000,0.108598,0.000000,0.000000,0.174363,0.331260,0.722995,0.318323,0.753077,0.291694,0.000000,0.608918,0.142110,0.000000,0.630764,0.018978,0.000000,0.658005,0.601353,0.158391,0.403884,0.055859,0.000000,0.593641,0.000000,0.368615,0.748300,0.458341,0.796131,0.585780,0.264025,0.468621,0.706606,0.498303,0.552786,0.437182,0.569599,0.526327,0.507824,0.712174,0.000000,0.000000,0.000000,0.447863,0.356401
uid738,0.205403,0.000000,0.000000,0.190031,0.000000,0.873723,0.318323,0.403884,0.000000,0.757763,0.174363,0.091354,0.664495,0.000000,0.526327,0.717636,0.821720,0.000000,0.158391,0.844096,0.356401,0.831678,0.000000,0.775634,0.585780,0.569599,0.220482,0.055859,0.000000,0.392352,0.535317,0.498303,0.305136,0.000000,0.142110,0.249788,0.593641,0.000000,0.426295,0.753077,0.488598,0.478705,0.000000,0.291694,0.235276,0.000000,0.018978,0.722995,0.695145,0.000000,0.277992,0.108598,0.331260,0.601353,0.000000,0.000000,0.000000
uid739,0.779892,0.918728,0.000000,0.108598,0.637771,0.771294,0.930278,0.125515,0.264025,0.601353,0.825103,0.174363,0.318323,0.018978,0.792187,0.091354,0.651389,0.608918,0.912255,0.235276,0.403884,0.000000,0.000000,0.000000,0.343951,0.000000,0.331260,0.305136,0.000000,0.277992,0.392352,0.478705,0.249788,0.291694,0.356401,0.037595,0.866252,0.055859,0.000000,0.616340,0.738468,0.205403,0.000000,0.142110,0.712174,0.000000,0.849958,0.426295,0.000000,0.488598,0.784069,0.220482,0.544135,0.190031,0.000000,0.585780,0.000000
uid740,0.108598,0.000000,0.000000,0.447863,0.142110,0.651389,0.037595,0.000000,0.190031,0.847055,0.000000,0.722995,0.000000,0.426295,0.689247,0.498303,0.849958,0.855598,0.000000,0.683236,0.861027,0.000000,0.000000,0.000000,0.488598,0.000000,0.392352,0.055859,0.000000,0.733409,0.000000,0.264025,0.478705,0.091354,0.593641,0.343951,0.403884,0.235276,0.000000,0.277992,0.616340,0.356401,0.779892,0.018978,0.205403,0.000000,0.125515,0.630764,0.000000,0.000000,0.700930,0.158391,0.664495,0.249788,0.000000,0.818271,0.000000
uid741,0.000000,0.249788,0.000000,0.091354,0.343951,0.000000,0.392352,0.235276,0.437182,0.658005,0.368615,0.000000,0.037595,0.220482,0.000000,0.000000,0.000000,0.000000,0.569599,0.000000,0.158391,0.000000,0.000000,0.000000,0.073777,0.000000,0.055859,0.018978,0.000000,0.478705,0.174363,0.318323,0.142110,0.000000,0.108598,0.535317,0.000000,0.000000,0.000000,0.000000,0.000000,0.125515,0.426295,0.644645,0.623621,0.000000,0.608918,0.205403,0.000000,0.277992,0.000000,0.000000,0.458341,0.000000,0.544135,0.000000,0.000000
uid742,0.844096,0.000000,0.235276,0.158391,0.757763,0.468621,0.249788,0.847055,0.873723,0.000000,0.849958,0.447863,0.000000,0.722995,0.478705,0.901565,0.593641,0.658005,0.091354,0.108598,0.220482,0.018978,0.841081,0.526327,0.910557,0.000000,0.569599,0.403884,0.000000,0.000000,0.507824,0.552786,0.205403,0.380597,0.125515,0.190031,0.000000,0.748300,0.868790,0.305136,0.895741,0.291694,0.331260,0.437182,0.670862,0.913920,0.814755,0.392352,0.779892,0.000000,0.055859,0.073777,0.458341,0.706606,0.000000,0.891668,0.000000
uid743,0.055859,0.630764,0.811172,0.331260,0.712174,0.000000,0.585780,0.343951,0.125515,0.000000,0.552786,0.018978,0.000000,0.368615,0.468621,0.821720,0.488598,0.000000,0.447863,0.249788,0.091354,0.000000,0.000000,0.000000,0.569599,0.000000,0.264025,0.415196,0.000000,0.277992,0.458341,0.700930,0.000000,0.073777,0.205403,0.318323,0.174363,0.235276,0.000000,0.577767,0.000000,0.437182,0.426295,0.291694,0.000000,0.000000,0.037595,0.403884,0.000000,0.689247,0.535317,0.000000,0.356401,0.142110,0.771294,0.380597,0.000000
uid744,0.000000,0.000000,0.000000,0.318323,0.000000,0.000000,0.055859,0.426295,0.000000,0.000000,0.000000,0.037595,0.277992,0.073777,0.000000,0.000000,0.000000,0.000000,0.000000,0.018978,0.368615,0.000000,0.000000,0.000000,0.305136,0.000000,0.291694,0.264025,0.000000,0.235276,0.356401,0.468621,0.205403,0.249788,0.331260,0.000000,0.000000,0.000000,0.000000,0.000000,0.000000,0.158391,0.000000,0.091354,0.000000,0.000000,0.000000,0.403884,0.000000,0.437182,0.000000,0.174363,0.517164,0.142110,0.000000,0.000000,0.000000
uid745,0.000000,0.415196,0.630764,0.792187,0.018978,0.733409,0.249788,0.712174,0.447863,0.000000,0.585780,0.526327,0.807519,0.091354,0.908827,0.800000,0.403884,0.125515,0.190031,0.468621,0.838006,0.174363,0.000000,0.000000,0.220482,0.000000,0.108598,0.037595,0.000000,0.277992,0.834873,0.623621,0.158391,0.771294,0.728252,0.593641,0.000000,0.779892,0.706606,0.235276,0.677108,0.264025,0.205403,0.073777,0.426295,0.000000,0.871280,0.142110,0.717636,0.000000,0.000000,0.498303,0.722995,0.552786,0.000000,0.913920,0.055859
uid746,0.000000,0.677108,0.651389,0.220482,0.380597,0.125515,0.205403,0.526327,0.717636,0.142110,0.953374,0.000000,0.000000,0.728252,0.000000,0.478705,0.863665,0.577767,0.507824,0.535317,0.037595,0.190031,0.637771,0.000000,0.055859,0.000000,0.018978,0.415196,0.000000,0.305136,0.488598,0.235276,0.392352,0.249788,0.544135,0.437182,0.849958,0.757763,0.934172,0.585780,0.000000,0.291694,0.091354,0.318323,0.356401,0.811172,0.368615,0.630764,0.073777,0.458341,0.847055,0.932899,0.158391,0.174363,0.000000,0.108598,0.921784
uid747,0.800000,0.943527,0.108598,0.478705,0.585780,0.380597,0.125515,0.753077,0.748300,0.000000,0.700930,0.356401,0.000000,0.018978,0.392352,0.855598,0.948686,0.437182,0.488598,0.526327,0.091354,0.264025,0.000000,0.000000,0.932899,0.000000,0.779892,0.318323,0.000000,0.468621,0.000000,0.498303,0.055859,0.277992,0.593641,0.073777,0.000000,0.037595,0.743431,0.190031,0.889573,0.158391,0.220482,0.305136,0.000000,0.000000,0.677108,0.291694,0.733409,0.000000,0.426295,0.000000,0.368615,0.517164,0.000000,0.000000,0.913920
uid748,0.788167,0.000000,0.569599,0.766870,0.712174,0.507824,0.000000,0.792187,0.893724,0.000000,0.849958,0.488598,0.000000,0.670862,0.037595,0.855598,0.426295,0.800000,0.108598,0.706606,0.158391,0.526327,0.796131,0.318323,0.249788,0.190031,0.125515,0.018978,0.000000,0.403884,0.291694,0.356401,0.055859,0.478705,0.205403,0.305136,0.264025,0.700930,0.891668,0.368615,0.847055,0.343951,0.623621,0.447863,0.880777,0.913920,0.220482,0.437182,0.753077,0.000000,0.000000,0.000000,0.142110,0.174363,0.000000,0.844096,0.000000
uid749,0.356401,0.000000,0.000000,0.000000,0.380597,0.174363,0.318323,0.018978,0.415196,0.000000,0.055859,0.544135,0.637771,0.552786,0.748300,0.000000,0.000000,0.000000,0.000000,0.517164,0.689247,0.000000,0.000000,0.000000,0.651389,0.000000,0.658005,0.108598,0.000000,0.623621,0.683236,0.091354,0.125515,0.343951,0.205403,0.818271,0.000000,0.447863,0.142110,0.478705,0.037595,0.073777,0.753077,0.277992,0.426295,0.000000,0.392352,0.700930,0.249788,0.000000,0.000000,0.368615,0.235276,0.437182,0.000000,0.796131,0.000000
uid750,0.722995,0.935422,0.901565,0.331260,0.670862,0.695145,0.037595,0.426295,0.000000,0.880777,0.733409,0.073777,0.277992,0.055859,0.488598,0.779892,0.883039,0.876119,0.910557,0.018978,0.368615,0.000000,0.000000,0.000000,0.305136,0.000000,0.291694,0.264025,0.927554,0.235276,0.356401,0.552786,0.205403,0.249788,0.318323,0.630764,0.743431,0.478705,0.000000,0.561273,0.658005,0.158391,0.507824,0.091354,0.623621,0.000000,0.814755,0.392352,0.000000,0.000000,0.000000,0.174363,0.544135,0.142110,0.000000,0.577767,0.000000
uid751,0.664495,0.000000,0.000000,0.108598,0.821720,0.577767,0.249788,0.683236,0.468621,0.796131,0.498303,0.717636,0.000000,0.800000,0.858339,0.000000,0.828422,0.517164,0.264025,0.608918,0.426295,0.616340,0.000000,0.205403,0.000000,0.000000,0.055859,0.535317,0.000000,0.507824,0.091354,0.291694,0.125515,0.722995,0.552786,0.037595,0.757763,0.331260,0.158391,0.644645,0.000000,0.018978,0.585780,0.000000,0.073777,0.000000,0.728252,0.343951,0.000000,0.437182,0.700930,0.174363,0.380597,0.392352,0.000000,0.630764,0.658005
uid752,0.037595,0.331260,0.561273,0.803796,0.608918,0.000000,0.277992,0.644645,0.664495,0.858339,0.220482,0.174363,0.000000,0.526327,0.055859,0.585780,0.876119,0.000000,0.415196,0.073777,0.000000,0.000000,0.000000,0.000000,0.852805,0.000000,0.142110,0.380597,0.000000,0.205403,0.426295,0.018978,0.249788,0.158391,0.677108,0.190031,0.000000,0.757763,0.000000,0.305136,0.000000,0.403884,0.392352,0.318323,0.235276,0.000000,0.834873,0.447863,0.000000,0.468621,0.091354,0.000000,0.000000,0.108598,0.717636,0.000000,0.000000
uid753,0.844096,0.000000,0.000000,0.190031,0.447863,0.748300,0.037595,0.403884,0.291694,0.000000,0.108598,0.784069,0.000000,0.498303,0.000000,0.125515,0.000000,0.677108,0.264025,0.779892,0.318323,0.651389,0.000000,0.838006,0.205403,0.000000,0.637771,0.331260,0.000000,0.828422,0.415196,0.343951,0.000000,0.018978,0.091354,0.507824,0.000000,0.517164,0.738468,0.689247,0.073777,0.468621,0.158391,0.356401,0.305136,0.249788,0.174363,0.142110,0.585780,0.000000,0.000000,0.814755,0.757763,0.807519,0.000000,0.055859,0.608918
uid754,0.664495,0.000000,0.960000,0.623621,0.828422,0.800000,0.343951,0.305136,0.318323,0.000000,0.174363,0.142110,0.903433,0.249788,0.957633,0.593641,0.000000,0.000000,0.331260,0.695145,0.458341,0.841081,0.000000,0.658005,0.630764,0.000000,0.834873,0.356401,0.969992,0.644645,0.517164,0.018978,0.091354,0.392352,0.235276,0.158391,0.000000,0.926153,0.291694,0.855598,0.577767,0.733409,0.601353,0.368615,0.220482,0.380597,0.125515,0.498303,0.264025,0.000000,0.000000,0.738468,0.073777,0.108598,0.973250,0.561273,0.818271
uid755,0.561273,0.000000,0.000000,0.000000,0.125515,0.468621,0.174363,0.331260,0.601353,0.962234,0.343951,0.700930,0.784069,0.277992,0.841081,0.291694,0.683236,0.961504,0.000000,0.689247,0.807519,0.000000,0.000000,0.000000,0.779892,0.000000,0.775634,0.392352,0.000000,0.757763,0.800000,0.037595,0.426295,0.220482,0.478705,0.055859,0.889573,0.018978,0.415196,0.644645,0.356401,0.235276,0.142110,0.091354,0.108598,0.000000,0.585780,0.073777,0.488598,0.000000,0.677108,0.577767,0.447863,0.630764,0.000000,0.868790,0.000000
uid756,0.318323,0.000000,0.205403,0.073777,0.651389,0.878470,0.517164,0.498303,0.478705,0.000000,0.392352,0.923268,0.942435,0.437182,0.000000,0.706606,0.000000,0.055859,0.125515,0.174363,0.905265,0.000000,0.000000,0.695145,0.784069,0.000000,0.249788,0.000000,0.000000,0.037595,0.915553,0.158391,0.637771,0.091354,0.305136,0.264025,0.000000,0.535317,0.447863,0.000000,0.757763,0.593641,0.331260,0.291694,0.018978,0.895741,0.368615,0.356401,0.468621,0.000000,0.108598,0.931601,0.380597,0.190031,0.000000,0.748300,0.000000
uid757,0.728252,0.000000,0.664495,0.517164,0.368615,0.907063,0.174363,0.331260,0.305136,0.000000,0.055859,0.000000,0.000000,0.190031,0.577767,0.091354,0.000000,0.771294,0.220482,0.630764,0.593641,0.000000,0.000000,0.000000,0.488598,0.000000,0.811172,0.142110,0.717636,0.478705,0.561273,0.018978,0.158391,0.291694,0.073777,0.437182,0.849958,0.000000,0.125515,0.000000,0.356401,0.380597,0.343951,0.205403,0.037595,0.000000,0.392352,0.535317,0.318323,0.000000,0.818271,0.000000,0.000000,0.000000,0.526327,0.108598,0.000000
uid758,0.488598,0.913920,0.526327,0.091354,0.561273,0.000000,0.517164,0.889573,0.018978,0.585780,0.458341,0.073777,0.000000,0.415196,0.174363,0.644645,0.616340,0.608918,0.779892,0.220482,0.000000,0.000000,0.000000,0.000000,0.000000,0.000000,0.601353,0.468621,0.825103,0.738468,0.775634,0.277992,0.498303,0.437182,0.380597,0.478705,0.055859,0.158391,0.000000,0.291694,0.000000,0.249788,0.190031,0.125515,0.748300,0.866252,0.356401,0.899661,0.000000,0.915553,0.700930,0.544135,0.264025,0.037595,0.000000,0.331260,0.000000
uid759,0.569599,0.000000,0.000000,0.392352,0.305136,0.000000,0.000000,0.000000,0.585780,0.000000,0.142110,0.091354,0.000000,0.507824,0.458341,0.018978,0.000000,0.000000,0.000000,0.037595,0.552786,0.000000,0.000000,0.000000,0.343951,0.000000,0.205403,0.468621,0.000000,0.478705,0.000000,0.437182,0.125515,0.073777,0.000000,0.000000,0.000000,0.264025,0.000000,0.000000,0.291694,0.108598,0.380597,0.447863,0.235276,0.000000,0.000000,0.220482,0.000000,0.526327,0.249788,0.000000,0.190031,0.055859,0.000000,0.174363,0.000000
uid760,0.623621,0.901565,0.796131,0.356401,0.468621,0.000000,0.392352,0.000000,0.158391,0.498303,0.771294,0.577767,0.000000,0.437182,0.728252,0.343951,0.526327,0.264025,0.800000,0.235276,0.018978,0.000000,0.000000,0.000000,0.000000,0.000000,0.091354,0.779892,0.844096,0.205403,0.807519,0.055859,0.593641,0.380597,0.190031,0.766870,0.664495,0.569599,0.000000,0.488598,0.000000,0.037595,0.908827,0.403884,0.775634,0.883039,0.608918,0.291694,0.000000,0.000000,0.368615,0.000000,0.142110,0.174363,0.000000,0.458341,0.000000
uid761,0.544135,0.000000,0.940186,0.142110,0.392352,0.664495,0.277992,0.878470,0.190031,0.000000,0.585780,0.728252,0.889573,0.644645,0.920271,0.037595,0.000000,0.000000,0.942435,0.158391,0.343951,0.000000,0.000000,0.000000,0.331260,0.000000,0.458341,0.318323,0.950615,0.055859,0.803796,0.091354,0.498303,0.205403,0.125515,0.291694,0.593641,0.712174,0.000000,0.924724,0.517164,0.073777,0.910557,0.834873,0.447863,0.811172,0.775634,0.220482,0.000000,0.437182,0.415196,0.868790,0.264025,0.235276,0.000000,0.907063,0.000000
uid762,0.318323,0.000000,0.762360,0.220482,0.000000,0.000000,0.205403,0.000000,0.018978,0.000000,0.683236,0.291694,0.000000,0.738468,0.623621,0.037595,0.000000,0.125515,0.000000,0.055859,0.356401,0.000000,0.000000,0.000000,0.000000,0.000000,0.264025,0.000000,0.585780,0.235276,0.700930,0.108598,0.343951,0.174363,0.091354,0.664495,0.415196,0.426295,0.000000,0.000000,0.000000,0.249788,0.733409,0.277992,0.689247,0.000000,0.331260,0.073777,0.000000,0.478705,0.000000,0.000000,0.498303,0.403884,0.712174,0.000000,0.000000
uid763,0.305136,0.000000,0.000000,0.205403,0.526327,0.000000,0.249788,0.000000,0.108598,0.552786,0.437182,0.403884,0.000000,0.478705,0.343951,0.190031,0.569599,0.073777,0.000000,0.055859,0.585780,0.000000,0.000000,0.000000,0.700930,0.000000,0.264025,0.677108,0.000000,0.037595,0.000000,0.142110,0.468621,0.220482,0.000000,0.426295,0.000000,0.608918,0.000000,0.535317,0.000000,0.158391,0.644645,0.277992,0.458341,0.000000,0.664495,0.125515,0.000000,0.000000,0.235276,0.000000,0.318323,0.380597,0.651389,0.507824,0.000000
uid764,0.577767,0.000000,0.788167,0.637771,0.526327,0.000000,0.018978,0.037595,0.356401,0.158391,0.630764,0.000000,0.125515,0.331260,0.000000,0.055859,0.437182,0.664495,0.264025,0.000000,0.220482,0.743431,0.000000,0.000000,0.535317,0.000000,0.426295,0.249788,0.000000,0.000000,0.000000,0.343951,0.447863,0.108598,0.000000,0.291694,0.488598,0.368615,0.000000,0.091354,0.000000,0.235276,0.706606,0.073777,0.000000,0.000000,0.277992,0.190031,0.000000,0.757763,0.142110,0.800000,0.658005,0.728252,0.000000,0.000000,0.498303
uid765,0.220482,0.544135,0.000000,0.677108,0.073777,0.000000,0.000000,0.000000,0.158391,0.000000,0.018978,0.331260,0.000000,0.447863,0.000000,0.670862,0.000000,0.623621,0.000000,0.437182,0.000000,0.000000,0.000000,0.000000,0.000000,0.000000,0.700930,0.037595,0.000000,0.318323,0.000000,0.264025,0.458341,0.125515,0.593641,0.000000,0.000000,0.108598,0.000000,0.277992,0.000000,0.343951,0.569599,0.055859,0.091354,0.000000,0.249788,0.644645,0.000000,0.000000,0.689247,0.235276,0.000000,0.142110,0.000000,0.000000,0.000000
uid766,0.073777,0.000000,0.000000,0.706606,0.811172,0.000000,0.608918,0.935422,0.934172,0.000000,0.577767,0.000000,0.000000,0.174363,0.380597,0.844096,0.775634,0.277992,0.415196,0.235276,0.458341,0.651389,0.000000,0.728252,0.517164,0.468621,0.018978,0.426295,0.000000,0.658005,0.569599,0.561273,0.220482,0.037595,0.142110,0.091354,0.526327,0.190031,0.931601,0.748300,0.593641,0.738468,0.125515,0.158391,0.108598,0.249788,0.264025,0.356401,0.318323,0.291694,0.205403,0.677108,0.447863,0.478705,0.000000,0.000000,0.000000
uid767,0.091354,0.000000,0.000000,0.403884,0.392352,0.913920,0.577767,0.468621,0.561273,0.000000,0.478705,0.331260,0.000000,0.526327,0.000000,0.748300,0.000000,0.235276,0.585780,0.000000,0.658005,0.885259,0.608918,0.788167,0.771294,0.000000,0.018978,0.426295,0.000000,0.784069,0.695145,0.220482,0.264025,0.055859,0.158391,0.037595,0.000000,0.834873,0.552786,0.458341,0.733409,0.807519,0.125515,0.108598,0.142110,0.616340,0.205403,0.190031,0.356401,0.000000,0.000000,0.000000,0.291694,0.318323,0.000000,0.728252,0.868790
uid768,0.174363,0.000000,0.125515,0.235276,0.000000,0.000000,0.055859,0.000000,0.000000,0.000000,0.158391,0.000000,0.000000,0.000000,0.220482,0.000000,0.000000,0.000000,0.000000,0.000000,0.000000,0.000000,0.000000,0.000000,0.000000,0.000000,0.000000,0.108598,0.000000,0.000000,0.000000,0.000000,0.073777,0.000000,0.000000,0.142110,0.000000,0.264025,0.000000,0.000000,0.000000,0.000000,0.205403,0.190031,0.000000,0.000000,0.000000,0.000000,0.000000,0.000000,0.000000,0.091354,0.000000,0.000000,0.000000,0.000000,0.000000
uid769,0.235276,0.108598,0.018978,0.174363,0.125515,0.000000,0.158391,0.000000,0.264025,0.000000,0.000000,0.000000,0.000000,0.000000,0.000000,0.000000,0.000000,0.318323,0.000000,0.331260,0.000000,0.392352,0.073777,0.000000,0.000000,0.000000,0.000000,0.000000,0.000000,0.000000,0.000000,0.000000,0.220482,0.000000,0.343951,0.091354,0.000000,0.000000,0.000000,0.380597,0.000000,0.037595,0.356401,0.249788,0.277992,0.000000,0.000000,0.055859,0.000000,0.000000,0.000000,0.000000,0.000000,0.000000,0.000000,0.403884,0.000000
uid770,0.356401,0.392352,0.000000,0.601353,0.000000,0.861027,0.235276,0.670862,0.403884,0.000000,0.677108,0.458341,0.593641,0.125515,0.000000,0.834873,0.415196,0.220482,0.091354,0.437182,0.637771,0.142110,0.000000,0.000000,0.190031,0.000000,0.055859,0.037595,0.000000,0.291694,0.630764,0.762360,0.158391,0.577767,0.616340,0.792187,0.807519,0.753077,0.000000,0.205403,0.000000,0.277992,0.108598,0.073777,0.426295,0.000000,0.717636,0.174363,0.000000,0.000000,0.868790,0.526327,0.000000,0.507824,0.000000,0.000000,0.018978
uid771,0.356401,0.447863,0.264025,0.235276,0.220482,0.343951,0.478705,0.000000,0.331260,0.000000,0.055859,0.249788,0.000000,0.000000,0.000000,0.000000,0.000000,0.000000,0.585780,0.403884,0.000000,0.000000,0.000000,0.000000,0.000000,0.000000,0.000000,0.205403,0.000000,0.277992,0.190031,0.073777,0.108598,0.018978,0.368615,0.000000,0.000000,0.000000,0.158391,0.415196,0.000000,0.593641,0.037595,0.426295,0.000000,0.000000,0.000000,0.318323,0.000000,0.000000,0.380597,0.000000,0.577767,0.000000,0.552786,0.000000,0.000000
uid772,0.670862,0.932899,0.403884,0.728252,0.722995,0.593641,0.091354,0.855598,0.849958,0.000000,0.055859,0.585780,0.000000,0.762360,0.601353,0.796131,0.331260,0.927554,0.743431,0.962234,0.415196,0.507824,0.000000,0.220482,0.834873,0.000000,0.277992,0.073777,0.000000,0.343951,0.018978,0.000000,0.356401,0.535317,0.651389,0.249788,0.000000,0.908827,0.852805,0.305136,0.108598,0.264025,0.488598,0.544135,0.037595,0.873723,0.689247,0.125515,0.142110,0.000000,0.959226,0.000000,0.577767,0.000000,0.000000,0.818271,0.000000
uid773,0.108598,0.158391,0.000000,0.561273,0.517164,0.577767,0.000000,0.861027,0.249788,0.855598,0.821720,0.291694,0.000000,0.318323,0.000000,0.664495,0.205403,0.055859,0.125515,0.277992,0.000000,0.000000,0.000000,0.000000,0.507824,0.000000,0.235276,0.174363,0.000000,0.018978,0.000000,0.644645,0.403884,0.437182,0.498303,0.488598,0.000000,0.000000,0.717636,0.142110,0.526327,0.037595,0.792187,0.073777,0.220482,0.000000,0.841081,0.091354,0.000000,0.000000,0.677108,0.392352,0.803796,0.343951,0.796131,0.000000,0.000000
uid774,0.091354,0.000000,0.000000,0.318323,0.526327,0.000000,0.000000,0.000000,0.368615,0.585780,0.125515,0.205403,0.000000,0.426295,0.220482,0.415196,0.561273,0.517164,0.000000,0.249788,0.000000,0.000000,0.000000,0.000000,0.437182,0.000000,0.235276,0.000000,0.000000,0.174363,0.000000,0.073777,0.108598,0.190031,0.000000,0.158391,0.447863,0.000000,0.000000,0.507824,0.000000,0.331260,0.000000,0.552786,0.000000,0.000000,0.000000,0.000000,0.000000,0.000000,0.018978,0.000000,0.142110,0.055859,0.000000,0.577767,0.000000
uid775,0.000000,0.000000,0.000000,0.277992,0.174363,0.488598,0.577767,0.392352,0.000000,0.637771,0.458341,0.000000,0.249788,0.380597,0.000000,0.000000,0.000000,0.000000,0.158391,0.000000,0.356401,0.000000,0.000000,0.000000,0.235276,0.000000,0.264025,0.220482,0.000000,0.000000,0.331260,0.018978,0.305136,0.205403,0.055859,0.125515,0.000000,0.000000,0.478705,0.000000,0.437182,0.073777,0.037595,0.608918,0.601353,0.000000,0.593641,0.343951,0.535317,0.000000,0.000000,0.000000,0.142110,0.000000,0.091354,0.000000,0.000000
uid776,0.000000,0.000000,0.000000,0.305136,0.585780,0.000000,0.037595,0.426295,0.000000,0.593641,0.000000,0.055859,0.291694,0.073777,0.000000,0.644645,0.623621,0.616340,0.000000,0.018978,0.356401,0.000000,0.000000,0.000000,0.318323,0.000000,0.277992,0.264025,0.000000,0.235276,0.343951,0.468621,0.205403,0.249788,0.331260,0.000000,0.000000,0.658005,0.000000,0.601353,0.000000,0.174363,0.000000,0.091354,0.000000,0.000000,0.000000,0.392352,0.000000,0.437182,0.000000,0.158391,0.507824,0.190031,0.000000,0.552786,0.000000
uid777,0.380597,0.368615,0.000000,0.616340,0.458341,0.174363,0.249788,0.190031,0.658005,0.000000,0.000000,0.670862,0.593641,0.507824,0.852805,0.000000,0.426295,0.305136,0.343951,0.664495,0.637771,0.526327,0.000000,0.000000,0.552786,0.000000,0.403884,0.073777,0.000000,0.277992,0.630764,0.055859,0.108598,0.569599,0.205403,0.000000,0.000000,0.821720,0.091354,0.331260,0.018978,0.037595,0.517164,0.318323,0.415196,0.000000,0.792187,0.291694,0.220482,0.000000,0.000000,0.717636,0.158391,0.712174,0.000000,0.876119,0.437182
uid778,0.000000,0.000000,0.343951,0.000000,0.000000,0.000000,0.305136,0.000000,0.000000,0.000000,0.000000,0.000000,0.000000,0.000000,0.000000,0.000000,0.000000,0.000000,0.073777,0.000000,0.158391,0.000000,0.000000,0.000000,0.235276,0.142110,0.091354,0.055859,0.000000,0.000000,0.000000,0.000000,0.018978,0.000000,0.190031,0.264025,0.205403,0.000000,0.000000,0.368615,0.000000,0.356401,0.392352,0.000000,0.000000,0.000000,0.174363,0.000000,0.000000,0.000000,0.000000,0.000000,0.125515,0.108598,0.000000,0.000000,0.000000
uid779,0.689247,0.000000,0.803796,0.593641,0.488598,0.000000,0.343951,0.700930,0.825103,0.918728,0.291694,0.658005,0.000000,0.426295,0.000000,0.771294,0.924724,0.608918,0.108598,0.517164,0.018978,0.000000,0.706606,0.000000,0.174363,0.205403,0.125515,0.142110,0.965684,0.866252,0.318323,0.305136,0.037595,0.569599,0.220482,0.507824,0.235276,0.447863,0.000000,0.695145,0.264025,0.458341,0.544135,0.838006,0.277992,0.973758,0.158391,0.356401,0.368615,0.000000,0.000000,0.818271,0.055859,0.073777,0.000000,0.903433,0.000000
uid780,0.608918,0.800000,0.091354,0.901565,0.637771,0.343951,0.018978,0.498303,0.478705,0.000000,0.392352,0.331260,0.000000,0.447863,0.380597,0.561273,0.818271,0.753077,0.507824,0.866252,0.000000,0.142110,0.000000,0.593641,0.743431,0.000000,0.706606,0.291694,0.000000,0.552786,0.658005,0.426295,0.108598,0.158391,0.437182,0.055859,0.000000,0.908827,0.468621,0.125515,0.825103,0.190031,0.220482,0.277992,0.415196,0.585780,0.000000,0.174363,0.458341,0.000000,0.000000,0.889573,0.318323,0.883039,0.000000,0.923268,0.700930
uid781,0.561273,0.000000,0.717636,0.000000,0.601353,0.852805,0.291694,0.670862,0.343951,0.000000,0.683236,0.318323,0.000000,0.331260,0.091354,0.535317,0.000000,0.000000,0.000000,0.142110,0.000000,0.000000,0.000000,0.552786,0.000000,0.000000,0.000000,0.689247,0.000000,0.447863,0.000000,0.205403,0.458341,0.616340,0.861027,0.507824,0.000000,0.073777,0.847055,0.220482,0.828422,0.174363,0.108598,0.037595,0.526327,0.000000,0.775634,0.517164,0.866252,0.000000,0.000000,0.426295,0.190031,0.392352,0.000000,0.264025,0.000000
uid782,0.000000,0.644645,0.108598,0.468621,0.766870,0.000000,0.380597,0.220482,0.291694,0.000000,0.318323,0.788167,0.000000,0.305136,0.000000,0.415196,0.637771,0.552786,0.264025,0.000000,0.706606,0.000000,0.000000,0.000000,0.488598,0.000000,0.125515,0.368615,0.000000,0.593641,0.664495,0.277992,0.478705,0.142110,0.205403,0.073777,0.000000,0.000000,0.392352,0.585780,0.447863,0.569599,0.018978,0.055859,0.037595,0.677108,0.190031,0.091354,0.403884,0.000000,0.000000,0.000000,0.343951,0.000000,0.000000,0.498303,0.000000
uid783,0.488598,0.887436,0.766870,0.249788,0.569599,0.000000,0.055859,0.844096,0.000000,0.577767,0.775634,0.018978,0.000000,0.073777,0.318323,0.478705,0.644645,0.651389,0.779892,0.037595,0.630764,0.000000,0.000000,0.000000,0.942435,0.000000,0.517164,0.757763,0.825103,0.235276,0.771294,0.380597,0.190031,0.552786,0.658005,0.838006,0.700930,0.305136,0.000000,0.426295,0.000000,0.142110,0.331260,0.091354,0.000000,0.000000,0.695145,0.858339,0.000000,0.905265,0.937849,0.174363,0.403884,0.158391,0.951553,0.447863,0.000000
uid784,0.507824,0.912255,0.903433,0.091354,0.700930,0.733409,0.861027,0.220482,0.468621,0.000000,0.517164,0.788167,0.000000,0.235276,0.318323,0.608918,0.000000,0.000000,0.858339,0.356401,0.158391,0.000000,0.000000,0.000000,0.073777,0.000000,0.055859,0.037595,0.873723,0.000000,0.125515,0.403884,0.174363,0.018978,0.108598,0.488598,0.535317,0.305136,0.000000,0.415196,0.695145,0.142110,0.331260,0.277992,0.664495,0.000000,0.800000,0.205403,0.000000,0.738468,0.000000,0.000000,0.392352,0.784069,0.885259,0.447863,0.000000
uid785,0.073777,0.000000,0.000000,0.291694,0.125515,0.876119,0.108598,0.305136,0.517164,0.000000,0.403884,0.608918,0.706606,0.205403,0.792187,0.000000,0.000000,0.000000,0.000000,0.601353,0.743431,0.000000,0.000000,0.037595,0.717636,0.000000,0.712174,0.437182,0.000000,0.018978,0.738468,0.091354,0.677108,0.190031,0.728252,0.249788,0.893724,0.235276,0.000000,0.569599,0.858339,0.174363,0.142110,0.368615,0.392352,0.000000,0.468621,0.380597,0.000000,0.920271,0.000000,0.498303,0.055859,0.552786,0.000000,0.831678,0.000000
uid786,0.000000,0.000000,0.000000,0.318323,0.000000,0.771294,0.343951,0.415196,0.000000,0.000000,0.403884,0.766870,0.000000,0.000000,0.000000,0.000000,0.743431,0.000000,0.073777,0.644645,0.142110,0.601353,0.000000,0.695145,0.220482,0.174363,0.091354,0.055859,0.000000,0.458341,0.507824,0.498303,0.018978,0.748300,0.158391,0.277992,0.235276,0.000000,0.392352,0.706606,0.535317,0.437182,0.000000,0.264025,0.331260,0.000000,0.190031,0.561273,0.569599,0.000000,0.478705,0.368615,0.108598,0.125515,0.000000,0.000000,0.000000
uid787,0.205403,0.000000,0.535317,0.380597,0.000000,0.468621,0.544135,0.000000,0.000000,0.000000,0.073777,0.174363,0.000000,0.000000,0.478705,0.000000,0.706606,0.000000,0.108598,0.368615,0.526327,0.264025,0.000000,0.651389,0.000000,0.000000,0.683236,0.037595,0.000000,0.277992,0.637771,0.670862,0.517164,0.055859,0.091354,0.507824,0.000000,0.000000,0.000000,0.577767,0.000000,0.569599,0.593641,0.235276,0.000000,0.000000,0.000000,0.630764,0.000000,0.000000,0.190031,0.142110,0.220482,0.000000,0.000000,0.000000,0.000000
uid788,0.000000,0.000000,0.569599,0.174363,0.000000,0.000000,0.190031,0.277992,0.000000,0.000000,0.264025,0.000000,0.000000,0.000000,0.380597,0.000000,0.825103,0.834873,0.220482,0.700930,0.291694,0.637771,0.000000,0.796131,0.517164,0.478705,0.125515,0.018978,0.000000,0.331260,0.733409,0.037595,0.142110,0.651389,0.368615,0.108598,0.526327,0.073777,0.249788,0.608918,0.748300,0.305136,0.623621,0.091354,0.158391,0.000000,0.498303,0.658005,0.762360,0.000000,0.343951,0.205403,0.447863,0.468621,0.000000,0.000000,0.000000
uid789,0.368615,0.264025,0.235276,0.356401,0.277992,0.190031,0.305136,0.000000,0.380597,0.000000,0.000000,0.000000,0.000000,0.000000,0.000000,0.000000,0.535317,0.544135,0.108598,0.593641,0.018978,0.601353,0.205403,0.437182,0.158391,0.055859,0.478705,0.630764,0.000000,0.507824,0.415196,0.458341,0.331260,0.000000,0.073777,0.249788,0.125515,0.683236,0.000000,0.498303,0.000000,0.220482,0.561273,0.318323,0.403884,0.000000,0.091354,0.174363,0.000000,0.000000,0.000000,0.000000,0.000000,0.037595,0.000000,0.623621,0.664495
uid790,0.000000,0.000000,0.000000,0.415196,0.037595,0.000000,0.291694,0.356401,0.000000,0.000000,0.437182,0.000000,0.000000,0.073777,0.000000,0.403884,0.000000,0.190031,0.174363,0.000000,0.000000,0.125515,0.000000,0.000000,0.220482,0.000000,0.142110,0.018978,0.000000,0.000000,0.000000,0.235276,0.108598,0.305136,0.000000,0.380597,0.000000,0.368615,0.000000,0.158391,0.426295,0.277992,0.091354,0.000000,0.000000,0.000000,0.000000,0.205403,0.000000,0.000000,0.000000,0.000000,0.000000,0.000000,0.000000,0.000000,0.055859
uid791,0.264025,0.125515,0.091354,0.220482,0.073777,0.000000,0.174363,0.775634,0.235276,0.000000,0.814755,0.000000,0.722995,0.305136,0.000000,0.831678,0.700930,0.608918,0.380597,0.535317,0.753077,0.000000,0.037595,0.000000,0.733409,0.000000,0.689247,0.677108,0.000000,0.623621,0.748300,0.437182,0.190031,0.356401,0.561273,0.108598,0.818271,0.392352,0.000000,0.447863,0.000000,0.055859,0.593641,0.158391,0.277992,0.000000,0.000000,0.018978,0.000000,0.000000,0.000000,0.000000,0.488598,0.000000,0.000000,0.000000,0.000000
uid792,0.249788,0.552786,0.000000,0.738468,0.000000,0.037595,0.544135,0.757763,0.018978,0.000000,0.700930,0.331260,0.000000,0.743431,0.644645,0.000000,0.000000,0.000000,0.784069,0.108598,0.392352,0.125515,0.000000,0.000000,0.000000,0.000000,0.507824,0.190031,0.000000,0.593641,0.792187,0.291694,0.235276,0.380597,0.055859,0.683236,0.437182,0.305136,0.000000,0.174363,0.000000,0.779892,0.073777,0.142110,0.706606,0.000000,0.368615,0.205403,0.000000,0.000000,0.630764,0.000000,0.637771,0.426295,0.000000,0.158391,0.264025
uid793,0.585780,0.880777,0.507824,0.264025,0.190031,0.957633,0.205403,0.866252,0.670862,0.000000,0.807519,0.478705,0.000000,0.000000,0.683236,0.000000,0.000000,0.343951,0.277992,0.073777,0.965021,0.962951,0.000000,0.000000,0.689247,0.000000,0.458341,0.380597,0.784069,0.291694,0.847055,0.055859,0.158391,0.235276,0.091354,0.220482,0.868790,0.108598,0.955127,0.967601,0.000000,0.142110,0.018978,0.601353,0.305136,0.841081,0.535317,0.593641,0.947694,0.796131,0.368615,0.924724,0.037595,0.249788,0.000000,0.921784,0.000000
uid794,0.000000,0.000000,0.000000,0.000000,0.478705,0.000000,0.403884,0.235276,0.073777,0.000000,0.264025,0.000000,0.000000,0.318323,0.000000,0.000000,0.000000,0.000000,0.037595,0.000000,0.108598,0.000000,0.000000,0.000000,0.000000,0.000000,0.000000,0.125515,0.000000,0.000000,0.220482,0.205403,0.000000,0.018978,0.305136,0.517164,0.000000,0.000000,0.368615,0.000000,0.000000,0.488598,0.437182,0.174363,0.091354,0.000000,0.000000,0.142110,0.331260,0.000000,0.000000,0.000000,0.249788,0.000000,0.000000,0.000000,0.000000
uid795,0.190031,0.220482,0.000000,0.458341,0.331260,0.000000,0.055859,0.447863,0.468621,0.940186,0.855598,0.478705,0.608918,0.380597,0.828422,0.437182,0.264025,0.108598,0.158391,0.498303,0.664495,0.000000,0.000000,0.000000,0.037595,0.000000,0.249788,0.205403,0.000000,0.073777,0.658005,0.305136,0.577767,0.368615,0.644645,0.403884,0.000000,0.415196,0.000000,0.000000,0.000000,0.091354,0.318323,0.142110,0.277992,0.000000,0.885259,0.018978,0.945650,0.700930,0.893724,0.561273,0.743431,0.544135,0.000000,0.803796,0.000000
uid796,0.000000,0.000000,0.517164,0.637771,0.403884,0.142110,0.368615,0.000000,0.000000,0.000000,0.000000,0.037595,0.000000,0.380597,0.073777,0.717636,0.000000,0.277992,0.677108,0.478705,0.488598,0.125515,0.000000,0.728252,0.000000,0.000000,0.000000,0.018978,0.000000,0.651389,0.000000,0.235276,0.264025,0.055859,0.392352,0.190031,0.000000,0.426295,0.000000,0.526327,0.000000,0.331260,0.447863,0.000000,0.630764,0.000000,0.174363,0.593641,0.689247,0.000000,0.670862,0.000000,0.108598,0.220482,0.000000,0.000000,0.000000
uid797,0.018978,0.535317,0.000000,0.000000,0.468621,0.000000,0.356401,0.000000,0.318323,0.000000,0.205403,0.174363,0.000000,0.712174,0.037595,0.000000,0.000000,0.331260,0.695145,0.073777,0.000000,0.000000,0.000000,0.000000,0.000000,0.000000,0.142110,0.291694,0.000000,0.220482,0.264025,0.000000,0.249788,0.158391,0.403884,0.190031,0.000000,0.380597,0.000000,0.498303,0.000000,0.743431,0.561273,0.517164,0.235276,0.437182,0.664495,0.000000,0.608918,0.000000,0.055859,0.000000,0.125515,0.091354,0.000000,0.585780,0.000000
uid798,0.380597,0.616340,0.000000,0.000000,0.507824,0.683236,0.264025,0.561273,0.331260,0.000000,0.000000,0.000000,0.000000,0.125515,0.593641,0.000000,0.190031,0.000000,0.018978,0.552786,0.000000,0.000000,0.000000,0.000000,0.601353,0.000000,0.174363,0.000000,0.000000,0.392352,0.000000,0.091354,0.249788,0.277992,0.426295,0.291694,0.000000,0.108598,0.623621,0.356401,0.000000,0.037595,0.437182,0.000000,0.000000,0.000000,0.055859,0.644645,0.235276,0.000000,0.073777,0.000000,0.468621,0.000000,0.458341,0.220482,0.000000
uid799,0.305136,0.000000,0.796131,0.498303,0.488598,0.000000,0.190031,0.174363,0.158391,0.000000,0.037595,0.437182,0.706606,0.073777,0.838006,0.561273,0.000000,0.356401,0.205403,0.601353,0.743431,0.000000,0.331260,0.000000,0.544135,0.000000,0.569599,0.235276,0.847055,0.689247,0.738468,0.018978,0.403884,0.264025,0.055859,0.447863,0.000000,0.000000,0.142110,0.291694,0.000000,0.658005,0.858339,0.220482,0.091354,0.000000,0.415196,0.753077,0.108598,0.849958,0.000000,0.664495,0.000000,0.426295,0.883039,0.000000,0.000000
uid800,0.437182,0.961504,0.380597,0.552786,0.291694,0.091354,0.249788,0.700930,0.695145,0.000000,0.637771,0.073777,0.000000,0.190031,0.125515,0.792187,0.962234,0.561273,0.706606,0.277992,0.852805,0.142110,0.757763,0.828422,0.811172,0.000000,0.392352,0.000000,0.000000,0.821720,0.871280,0.174363,0.220482,0.055859,0.331260,0.305136,0.000000,0.264025,0.689247,0.743431,0.779892,0.235276,0.368615,0.018978,0.447863,0.838006,0.507824,0.498303,0.526327,0.000000,0.000000,0.970561,0.108598,0.616340,0.000000,0.775634,0.939029
uid801,0.305136,0.771294,0.488598,0.205403,0.717636,0.000000,0.249788,0.000000,0.091354,0.000000,0.526327,0.291694,0.000000,0.677108,0.544135,0.190031,0.700930,0.108598,0.507824,0.037595,0.368615,0.000000,0.000000,0.000000,0.000000,0.000000,0.264025,0.498303,0.552786,0.018978,0.535317,0.142110,0.331260,0.220482,0.000000,0.762360,0.392352,0.458341,0.000000,0.000000,0.000000,0.158391,0.000000,0.277992,0.000000,0.000000,0.318323,0.073777,0.000000,0.000000,0.235276,0.000000,0.000000,0.403884,0.000000,0.738468,0.000000
uid802,0.018978,0.943527,0.000000,0.380597,0.368615,0.908827,0.535317,0.437182,0.488598,0.000000,0.468621,0.343951,0.000000,0.498303,0.000000,0.664495,0.000000,0.249788,0.415196,0.000000,0.757763,0.887436,0.561273,0.706606,0.644645,0.000000,0.108598,0.544135,0.000000,0.728252,0.792187,0.235276,0.291694,0.055859,0.158391,0.091354,0.931601,0.803796,0.507824,0.585780,0.700930,0.825103,0.142110,0.190031,0.037595,0.743431,0.205403,0.125515,0.403884,0.000000,0.000000,0.000000,0.331260,0.220482,0.000000,0.689247,0.871280
uid803,0.677108,0.861027,0.368615,0.158391,0.535317,0.277992,0.380597,0.923268,0.932899,0.000000,0.961504,0.235276,0.905265,0.796131,0.291694,0.722995,0.868790,0.561273,0.091354,0.055859,0.343951,0.018978,0.000000,0.743431,0.828422,0.000000,0.651389,0.190031,0.000000,0.037595,0.915553,0.616340,0.356401,0.249788,0.125515,0.331260,0.000000,0.748300,0.966336,0.403884,0.962234,0.415196,0.447863,0.205403,0.585780,0.000000,0.717636,0.498303,0.517164,0.000000,0.000000,0.073777,0.264025,0.630764,0.000000,0.958437,0.771294
uid804,0.796131,0.000000,0.569599,0.447863,0.142110,0.000000,0.108598,0.535317,0.517164,0.712174,0.249788,0.637771,0.000000,0.037595,0.788167,0.403884,0.000000,0.000000,0.526327,0.125515,0.828422,0.000000,0.000000,0.852805,0.458341,0.000000,0.000000,0.552786,0.800000,0.630764,0.608918,0.018978,0.000000,0.331260,0.174363,0.091354,0.000000,0.158391,0.478705,0.000000,0.368615,0.055859,0.190031,0.544135,0.264025,0.803796,0.437182,0.426295,0.488598,0.000000,0.000000,0.000000,0.073777,0.000000,0.000000,0.356401,0.000000
uid805,0.249788,0.277992,0.000000,0.706606,0.368615,0.018978,0.125515,0.037595,0.498303,0.000000,0.000000,0.517164,0.000000,0.415196,0.748300,0.852805,0.318323,0.158391,0.220482,0.507824,0.000000,0.426295,0.000000,0.000000,0.488598,0.000000,0.305136,0.264025,0.000000,0.142110,0.000000,0.779892,0.403884,0.623621,0.073777,0.651389,0.828422,0.743431,0.000000,0.235276,0.677108,0.174363,0.437182,0.205403,0.331260,0.000000,0.000000,0.190031,0.108598,0.000000,0.000000,0.593641,0.055859,0.569599,0.000000,0.796131,0.343951
uid806,0.264025,0.949660,0.190031,0.392352,0.544135,0.670862,0.018978,0.961504,0.318323,0.577767,0.125515,0.637771,0.000000,0.526327,0.142110,0.037595,0.608918,0.331260,0.174363,0.158391,0.630764,0.000000,0.000000,0.000000,0.728252,0.000000,0.447863,0.073777,0.249788,0.380597,0.108598,0.205403,0.000000,0.091354,0.305136,0.738468,0.784069,0.651389,0.000000,0.561273,0.664495,0.437182,0.948686,0.055859,0.757763,0.932899,0.748300,0.368615,0.000000,0.905265,0.403884,0.000000,0.901565,0.818271,0.000000,0.517164,0.000000
uid807,0.318323,0.766870,0.055859,0.343951,0.651389,0.000000,0.073777,0.880777,0.792187,0.918728,0.000000,0.796131,0.849958,0.677108,0.000000,0.264025,0.779892,0.415196,0.488598,0.526327,0.037595,0.205403,0.000000,0.277992,0.717636,0.000000,0.544135,0.437182,0.000000,0.291694,0.871280,0.356401,0.000000,0.235276,0.585780,0.018978,0.000000,0.331260,0.000000,0.125515,0.000000,0.142110,0.174363,0.380597,0.403884,0.000000,0.630764,0.249788,0.000000,0.883039,0.426295,0.825103,0.305136,0.517164,0.000000,0.910557,0.637771
uid808,0.037595,0.000000,0.897720,0.073777,0.000000,0.706606,0.788167,0.000000,0.748300,0.356401,0.899661,0.695145,0.000000,0.108598,0.712174,0.779892,0.018978,0.535317,0.291694,0.498303,0.807519,0.717636,0.000000,0.593641,0.158391,0.000000,0.630764,0.000000,0.917156,0.651389,0.577767,0.205403,0.517164,0.125515,0.055859,0.585780,0.392352,0.331260,0.000000,0.318323,0.000000,0.608918,0.277992,0.670862,0.305136,0.264025,0.343951,0.658005,0.544135,0.561273,0.415196,0.000000,0.249788,0.821720,0.000000,0.944599,0.000000
uid809,0.220482,0.000000,0.000000,0.000000,0.498303,0.380597,0.873723,0.000000,0.125515,0.818271,0.158391,0.601353,0.000000,0.318323,0.608918,0.174363,0.825103,0.831678,0.000000,0.585780,0.814755,0.000000,0.000000,0.000000,0.331260,0.000000,0.277992,0.368615,0.000000,0.664495,0.000000,0.091354,0.235276,0.426295,0.437182,0.018978,0.305136,0.037595,0.000000,0.683236,0.535317,0.343951,0.728252,0.055859,0.073777,0.000000,0.889573,0.108598,0.000000,0.000000,0.593641,0.000000,0.623621,0.569599,0.000000,0.733409,0.000000
uid810,0.738468,0.000000,0.000000,0.318323,0.841081,0.855598,0.073777,0.593641,0.018978,0.873723,0.712174,0.037595,0.488598,0.055859,0.356401,0.771294,0.883039,0.878470,0.664495,0.000000,0.561273,0.000000,0.000000,0.000000,0.507824,0.000000,0.498303,0.478705,0.000000,0.220482,0.535317,0.437182,0.235276,0.468621,0.526327,0.601353,0.748300,0.291694,0.000000,0.426295,0.831678,0.142110,0.264025,0.091354,0.811172,0.000000,0.905265,0.552786,0.000000,0.000000,0.000000,0.190031,0.458341,0.158391,0.000000,0.447863,0.000000
uid811,0.055859,0.000000,0.000000,0.174363,0.478705,0.468621,0.000000,0.000000,0.190031,0.000000,0.142110,0.000000,0.000000,0.000000,0.000000,0.291694,0.000000,0.000000,0.000000,0.000000,0.000000,0.000000,0.000000,0.000000,0.205403,0.000000,0.037595,0.458341,0.000000,0.000000,0.000000,0.091354,0.277992,0.249788,0.264025,0.018978,0.125515,0.000000,0.000000,0.000000,0.426295,0.220482,0.000000,0.000000,0.368615,0.000000,0.000000,0.498303,0.000000,0.000000,0.000000,0.000000,0.000000,0.000000,0.000000,0.000000,0.000000
uid812,0.205403,0.174363,0.458341,0.498303,0.018978,0.658005,0.577767,0.644645,0.651389,0.623621,0.415196,0.526327,0.000000,0.125515,0.775634,0.000000,0.380597,0.000000,0.091354,0.753077,0.000000,0.000000,0.000000,0.000000,0.608918,0.000000,0.368615,0.190031,0.000000,0.507824,0.488598,0.108598,0.468621,0.426295,0.637771,0.158391,0.000000,0.073777,0.788167,0.000000,0.000000,0.220482,0.403884,0.601353,0.000000,0.000000,0.277992,0.803796,0.000000,0.000000,0.037595,0.000000,0.569599,0.000000,0.000000,0.055859,0.000000
uid813,0.125515,0.000000,0.608918,0.403884,0.356401,0.000000,0.249788,0.814755,0.037595,0.507824,0.291694,0.091354,0.000000,0.318323,0.000000,0.055859,0.437182,0.498303,0.844096,0.018978,0.426295,0.000000,0.000000,0.000000,0.343951,0.000000,0.142110,0.658005,0.000000,0.569599,0.630764,0.517164,0.158391,0.108598,0.220482,0.468621,0.753077,0.683236,0.000000,0.235276,0.000000,0.277992,0.601353,0.392352,0.205403,0.717636,0.880777,0.831678,0.000000,0.000000,0.073777,0.000000,0.544135,0.174363,0.000000,0.415196,0.000000
uid814,0.447863,0.644645,0.264025,0.849958,0.526327,0.174363,0.392352,0.220482,0.722995,0.552786,0.055859,0.616340,0.000000,0.488598,0.437182,0.343951,0.569599,0.561273,0.331260,0.356401,0.585780,0.000000,0.000000,0.000000,0.000000,0.000000,0.593641,0.108598,0.468621,0.700930,0.305136,0.037595,0.091354,0.291694,0.205403,0.847055,0.000000,0.608918,0.158391,0.544135,0.018978,0.073777,0.689247,0.403884,0.000000,0.775634,0.807519,0.866252,0.235276,0.910557,0.811172,0.000000,0.190031,0.000000,0.889573,0.507824,0.000000
uid815,0.108598,0.937849,0.000000,0.403884,0.392352,0.915553,0.535317,0.517164,0.507824,0.000000,0.415196,0.331260,0.000000,0.468621,0.000000,0.664495,0.000000,0.220482,0.526327,0.000000,0.762360,0.885259,0.608918,0.717636,0.695145,0.000000,0.018978,0.552786,0.000000,0.712174,0.792187,0.235276,0.291694,0.037595,0.125515,0.073777,0.000000,0.800000,0.498303,0.585780,0.644645,0.841081,0.158391,0.142110,0.091354,0.733409,0.205403,0.190031,0.368615,0.000000,0.000000,0.000000,0.277992,0.318323,0.000000,0.637771,0.868790
uid816,0.091354,0.000000,0.000000,0.403884,0.392352,0.000000,0.535317,0.517164,0.507824,0.000000,0.415196,0.331260,0.000000,0.468621,0.000000,0.664495,0.000000,0.220482,0.526327,0.000000,0.762360,0.885259,0.608918,0.717636,0.700930,0.000000,0.055859,0.552786,0.000000,0.712174,0.796131,0.235276,0.291694,0.018978,0.125515,0.073777,0.000000,0.800000,0.498303,0.585780,0.644645,0.841081,0.158391,0.142110,0.108598,0.733409,0.205403,0.190031,0.368615,0.000000,0.000000,0.000000,0.277992,0.318323,0.000000,0.637771,0.868790
uid817,0.796131,0.000000,0.807519,0.526327,0.748300,0.683236,0.000000,0.073777,0.897720,0.205403,0.779892,0.670862,0.091354,0.712174,0.235276,0.037595,0.637771,0.000000,0.291694,0.498303,0.220482,0.437182,0.000000,0.561273,0.403884,0.356401,0.305136,0.264025,0.000000,0.447863,0.544135,0.585780,0.249788,0.108598,0.380597,0.552786,0.415196,0.738468,0.000000,0.125515,0.948686,0.577767,0.766870,0.018978,0.055859,0.000000,0.368615,0.158391,0.828422,0.973250,0.142110,0.478705,0.318323,0.331260,0.000000,0.000000,0.000000
uid818,0.706606,0.834873,0.905265,0.318323,0.593641,0.190031,0.458341,0.158391,0.437182,0.000000,0.037595,0.468621,0.277992,0.426295,0.000000,0.664495,0.838006,0.811172,0.821720,0.488598,0.343951,0.000000,0.000000,0.000000,0.305136,0.000000,0.291694,0.055859,0.000000,0.569599,0.380597,0.000000,0.125515,0.264025,0.205403,0.637771,0.722995,0.651389,0.091354,0.814755,0.018978,0.073777,0.601353,0.478705,0.844096,0.000000,0.863665,0.392352,0.220482,0.000000,0.000000,0.526327,0.174363,0.517164,0.000000,0.000000,0.000000
uid819,0.535317,0.803796,0.569599,0.277992,0.125515,0.664495,0.108598,0.291694,0.000000,0.000000,0.507824,0.000000,0.000000,0.190031,0.368615,0.264025,0.000000,0.000000,0.000000,0.403884,0.000000,0.000000,0.000000,0.000000,0.000000,0.000000,0.757763,0.517164,0.000000,0.821720,0.000000,0.055859,0.544135,0.174363,0.018978,0.220482,0.037595,0.235276,0.651389,0.458341,0.608918,0.158391,0.091354,0.331260,0.000000,0.000000,0.779892,0.717636,0.695145,0.000000,0.748300,0.585780,0.447863,0.000000,0.000000,0.488598,0.000000
uid820,0.108598,0.000000,0.000000,0.356401,0.343951,0.000000,0.569599,0.517164,0.507824,0.000000,0.426295,0.318323,0.000000,0.458341,0.000000,0.664495,0.000000,0.205403,0.526327,0.000000,0.762360,0.903433,0.608918,0.748300,0.695145,0.000000,0.018978,0.535317,0.000000,0.743431,0.792187,0.174363,0.249788,0.037595,0.142110,0.073777,0.000000,0.800000,0.498303,0.561273,0.637771,0.834873,0.158391,0.125515,0.091354,0.706606,0.264025,0.380597,0.305136,0.000000,0.000000,0.000000,0.235276,0.277992,0.000000,0.644645,0.873723
uid821,0.380597,0.318323,0.517164,0.447863,0.142110,0.488598,0.552786,0.000000,0.601353,0.000000,0.871280,0.000000,0.000000,0.291694,0.800000,0.000000,0.000000,0.630764,0.392352,0.670862,0.091354,0.683236,0.478705,0.000000,0.847055,0.841081,0.821720,0.000000,0.000000,0.055859,0.855598,0.108598,0.174363,0.249788,0.644645,0.235276,0.844096,0.368615,0.000000,0.468621,0.866252,0.018978,0.658005,0.073777,0.125515,0.766870,0.158391,0.507824,0.784069,0.264025,0.762360,0.891668,0.818271,0.828422,0.000000,0.037595,0.728252
uid822,0.651389,0.717636,0.517164,0.552786,0.458341,0.664495,0.190031,0.174363,0.142110,0.000000,0.018978,0.561273,0.000000,0.073777,0.000000,0.000000,0.000000,0.291694,0.205403,0.677108,0.000000,0.000000,0.000000,0.000000,0.000000,0.000000,0.000000,0.220482,0.000000,0.569599,0.318323,0.037595,0.507824,0.249788,0.091354,0.498303,0.000000,0.356401,0.158391,0.706606,0.000000,0.771294,0.488598,0.235276,0.055859,0.415196,0.000000,0.616340,0.108598,0.000000,0.670862,0.000000,0.000000,0.000000,0.775634,0.000000,0.000000
uid823,0.249788,0.000000,0.343951,0.415196,0.468621,0.807519,0.517164,0.205403,0.762360,0.000000,0.526327,0.142110,0.000000,0.728252,0.811172,0.498303,0.000000,0.055859,0.766870,0.866252,0.651389,0.608918,0.174363,0.000000,0.569599,0.000000,0.356401,0.158391,0.000000,0.831678,0.000000,0.000000,0.073777,0.220482,0.291694,0.305136,0.000000,0.873723,0.753077,0.190031,0.544135,0.601353,0.458341,0.277992,0.264025,0.000000,0.108598,0.403884,0.437182,0.000000,0.838006,0.000000,0.091354,0.125515,0.000000,0.552786,0.000000
uid824,0.055859,0.733409,0.788167,0.235276,0.091354,0.318323,0.125515,0.689247,0.814755,0.403884,0.868790,0.000000,0.000000,0.738468,0.941321,0.670862,0.000000,0.706606,0.664495,0.630764,0.291694,0.415196,0.753077,0.000000,0.356401,0.946682,0.331260,0.000000,0.000000,0.478705,0.677108,0.142110,0.073777,0.018978,0.695145,0.577767,0.000000,0.828422,0.000000,0.644645,0.855598,0.468621,0.368615,0.037595,0.507824,0.927554,0.526327,0.779892,0.343951,0.585780,0.928929,0.885259,0.392352,0.426295,0.000000,0.277992,0.920271
uid825,0.623621,0.712174,0.847055,0.722995,0.593641,0.733409,0.331260,0.664495,0.535317,0.818271,0.291694,0.863665,0.000000,0.637771,0.125515,0.000000,0.651389,0.000000,0.091354,0.670862,0.000000,0.000000,0.000000,0.000000,0.235276,0.142110,0.018978,0.037595,0.000000,0.415196,0.277992,0.264025,0.073777,0.601353,0.174363,0.544135,0.249788,0.771294,0.000000,0.517164,0.305136,0.426295,0.478705,0.811172,0.318323,0.000000,0.190031,0.343951,0.356401,0.000000,0.000000,0.000000,0.055859,0.158391,0.447863,0.608918,0.000000
uid826,0.368615,0.695145,0.552786,0.277992,0.055859,0.000000,0.305136,0.000000,0.125515,0.000000,0.544135,0.037595,0.000000,0.000000,0.644645,0.000000,0.000000,0.158391,0.569599,0.142110,0.415196,0.000000,0.000000,0.000000,0.000000,0.000000,0.331260,0.526327,0.658005,0.091354,0.561273,0.205403,0.343951,0.264025,0.073777,0.000000,0.426295,0.018978,0.000000,0.683236,0.000000,0.235276,0.717636,0.318323,0.000000,0.000000,0.392352,0.190031,0.000000,0.000000,0.291694,0.000000,0.000000,0.447863,0.000000,0.000000,0.000000
uid827,0.343951,0.368615,0.000000,0.000000,0.037595,0.000000,0.235276,0.000000,0.426295,0.000000,0.000000,0.447863,0.000000,0.108598,0.000000,0.000000,0.403884,0.174363,0.158391,0.437182,0.000000,0.125515,0.000000,0.000000,0.220482,0.000000,0.073777,0.055859,0.000000,0.249788,0.000000,0.000000,0.091354,0.000000,0.000000,0.000000,0.000000,0.000000,0.000000,0.205403,0.000000,0.264025,0.142110,0.000000,0.415196,0.000000,0.000000,0.190031,0.000000,0.000000,0.000000,0.000000,0.000000,0.000000,0.000000,0.000000,0.018978
uid828,0.142110,0.174363,0.000000,0.526327,0.264025,0.000000,0.000000,0.828422,0.426295,0.000000,0.478705,0.689247,0.788167,0.318323,0.608918,0.577767,0.220482,0.055859,0.108598,0.637771,0.811172,0.343951,0.000000,0.000000,0.415196,0.000000,0.205403,0.158391,0.000000,0.037595,0.807519,0.437182,0.331260,0.775634,0.796131,0.458341,0.498303,0.623621,0.000000,0.125515,0.000000,0.018978,0.356401,0.091354,0.235276,0.000000,0.000000,0.073777,0.000000,0.000000,0.000000,0.722995,0.664495,0.733409,0.000000,0.000000,0.249788
uid829,0.091354,0.000000,0.437182,0.318323,0.331260,0.000000,0.380597,0.073777,0.000000,0.000000,0.000000,0.000000,0.000000,0.000000,0.000000,0.000000,0.000000,0.220482,0.000000,0.190031,0.426295,0.544135,0.108598,0.000000,0.000000,0.000000,0.000000,0.000000,0.000000,0.000000,0.000000,0.000000,0.142110,0.018978,0.000000,0.356401,0.000000,0.125515,0.000000,0.055859,0.000000,0.392352,0.488598,0.000000,0.000000,0.174363,0.205403,0.517164,0.264025,0.235276,0.158391,0.468621,0.000000,0.000000,0.000000,0.000000,0.000000
uid830,0.108598,0.000000,0.000000,0.380597,0.368615,0.000000,0.535317,0.517164,0.507824,0.000000,0.415196,0.392352,0.000000,0.468621,0.000000,0.664495,0.000000,0.235276,0.526327,0.000000,0.738468,0.000000,0.608918,0.788167,0.695145,0.000000,0.055859,0.552786,0.000000,0.784069,0.771294,0.249788,0.318323,0.018978,0.125515,0.073777,0.000000,0.000000,0.498303,0.585780,0.644645,0.000000,0.158391,0.142110,0.091354,0.706606,0.205403,0.190031,0.305136,0.000000,0.000000,0.000000,0.291694,0.356401,0.000000,0.637771,0.000000
uid831,0.000000,0.437182,0.000000,0.091354,0.488598,0.000000,0.517164,0.235276,0.561273,0.738468,0.392352,0.343951,0.037595,0.220482,0.277992,0.000000,0.762360,0.000000,0.658005,0.264025,0.158391,0.000000,0.000000,0.000000,0.073777,0.000000,0.055859,0.018978,0.000000,0.380597,0.125515,0.478705,0.174363,0.000000,0.108598,0.368615,0.000000,0.000000,0.000000,0.000000,0.000000,0.142110,0.552786,0.717636,0.403884,0.000000,0.706606,0.190031,0.000000,0.447863,0.291694,0.000000,0.249788,0.305136,0.630764,0.000000,0.000000
uid832,0.073777,0.000000,0.526327,0.190031,0.458341,0.498303,0.616340,0.000000,0.037595,0.000000,0.125515,0.000000,0.000000,0.142110,0.623621,0.235276,0.000000,0.000000,0.561273,0.569599,0.000000,0.000000,0.000000,0.000000,0.249788,0.000000,0.108598,0.447863,0.637771,0.000000,0.535317,0.000000,0.264025,0.331260,0.403884,0.018978,0.091354,0.000000,0.000000,0.000000,0.426295,0.055859,0.000000,0.577767,0.368615,0.000000,0.000000,0.478705,0.000000,0.000000,0.000000,0.000000,0.000000,0.000000,0.000000,0.000000,0.000000
uid833,0.305136,0.651389,0.000000,0.091354,0.000000,0.000000,0.608918,0.125515,0.368615,0.000000,0.000000,0.277992,0.000000,0.158391,0.249788,0.577767,0.000000,0.526327,0.235276,0.055859,0.356401,0.000000,0.000000,0.000000,0.000000,0.000000,0.458341,0.264025,0.000000,0.018978,0.220482,0.561273,0.291694,0.343951,0.037595,0.142110,0.392352,0.447863,0.000000,0.664495,0.000000,0.205403,0.174363,0.000000,0.000000,0.000000,0.318323,0.190031,0.000000,0.000000,0.601353,0.000000,0.073777,0.380597,0.000000,0.108598,0.000000
uid834,0.000000,0.000000,0.000000,0.000000,0.000000,0.000000,0.142110,0.000000,0.000000,0.000000,0.000000,0.000000,0.000000,0.000000,0.000000,0.000000,0.000000,0.000000,0.000000,0.000000,0.000000,0.000000,0.000000,0.000000,0.000000,0.000000,0.000000,0.000000,0.000000,0.000000,0.000000,0.037595,0.000000,0.000000,0.000000,0.055859,0.000000,0.018978,0.000000,0.000000,0.000000,0.000000,0.125515,0.073777,0.108598,0.000000,0.000000,0.158391,0.000000,0.000000,0.000000,0.000000,0.000000,0.000000,0.000000,0.000000,0.000000
uid835,0.174363,0.838006,0.561273,0.788167,0.125515,0.000000,0.637771,0.792187,0.249788,0.000000,0.517164,0.108598,0.000000,0.800000,0.437182,0.593641,0.000000,0.706606,0.585780,0.055859,0.235276,0.000000,0.000000,0.000000,0.000000,0.000000,0.368615,0.544135,0.670862,0.507824,0.577767,0.392352,0.158391,0.220482,0.331260,0.488598,0.277992,0.091354,0.000000,0.000000,0.000000,0.018978,0.073777,0.616340,0.526327,0.748300,0.205403,0.811172,0.000000,0.841081,0.426295,0.000000,0.403884,0.264025,0.000000,0.037595,0.000000
uid836,0.561273,0.000000,0.507824,0.343951,0.142110,0.000000,0.091354,0.683236,0.677108,0.000000,0.616340,0.488598,0.000000,0.018978,0.000000,0.000000,0.000000,0.264025,0.331260,0.125515,0.000000,0.000000,0.000000,0.000000,0.000000,0.000000,0.517164,0.277992,0.000000,0.318323,0.000000,0.000000,0.037595,0.305136,0.174363,0.158391,0.000000,0.108598,0.670862,0.000000,0.000000,0.073777,0.205403,0.585780,0.291694,0.000000,0.468621,0.608918,0.658005,0.000000,0.249788,0.000000,0.055859,0.380597,0.000000,0.000000,0.000000
uid837,0.651389,0.000000,0.235276,0.158391,0.000000,0.585780,0.249788,0.000000,0.670862,0.000000,0.000000,0.569599,0.000000,0.000000,0.593641,0.000000,0.507824,0.000000,0.091354,0.108598,0.220482,0.037595,0.000000,0.426295,0.000000,0.000000,0.468621,0.544135,0.000000,0.000000,0.403884,0.447863,0.190031,0.356401,0.125515,0.205403,0.683236,0.706606,0.000000,0.305136,0.000000,0.291694,0.331260,0.535317,0.000000,0.000000,0.644645,0.392352,0.000000,0.000000,0.055859,0.073777,0.577767,0.677108,0.000000,0.000000,0.000000
uid838,0.000000,0.000000,0.000000,0.318323,0.291694,0.000000,0.220482,0.403884,0.415196,0.000000,0.677108,0.447863,0.000000,0.055859,0.000000,0.356401,0.190031,0.601353,0.000000,0.458341,0.000000,0.000000,0.000000,0.000000,0.000000,0.000000,0.174363,0.018978,0.000000,0.552786,0.569599,0.091354,0.526327,0.264025,0.644645,0.331260,0.000000,0.158391,0.000000,0.000000,0.000000,0.037595,0.249788,0.507824,0.000000,0.658005,0.073777,0.000000,0.000000,0.000000,0.108598,0.478705,0.000000,0.468621,0.000000,0.000000,0.000000
uid839,0.108598,0.000000,0.125515,0.488598,0.000000,0.000000,0.458341,0.091354,0.426295,0.000000,0.318323,0.000000,0.000000,0.380597,0.000000,0.000000,0.000000,0.000000,0.447863,0.000000,0.000000,0.000000,0.055859,0.000000,0.000000,0.000000,0.142110,0.000000,0.000000,0.000000,0.000000,0.343951,0.000000,0.037595,0.235276,0.190031,0.000000,0.000000,0.415196,0.073777,0.000000,0.000000,0.249788,0.264025,0.205403,0.000000,0.305136,0.277992,0.392352,0.000000,0.000000,0.000000,0.331260,0.000000,0.000000,0.000000,0.000000
uid840,0.000000,0.000000,0.249788,0.000000,0.000000,0.000000,0.235276,0.174363,0.142110,0.000000,0.037595,0.000000,0.000000,0.073777,0.000000,0.000000,0.000000,0.000000,0.190031,0.000000,0.000000,0.000000,0.000000,0.000000,0.000000,0.000000,0.291694,0.205403,0.000000,0.000000,0.000000,0.018978,0.000000,0.264025,0.091354,0.000000,0.000000,0.000000,0.158391,0.000000,0.000000,0.000000,0.000000,0.220482,0.000000,0.000000,0.000000,0.000000,0.125515,0.000000,0.000000,0.000000,0.055859,0.000000,0.000000,0.000000,0.000000
uid841,0.037595,0.000000,0.392352,0.018978,0.091354,0.779892,0.380597,0.125515,0.458341,0.000000,0.305136,0.738468,0.000000,0.818271,0.814755,0.498303,0.593641,0.517164,0.000000,0.437182,0.821720,0.000000,0.000000,0.000000,0.664495,0.000000,0.569599,0.073777,0.000000,0.426295,0.717636,0.249788,0.343951,0.000000,0.235276,0.190031,0.000000,0.608918,0.762360,0.142110,0.000000,0.488598,0.689247,0.552786,0.000000,0.855598,0.264025,0.478705,0.000000,0.000000,0.535317,0.356401,0.205403,0.000000,0.825103,0.000000,0.000000
uid842,0.569599,0.000000,0.037595,0.488598,0.368615,0.000000,0.073777,0.807519,0.811172,0.000000,0.717636,0.712174,0.000000,0.277992,0.000000,0.871280,0.000000,0.458341,0.517164,0.356401,0.055859,0.205403,0.000000,0.000000,0.876119,0.000000,0.593641,0.478705,0.000000,0.526327,0.000000,0.264025,0.000000,0.235276,0.392352,0.018978,0.000000,0.343951,0.800000,0.142110,0.858339,0.125515,0.174363,0.630764,0.507824,0.000000,0.651389,0.249788,0.796131,0.000000,0.426295,0.757763,0.305136,0.552786,0.000000,0.866252,0.889573
uid843,0.220482,0.073777,0.415196,0.277992,0.000000,0.000000,0.458341,0.000000,0.108598,0.000000,0.205403,0.000000,0.000000,0.142110,0.000000,0.343951,0.000000,0.000000,0.426295,0.517164,0.000000,0.000000,0.000000,0.000000,0.318323,0.000000,0.125515,0.437182,0.000000,0.000000,0.498303,0.158391,0.018978,0.000000,0.000000,0.190031,0.305136,0.000000,0.000000,0.037595,0.000000,0.174363,0.000000,0.055859,0.000000,0.000000,0.000000,0.000000,0.000000,0.000000,0.000000,0.000000,0.000000,0.000000,0.000000,0.000000,0.000000
uid844,0.108598,0.937849,0.000000,0.403884,0.392352,0.889573,0.535317,0.517164,0.507824,0.000000,0.415196,0.331260,0.000000,0.468621,0.000000,0.664495,0.000000,0.220482,0.526327,0.000000,0.738468,0.913920,0.608918,0.788167,0.695145,0.000000,0.018978,0.552786,0.000000,0.784069,0.771294,0.235276,0.291694,0.037595,0.125515,0.073777,0.000000,0.831678,0.498303,0.585780,0.644645,0.818271,0.142110,0.158391,0.091354,0.706606,0.190031,0.205403,0.368615,0.000000,0.000000,0.000000,0.277992,0.318323,0.000000,0.637771,0.901565
uid845,0.037595,0.000000,0.190031,0.403884,0.811172,0.000000,0.683236,0.249788,0.220482,0.000000,0.743431,0.585780,0.000000,0.706606,0.000000,0.623621,0.478705,0.517164,0.235276,0.630764,0.644645,0.000000,0.000000,0.000000,0.343951,0.000000,0.142110,0.753077,0.000000,0.670862,0.000000,0.415196,0.368615,0.108598,0.000000,0.091354,0.507824,0.834873,0.728252,0.447863,0.000000,0.318323,0.018978,0.174363,0.205403,0.331260,0.158391,0.073777,0.738468,0.000000,0.788167,0.000000,0.700930,0.689247,0.000000,0.000000,0.000000
uid846,0.091354,0.585780,0.000000,0.190031,0.651389,0.000000,0.498303,0.478705,0.018978,0.000000,0.073777,0.000000,0.368615,0.174363,0.000000,0.235276,0.616340,0.552786,0.526327,0.000000,0.437182,0.000000,0.000000,0.000000,0.264025,0.000000,0.108598,0.331260,0.000000,0.507824,0.447863,0.000000,0.249788,0.343951,0.403884,0.037595,0.125515,0.000000,0.000000,0.561273,0.000000,0.055859,0.706606,0.517164,0.608918,0.000000,0.000000,0.468621,0.000000,0.644645,0.000000,0.000000,0.728252,0.000000,0.000000,0.000000,0.000000
uid847,0.468621,0.748300,0.318323,0.608918,0.249788,0.623621,0.437182,0.792187,0.000000,0.000000,0.343951,0.644645,0.000000,0.000000,0.458341,0.356401,0.000000,0.158391,0.368615,0.380597,0.664495,0.000000,0.000000,0.000000,0.205403,0.000000,0.738468,0.142110,0.488598,0.852805,0.331260,0.091354,0.415196,0.037595,0.552786,0.535317,0.700930,0.073777,0.220482,0.108598,0.585780,0.757763,0.637771,0.125515,0.018978,0.000000,0.677108,0.174363,0.878470,0.753077,0.873723,0.000000,0.814755,0.055859,0.000000,0.630764,0.000000
uid848,0.664495,0.000000,0.000000,0.220482,0.037595,0.577767,0.055859,0.235276,0.695145,0.000000,0.498303,0.000000,0.825103,0.073777,0.771294,0.205403,0.000000,0.458341,0.447863,0.766870,0.855598,0.426295,0.000000,0.000000,0.468621,0.000000,0.403884,0.380597,0.000000,0.000000,0.841081,0.000000,0.392352,0.125515,0.601353,0.158391,0.912255,0.174363,0.569599,0.488598,0.507824,0.091354,0.018978,0.305136,0.318323,0.000000,0.670862,0.331260,0.616340,0.000000,0.000000,0.677108,0.585780,0.722995,0.000000,0.807519,0.343951
uid849,0.000000,0.000000,0.000000,0.055859,0.403884,0.000000,0.000000,0.205403,0.000000,0.437182,0.000000,0.000000,0.000000,0.220482,0.000000,0.498303,0.468621,0.447863,0.000000,0.305136,0.125515,0.000000,0.000000,0.000000,0.091354,0.000000,0.037595,0.018978,0.000000,0.000000,0.108598,0.264025,0.174363,0.368615,0.073777,0.000000,0.000000,0.000000,0.000000,0.277992,0.000000,0.142110,0.331260,0.426295,0.000000,0.000000,0.000000,0.158391,0.000000,0.000000,0.000000,0.000000,0.249788,0.000000,0.000000,0.318323,0.000000
uid850,0.142110,0.174363,0.000000,0.291694,0.670862,0.000000,0.000000,0.380597,0.403884,0.000000,0.458341,0.000000,0.235276,0.392352,0.000000,0.561273,0.616340,0.055859,0.108598,0.000000,0.368615,0.000000,0.000000,0.000000,0.264025,0.000000,0.249788,0.158391,0.000000,0.018978,0.318323,0.415196,0.331260,0.205403,0.277992,0.426295,0.478705,0.000000,0.000000,0.125515,0.000000,0.037595,0.706606,0.073777,0.608918,0.000000,0.000000,0.091354,0.000000,0.630764,0.000000,0.000000,0.728252,0.000000,0.000000,0.000000,0.000000
uid851,0.498303,0.722995,0.535317,0.831678,0.277992,0.000000,0.108598,0.415196,0.073777,0.000000,0.264025,0.757763,0.821720,0.356401,0.000000,0.930278,0.743431,0.125515,0.468621,0.762360,0.844096,0.623621,0.000000,0.000000,0.658005,0.000000,0.601353,0.055859,0.000000,0.677108,0.000000,0.018978,0.526327,0.037595,0.158391,0.488598,0.918728,0.091354,0.368615,0.664495,0.000000,0.683236,0.630764,0.447863,0.331260,0.190031,0.878470,0.651389,0.392352,0.000000,0.000000,0.561273,0.291694,0.788167,0.000000,0.000000,0.569599
uid852,0.897720,0.664495,0.753077,0.091354,0.277992,0.343951,0.630764,0.235276,0.458341,0.544135,0.807519,0.616340,0.037595,0.220482,0.712174,0.601353,0.569599,0.561273,0.866252,0.000000,0.158391,0.000000,0.000000,0.000000,0.073777,0.000000,0.055859,0.018978,0.000000,0.695145,0.142110,0.392352,0.190031,0.000000,0.108598,0.762360,0.000000,0.608918,0.000000,0.535317,0.264025,0.125515,0.683236,0.552786,0.000000,0.000000,0.899661,0.174363,0.878470,0.356401,0.912255,0.000000,0.447863,0.468621,0.706606,0.507824,0.000000
uid853,0.000000,0.000000,0.055859,0.498303,0.488598,0.000000,0.073777,0.000000,0.000000,0.000000,0.000000,0.249788,0.000000,0.000000,0.000000,0.000000,0.000000,0.356401,0.437182,0.331260,0.037595,0.000000,0.000000,0.000000,0.447863,0.000000,0.000000,0.000000,0.000000,0.000000,0.000000,0.507824,0.000000,0.000000,0.426295,0.018978,0.458341,0.277992,0.000000,0.142110,0.000000,0.125515,0.174363,0.000000,0.000000,0.318323,0.220482,0.000000,0.392352,0.368615,0.305136,0.000000,0.000000,0.235276,0.000000,0.000000,0.000000
uid854,0.318323,0.368615,0.447863,0.526327,0.000000,0.000000,0.235276,0.658005,0.000000,0.644645,0.426295,0.535317,0.000000,0.142110,0.717636,0.000000,0.403884,0.174363,0.190031,0.677108,0.000000,0.108598,0.000000,0.000000,0.220482,0.000000,0.055859,0.018978,0.000000,0.249788,0.458341,0.517164,0.125515,0.468621,0.651389,0.478705,0.000000,0.000000,0.000000,0.205403,0.000000,0.264025,0.091354,0.073777,0.415196,0.000000,0.608918,0.158391,0.000000,0.000000,0.000000,0.000000,0.593641,0.000000,0.000000,0.000000,0.037595
uid855,0.277992,0.000000,0.249788,0.488598,0.753077,0.000000,0.125515,0.220482,0.055859,0.000000,0.018978,0.800000,0.917156,0.073777,0.000000,0.517164,0.000000,0.788167,0.158391,0.818271,0.585780,0.743431,0.000000,0.683236,0.426295,0.000000,0.305136,0.235276,0.000000,0.677108,0.552786,0.108598,0.437182,0.392352,0.190031,0.318323,0.000000,0.700930,0.091354,0.792187,0.458341,0.796131,0.264025,0.037595,0.142110,0.608918,0.356401,0.331260,0.205403,0.000000,0.000000,0.831678,0.000000,0.834873,0.000000,0.478705,0.748300
uid856,0.683236,0.488598,0.834873,0.426295,0.380597,0.437182,0.018978,0.658005,0.000000,0.968216,0.743431,0.073777,0.577767,0.037595,0.695145,0.841081,0.971120,0.000000,0.811172,0.055859,0.637771,0.000000,0.000000,0.000000,0.343951,0.000000,0.585780,0.392352,0.871280,0.235276,0.630764,0.677108,0.205403,0.264025,0.356401,0.305136,0.000000,0.912255,0.000000,0.478705,0.331260,0.125515,0.544135,0.091354,0.277992,0.000000,0.964344,0.415196,0.000000,0.880777,0.700930,0.142110,0.670862,0.158391,0.941321,0.792187,0.000000
uid857,0.757763,0.766870,0.000000,0.190031,0.368615,0.683236,0.018978,0.488598,0.784069,0.000000,0.091354,0.792187,0.000000,0.415196,0.852805,0.125515,0.775634,0.585780,0.577767,0.788167,0.000000,0.561273,0.000000,0.000000,0.205403,0.000000,0.535317,0.526327,0.000000,0.717636,0.000000,0.264025,0.000000,0.037595,0.108598,0.277992,0.000000,0.249788,0.664495,0.601353,0.073777,0.392352,0.142110,0.291694,0.318323,0.000000,0.174363,0.158391,0.706606,0.000000,0.000000,0.818271,0.677108,0.814755,0.000000,0.055859,0.498303
uid858,0.733409,0.000000,0.000000,0.125515,0.331260,0.000000,0.291694,0.677108,0.437182,0.000000,0.623621,0.593641,0.000000,0.220482,0.000000,0.000000,0.000000,0.037595,0.108598,0.190031,0.488598,0.000000,0.738468,0.000000,0.000000,0.000000,0.000000,0.018978,0.000000,0.091354,0.000000,0.142110,0.205403,0.055859,0.343951,0.305136,0.000000,0.277992,0.664495,0.722995,0.000000,0.264025,0.392352,0.478705,0.073777,0.403884,0.569599,0.507824,0.651389,0.000000,0.000000,0.000000,0.249788,0.174363,0.000000,0.000000,0.000000
uid859,0.000000,0.000000,0.000000,0.392352,0.235276,0.000000,0.368615,0.000000,0.403884,0.091354,0.000000,0.000000,0.000000,0.142110,0.000000,0.174363,0.249788,0.108598,0.000000,0.447863,0.037595,0.000000,0.000000,0.000000,0.000000,0.000000,0.018978,0.000000,0.000000,0.000000,0.000000,0.264025,0.000000,0.190031,0.073777,0.000000,0.000000,0.158391,0.000000,0.055859,0.000000,0.535317,0.000000,0.125515,0.000000,0.000000,0.000000,0.305136,0.000000,0.000000,0.468621,0.000000,0.000000,0.498303,0.000000,0.220482,0.000000
uid860,0.000000,0.000000,0.000000,0.073777,0.055859,0.220482,0.000000,0.249788,0.000000,0.000000,0.205403,0.000000,0.000000,0.000000,0.318323,0.000000,0.000000,0.000000,0.000000,0.000000,0.000000,0.000000,0.000000,0.000000,0.000000,0.000000,0.000000,0.125515,0.000000,0.000000,0.091354,0.108598,0.000000,0.037595,0.264025,0.000000,0.000000,0.000000,0.190031,0.000000,0.000000,0.000000,0.000000,0.000000,0.000000,0.000000,0.000000,0.000000,0.018978,0.000000,0.000000,0.000000,0.235276,0.000000,0.331260,0.000000,0.000000
uid861,0.055859,0.811172,0.637771,0.437182,0.828422,0.917156,0.158391,0.757763,0.380597,0.957633,0.220482,0.368615,0.000000,0.766870,0.000000,0.235276,0.935422,0.318323,0.658005,0.018978,0.601353,0.000000,0.000000,0.000000,0.944599,0.000000,0.174363,0.630764,0.728252,0.091354,0.644645,0.073777,0.277992,0.142110,0.108598,0.392352,0.478705,0.535317,0.000000,0.871280,0.000000,0.291694,0.788167,0.415196,0.356401,0.000000,0.498303,0.190031,0.000000,0.814755,0.264025,0.000000,0.037595,0.125515,0.901565,0.771294,0.000000
uid862,0.000000,0.000000,0.305136,0.343951,0.142110,0.478705,0.108598,0.235276,0.415196,0.264025,0.000000,0.368615,0.000000,0.000000,0.000000,0.000000,0.000000,0.000000,0.447863,0.000000,0.000000,0.000000,0.000000,0.000000,0.055859,0.000000,0.000000,0.437182,0.000000,0.392352,0.318323,0.125515,0.331260,0.190031,0.205403,0.220482,0.000000,0.517164,0.000000,0.000000,0.000000,0.000000,0.277992,0.091354,0.037595,0.000000,0.174363,0.000000,0.000000,0.000000,0.000000,0.000000,0.018978,0.000000,0.000000,0.000000,0.000000
uid863,0.000000,0.000000,0.526327,0.331260,0.000000,0.000000,0.368615,0.561273,0.249788,0.000000,0.108598,0.037595,0.000000,0.478705,0.468621,0.318323,0.000000,0.220482,0.000000,0.205403,0.458341,0.000000,0.000000,0.000000,0.000000,0.000000,0.055859,0.000000,0.000000,0.073777,0.437182,0.277992,0.142110,0.018978,0.174363,0.091354,0.000000,0.000000,0.000000,0.403884,0.000000,0.305136,0.447863,0.392352,0.125515,0.000000,0.000000,0.264025,0.000000,0.000000,0.000000,0.000000,0.000000,0.000000,0.426295,0.000000,0.000000
uid864,0.000000,0.000000,0.000000,0.356401,0.000000,0.000000,0.458341,0.488598,0.000000,0.000000,0.380597,0.677108,0.000000,0.000000,0.000000,0.000000,0.174363,0.000000,0.291694,0.142110,0.468621,0.264025,0.000000,0.018978,0.000000,0.000000,0.220482,0.535317,0.000000,0.158391,0.073777,0.000000,0.190031,0.689247,0.235276,0.055859,0.000000,0.000000,0.403884,0.277992,0.593641,0.091354,0.000000,0.426295,0.437182,0.000000,0.000000,0.125515,0.630764,0.000000,0.318323,0.305136,0.664495,0.000000,0.000000,0.000000,0.000000
uid865,0.000000,0.000000,0.000000,0.249788,0.437182,0.000000,0.055859,0.356401,0.000000,0.000000,0.743431,0.037595,0.318323,0.073777,0.683236,0.000000,0.000000,0.458341,0.488598,0.018978,0.426295,0.468621,0.000000,0.000000,0.331260,0.000000,0.291694,0.305136,0.000000,0.235276,0.380597,0.695145,0.205403,0.264025,0.277992,0.569599,0.000000,0.000000,0.825103,0.561273,0.000000,0.108598,0.526327,0.091354,0.803796,0.000000,0.722995,0.392352,0.818271,0.000000,0.000000,0.174363,0.616340,0.142110,0.775634,0.664495,0.517164
uid866,0.305136,0.962951,0.630764,0.158391,0.437182,0.942435,0.415196,0.910557,0.907063,0.000000,0.526327,0.000000,0.249788,0.220482,0.796131,0.847055,0.885259,0.775634,0.108598,0.091354,0.717636,0.018978,0.000000,0.849958,0.821720,0.712174,0.651389,0.264025,0.000000,0.000000,0.577767,0.356401,0.380597,0.235276,0.125515,0.458341,0.828422,0.291694,0.905265,0.190031,0.535317,0.205403,0.488598,0.601353,0.517164,0.766870,0.706606,0.569599,0.544135,0.779892,0.055859,0.073777,0.392352,0.722995,0.923268,0.000000,0.000000
uid867,0.000000,0.000000,0.608918,0.331260,0.403884,0.000000,0.368615,0.000000,0.220482,0.000000,0.108598,0.037595,0.000000,0.577767,0.544135,0.318323,0.000000,0.235276,0.000000,0.205403,0.561273,0.000000,0.000000,0.000000,0.507824,0.000000,0.018978,0.000000,0.000000,0.055859,0.552786,0.264025,0.142110,0.091354,0.158391,0.073777,0.000000,0.000000,0.000000,0.517164,0.000000,0.291694,0.426295,0.392352,0.125515,0.000000,0.000000,0.277992,0.000000,0.000000,0.000000,0.000000,0.415196,0.000000,0.535317,0.000000,0.000000
uid868,0.108598,0.000000,0.018978,0.356401,0.380597,0.889573,0.526327,0.498303,0.507824,0.000000,0.415196,0.343951,0.000000,0.458341,0.000000,0.664495,0.000000,0.277992,0.535317,0.792187,0.000000,0.847055,0.608918,0.000000,0.695145,0.000000,0.000000,0.552786,0.000000,0.844096,0.000000,0.249788,0.291694,0.037595,0.142110,0.073777,0.000000,0.771294,0.517164,0.569599,0.630764,0.722995,0.158391,0.125515,0.091354,0.000000,0.205403,0.190031,0.403884,0.000000,0.000000,0.814755,0.305136,0.220482,0.000000,0.644645,0.838006
uid869,0.091354,0.807519,0.000000,0.356401,0.392352,0.771294,0.517164,0.437182,0.677108,0.961504,0.535317,0.318323,0.926153,0.658005,0.939029,0.544135,0.818271,0.291694,0.651389,0.866252,0.930278,0.000000,0.478705,0.000000,0.577767,0.000000,0.055859,0.415196,0.000000,0.779892,0.931601,0.264025,0.220482,0.018978,0.073777,0.125515,0.000000,0.889573,0.623621,0.468621,0.526327,0.733409,0.158391,0.190031,0.108598,0.000000,0.205403,0.142110,0.380597,0.000000,0.000000,0.878470,0.249788,0.235276,0.000000,0.507824,0.000000
uid870,0.356401,0.677108,0.000000,0.331260,0.108598,0.318323,0.658005,0.535317,0.838006,0.000000,0.498303,0.091354,0.000000,0.585780,0.415196,0.037595,0.738468,0.000000,0.630764,0.403884,0.018978,0.000000,0.000000,0.000000,0.249788,0.000000,0.055859,0.291694,0.000000,0.507824,0.644645,0.368615,0.142110,0.125515,0.000000,0.190031,0.000000,0.073777,0.000000,0.695145,0.235276,0.637771,0.616340,0.552786,0.174363,0.000000,0.728252,0.343951,0.000000,0.788167,0.392352,0.000000,0.380597,0.437182,0.000000,0.593641,0.000000
uid871,0.893724,0.934172,0.037595,0.544135,0.426295,0.000000,0.073777,0.552786,0.775634,0.712174,0.831678,0.757763,0.000000,0.488598,0.000000,0.561273,0.415196,0.644645,0.637771,0.000000,0.055859,0.190031,0.000000,0.291694,0.664495,0.000000,0.356401,0.593641,0.000000,0.380597,0.264025,0.343951,0.000000,0.220482,0.728252,0.018978,0.000000,0.517164,0.000000,0.142110,0.000000,0.125515,0.174363,0.577767,0.944599,0.821720,0.895741,0.249788,0.873723,0.000000,0.908827,0.000000,0.858339,0.000000,0.849958,0.677108,0.569599
uid872,0.220482,0.000000,0.873723,0.651389,0.415196,0.055859,0.561273,0.695145,0.018978,0.000000,0.544135,0.908827,0.000000,0.000000,0.913920,0.000000,0.788167,0.000000,0.488598,0.108598,0.700930,0.125515,0.000000,0.743431,0.000000,0.000000,0.630764,0.174363,0.000000,0.717636,0.356401,0.305136,0.264025,0.897720,0.037595,0.623621,0.000000,0.291694,0.683236,0.190031,0.552786,0.706606,0.073777,0.142110,0.368615,0.844096,0.849958,0.205403,0.585780,0.855598,0.728252,0.664495,0.498303,0.932899,0.000000,0.158391,0.249788
uid873,0.305136,0.569599,0.000000,0.000000,0.478705,0.738468,0.190031,0.158391,0.142110,0.670862,0.593641,0.000000,0.000000,0.073777,0.000000,0.000000,0.784069,0.000000,0.174363,0.748300,0.000000,0.000000,0.318323,0.000000,0.651389,0.000000,0.771294,0.220482,0.000000,0.000000,0.000000,0.018978,0.343951,0.249788,0.055859,0.392352,0.000000,0.507824,0.125515,0.277992,0.000000,0.585780,0.000000,0.205403,0.037595,0.000000,0.468621,0.712174,0.091354,0.000000,0.488598,0.000000,0.000000,0.000000,0.000000,0.331260,0.000000
uid874,0.000000,0.000000,0.644645,0.447863,0.585780,0.757763,0.091354,0.108598,0.000000,0.174363,0.828422,0.722995,0.158391,0.561273,0.753077,0.142110,0.000000,0.343951,0.468621,0.356401,0.235276,0.695145,0.000000,0.000000,0.000000,0.000000,0.784069,0.415196,0.000000,0.403884,0.834873,0.488598,0.264025,0.055859,0.616340,0.577767,0.000000,0.249788,0.818271,0.073777,0.858339,0.544135,0.593641,0.037595,0.000000,0.220482,0.368615,0.125515,0.291694,0.318323,0.018978,0.803796,0.535317,0.478705,0.000000,0.000000,0.000000
uid875,0.331260,0.498303,0.903433,0.664495,0.055859,0.924724,0.517164,0.630764,0.811172,0.174363,0.356401,0.125515,0.000000,0.000000,0.318323,0.264025,0.205403,0.158391,0.658005,0.291694,0.235276,0.000000,0.000000,0.000000,0.689247,0.000000,0.190031,0.561273,0.000000,0.403884,0.748300,0.018978,0.380597,0.073777,0.142110,0.426295,0.000000,0.249788,0.000000,0.108598,0.000000,0.585780,0.593641,0.220482,0.458341,0.000000,0.706606,0.616340,0.766870,0.000000,0.415196,0.000000,0.305136,0.468621,0.000000,0.037595,0.000000
uid876,0.055859,0.526327,0.000000,0.700930,0.318323,0.000000,0.478705,0.706606,0.000000,0.356401,0.220482,0.174363,0.000000,0.305136,0.073777,0.426295,0.392352,0.380597,0.585780,0.037595,0.415196,0.000000,0.000000,0.000000,0.753077,0.000000,0.142110,0.577767,0.000000,0.205403,0.000000,0.000000,0.249788,0.158391,0.403884,0.190031,0.000000,0.447863,0.000000,0.368615,0.000000,0.601353,0.561273,0.343951,0.235276,0.000000,0.608918,0.000000,0.000000,0.000000,0.108598,0.000000,0.018978,0.091354,0.000000,0.264025,0.000000
uid877,0.757763,0.766870,0.000000,0.055859,0.368615,0.683236,0.507824,0.343951,0.174363,0.000000,0.630764,0.796131,0.847055,0.415196,0.000000,0.601353,0.784069,0.468621,0.142110,0.792187,0.220482,0.426295,0.000000,0.000000,0.488598,0.000000,0.392352,0.249788,0.000000,0.722995,0.318323,0.037595,0.403884,0.158391,0.700930,0.018978,0.000000,0.000000,0.670862,0.478705,0.623621,0.544135,0.437182,0.091354,0.073777,0.125515,0.000000,0.108598,0.712174,0.000000,0.000000,0.825103,0.689247,0.818271,0.000000,0.000000,0.331260
uid878,0.498303,0.000000,0.000000,0.458341,0.174363,0.468621,0.000000,0.000000,0.000000,0.142110,0.593641,0.249788,0.000000,0.055859,0.517164,0.220482,0.190031,0.037595,0.000000,0.507824,0.073777,0.000000,0.000000,0.000000,0.380597,0.000000,0.235276,0.426295,0.000000,0.585780,0.000000,0.125515,0.305136,0.108598,0.000000,0.331260,0.000000,0.264025,0.000000,0.205403,0.368615,0.000000,0.000000,0.018978,0.343951,0.000000,0.000000,0.447863,0.000000,0.000000,0.526327,0.000000,0.488598,0.535317,0.000000,0.091354,0.000000
uid879,0.392352,0.000000,0.000000,0.235276,0.174363,0.331260,0.880777,0.000000,0.356401,0.807519,0.415196,0.644645,0.000000,0.468621,0.601353,0.526327,0.814755,0.811172,0.000000,0.585780,0.821720,0.000000,0.000000,0.000000,0.125515,0.000000,0.426295,0.190031,0.000000,0.658005,0.000000,0.277992,0.018978,0.000000,0.108598,0.091354,0.437182,0.249788,0.000000,0.753077,0.158391,0.403884,0.717636,0.305136,0.055859,0.000000,0.895741,0.220482,0.000000,0.000000,0.608918,0.000000,0.593641,0.616340,0.000000,0.766870,0.000000
uid880,0.055859,0.977052,0.526327,0.478705,0.318323,0.964344,0.235276,0.950615,0.834873,0.947694,0.893724,0.807519,0.000000,0.174363,0.757763,0.683236,0.972205,0.658005,0.037595,0.264025,0.828422,0.380597,0.000000,0.664495,0.623621,0.000000,0.517164,0.000000,0.000000,0.392352,0.957633,0.190031,0.220482,0.535317,0.091354,0.305136,0.616340,0.018978,0.000000,0.073777,0.000000,0.158391,0.343951,0.125515,0.552786,0.000000,0.601353,0.608918,0.706606,0.000000,0.415196,0.403884,0.205403,0.838006,0.907063,0.796131,0.000000
uid881,0.601353,0.000000,0.658005,0.190031,0.748300,0.000000,0.037595,0.368615,0.356401,0.000000,0.091354,0.000000,0.000000,0.291694,0.876119,0.125515,0.000000,0.852805,0.380597,0.623621,0.488598,0.706606,0.000000,0.585780,0.205403,0.000000,0.841081,0.415196,0.000000,0.577767,0.544135,0.264025,0.000000,0.018978,0.108598,0.644645,0.932899,0.757763,0.343951,0.683236,0.073777,0.664495,0.142110,0.392352,0.277992,0.437182,0.174363,0.158391,0.331260,0.000000,0.000000,0.000000,0.249788,0.616340,0.000000,0.055859,0.821720
uid882,0.205403,0.488598,0.689247,0.664495,0.368615,0.792187,0.037595,0.623621,0.125515,0.616340,0.517164,0.630764,0.000000,0.447863,0.000000,0.000000,0.775634,0.000000,0.343951,0.000000,0.000000,0.000000,0.000000,0.000000,0.585780,0.000000,0.717636,0.142110,0.000000,0.220482,0.683236,0.174363,0.018978,0.091354,0.277992,0.073777,0.000000,0.426295,0.000000,0.158391,0.000000,0.249788,0.264025,0.577767,0.569599,0.000000,0.190031,0.000000,0.055859,0.000000,0.392352,0.000000,0.318323,0.000000,0.291694,0.000000,0.000000
uid883,0.000000,0.000000,0.000000,0.415196,0.018978,0.517164,0.235276,0.403884,0.000000,0.000000,0.426295,0.000000,0.000000,0.091354,0.000000,0.380597,0.000000,0.190031,0.158391,0.000000,0.000000,0.108598,0.000000,0.000000,0.220482,0.000000,0.073777,0.055859,0.000000,0.577767,0.000000,0.249788,0.125515,0.277992,0.535317,0.356401,0.000000,0.368615,0.507824,0.205403,0.437182,0.305136,0.142110,0.037595,0.000000,0.000000,0.000000,0.174363,0.561273,0.000000,0.000000,0.000000,0.526327,0.000000,0.000000,0.000000,0.000000
uid884,0.000000,0.000000,0.000000,0.000000,0.000000,0.000000,0.000000,0.000000,0.000000,0.000000,0.000000,0.000000,0.000000,0.000000,0.037595,0.000000,0.000000,0.000000,0.108598,0.000000,0.125515,0.000000,0.000000,0.000000,0.000000,0.000000,0.142110,0.073777,0.000000,0.000000,0.000000,0.000000,0.055859,0.000000,0.000000,0.000000,0.000000,0.000000,0.000000,0.000000,0.000000,0.000000,0.000000,0.000000,0.000000,0.000000,0.000000,0.000000,0.000000,0.000000,0.000000,0.000000,0.091354,0.000000,0.000000,0.000000,0.000000
uid885,0.108598,0.000000,0.937849,0.478705,0.125515,0.658005,0.000000,0.000000,0.158391,0.852805,0.018978,0.722995,0.000000,0.415196,0.695145,0.447863,0.844096,0.855598,0.000000,0.683236,0.866252,0.000000,0.000000,0.000000,0.468621,0.000000,0.403884,0.055859,0.000000,0.728252,0.000000,0.220482,0.488598,0.073777,0.608918,0.356401,0.392352,0.235276,0.000000,0.249788,0.593641,0.343951,0.775634,0.037595,0.205403,0.000000,0.142110,0.651389,0.000000,0.000000,0.689247,0.174363,0.670862,0.277992,0.000000,0.818271,0.000000
uid886,0.249788,0.855598,0.000000,0.205403,0.108598,0.264025,0.743431,0.825103,0.468621,0.000000,0.426295,0.392352,0.000000,0.561273,0.331260,0.616340,0.821720,0.689247,0.858339,0.305136,0.779892,0.000000,0.000000,0.000000,0.055859,0.000000,0.368615,0.190031,0.000000,0.437182,0.000000,0.277992,0.018978,0.000000,0.174363,0.091354,0.535317,0.807519,0.000000,0.000000,0.158391,0.498303,0.458341,0.733409,0.073777,0.000000,0.753077,0.220482,0.000000,0.000000,0.343951,0.000000,0.291694,0.318323,0.000000,0.000000,0.000000
uid887,0.717636,0.000000,0.644645,0.249788,0.091354,0.000000,0.073777,0.264025,0.507824,0.380597,0.651389,0.468621,0.000000,0.158391,0.722995,0.235276,0.403884,0.392352,0.658005,0.535317,0.426295,0.000000,0.000000,0.000000,0.923268,0.000000,0.437182,0.637771,0.733409,0.498303,0.664495,0.037595,0.695145,0.142110,0.018978,0.205403,0.779892,0.190031,0.000000,0.356401,0.000000,0.125515,0.055859,0.368615,0.000000,0.000000,0.748300,0.544135,0.000000,0.000000,0.601353,0.000000,0.807519,0.771294,0.831678,0.291694,0.000000
uid888,0.807519,0.000000,0.318323,0.174363,0.771294,0.468621,0.235276,0.569599,0.630764,0.000000,0.601353,0.447863,0.000000,0.526327,0.478705,0.644645,0.000000,0.018978,0.108598,0.190031,0.291694,0.368615,0.811172,0.918728,0.689247,0.000000,0.000000,0.091354,0.000000,0.142110,0.913920,0.125515,0.205403,0.158391,0.608918,0.305136,0.000000,0.828422,0.552786,0.220482,0.706606,0.249788,0.331260,0.415196,0.055859,0.905265,0.695145,0.437182,0.544135,0.000000,0.000000,0.940186,0.488598,0.037595,0.000000,0.670862,0.000000
uid889,0.000000,0.000000,0.000000,0.142110,0.000000,0.000000,0.125515,0.235276,0.000000,0.000000,0.205403,0.000000,0.000000,0.000000,0.000000,0.000000,0.000000,0.000000,0.174363,0.000000,0.249788,0.000000,0.000000,0.000000,0.000000,0.000000,0.073777,0.000000,0.000000,0.291694,0.000000,0.000000,0.091354,0.000000,0.305136,0.055859,0.000000,0.000000,0.220482,0.000000,0.000000,0.277992,0.000000,0.037595,0.108598,0.000000,0.000000,0.000000,0.000000,0.000000,0.318323,0.158391,0.000000,0.000000,0.000000,0.000000,0.000000
uid890,0.291694,0.000000,0.235276,0.108598,0.000000,0.000000,0.000000,0.000000,0.000000,0.000000,0.000000,0.458341,0.000000,0.000000,0.000000,0.488598,0.000000,0.000000,0.158391,0.174363,0.000000,0.000000,0.000000,0.507824,0.000000,0.000000,0.249788,0.073777,0.000000,0.037595,0.000000,0.125515,0.392352,0.055859,0.331260,0.264025,0.000000,0.544135,0.000000,0.000000,0.000000,0.000000,0.318323,0.343951,0.091354,0.000000,0.356401,0.368615,0.000000,0.000000,0.018978,0.000000,0.437182,0.190031,0.000000,0.000000,0.000000
uid891,0.000000,0.000000,0.683236,0.000000,0.291694,0.091354,0.235276,0.644645,0.637771,0.766870,0.415196,0.108598,0.000000,0.174363,0.142110,0.792187,0.775634,0.771294,0.544135,0.277992,0.569599,0.125515,0.000000,0.000000,0.608918,0.585780,0.552786,0.000000,0.000000,0.000000,0.403884,0.190031,0.205403,0.037595,0.318323,0.305136,0.623621,0.264025,0.000000,0.757763,0.426295,0.249788,0.368615,0.018978,0.392352,0.000000,0.601353,0.458341,0.468621,0.000000,0.000000,0.695145,0.073777,0.577767,0.000000,0.738468,0.000000
uid892,0.658005,0.018978,0.403884,0.000000,0.108598,0.000000,0.158391,0.190031,0.235276,0.000000,0.142110,0.000000,0.000000,0.356401,0.305136,0.447863,0.728252,0.000000,0.535317,0.000000,0.343951,0.000000,0.000000,0.000000,0.000000,0.000000,0.037595,0.205403,0.000000,0.458341,0.318323,0.091354,0.368615,0.380597,0.264025,0.426295,0.000000,0.706606,0.000000,0.644645,0.000000,0.055859,0.220482,0.392352,0.000000,0.000000,0.651389,0.000000,0.585780,0.073777,0.700930,0.000000,0.277992,0.000000,0.291694,0.569599,0.000000
uid893,0.866252,0.873723,0.000000,0.305136,0.670862,0.825103,0.220482,0.478705,0.458341,0.000000,0.264025,0.142110,0.000000,0.426295,0.000000,0.277992,0.000000,0.018978,0.488598,0.000000,0.569599,0.683236,0.000000,0.000000,0.343951,0.000000,0.658005,0.517164,0.000000,0.847055,0.623621,0.000000,0.108598,0.174363,0.249788,0.158391,0.000000,0.775634,0.468621,0.717636,0.235276,0.757763,0.291694,0.507824,0.415196,0.535317,0.073777,0.331260,0.437182,0.000000,0.000000,0.000000,0.091354,0.125515,0.000000,0.205403,0.644645
uid894,0.000000,0.055859,0.000000,0.380597,0.142110,0.569599,0.205403,0.220482,0.264025,0.000000,0.174363,0.000000,0.343951,0.468621,0.018978,0.000000,0.000000,0.000000,0.000000,0.000000,0.426295,0.000000,0.000000,0.000000,0.356401,0.000000,0.108598,0.235276,0.000000,0.000000,0.000000,0.125515,0.437182,0.318323,0.305136,0.000000,0.000000,0.000000,0.552786,0.000000,0.488598,0.091354,0.249788,0.000000,0.000000,0.000000,0.000000,0.037595,0.608918,0.073777,0.000000,0.000000,0.291694,0.000000,0.000000,0.000000,0.000000
uid895,0.468621,0.000000,0.437182,0.055859,0.091354,0.000000,0.291694,0.000000,0.000000,0.000000,0.748300,0.000000,0.000000,0.190031,0.616340,0.712174,0.838006,0.700930,0.142110,0.000000,0.569599,0.158391,0.000000,0.706606,0.664495,0.561273,0.488598,0.415196,0.000000,0.205403,0.766870,0.235276,0.249788,0.447863,0.264025,0.318323,0.670862,0.037595,0.000000,0.811172,0.762360,0.174363,0.356401,0.392352,0.478705,0.000000,0.526327,0.517164,0.757763,0.000000,0.108598,0.018978,0.125515,0.552786,0.000000,0.000000,0.000000
uid896,0.305136,0.907063,0.000000,0.577767,0.249788,0.000000,0.108598,0.683236,0.205403,0.873723,0.091354,0.318323,0.000000,0.695145,0.743431,0.644645,0.796131,0.544135,0.733409,0.507824,0.356401,0.000000,0.000000,0.000000,0.868790,0.000000,0.488598,0.055859,0.000000,0.569599,0.738468,0.037595,0.478705,0.174363,0.415196,0.670862,0.403884,0.158391,0.000000,0.291694,0.000000,0.608918,0.728252,0.000000,0.142110,0.000000,0.073777,0.535317,0.800000,0.000000,0.585780,0.277992,0.689247,0.018978,0.000000,0.700930,0.000000
uid897,0.108598,0.368615,0.887436,0.623621,0.018978,0.517164,0.235276,0.535317,0.861027,0.959226,0.174363,0.766870,0.601353,0.683236,0.291694,0.893724,0.055859,0.000000,0.000000,0.738468,0.670862,0.000000,0.000000,0.000000,0.205403,0.000000,0.616340,0.426295,0.000000,0.415196,0.264025,0.478705,0.037595,0.331260,0.158391,0.775634,0.000000,0.091354,0.526327,0.220482,0.458341,0.468621,0.277992,0.343951,0.784069,0.000000,0.073777,0.658005,0.569599,0.899661,0.125515,0.000000,0.544135,0.748300,0.249788,0.712174,0.000000
uid898,0.305136,0.766870,0.488598,0.190031,0.814755,0.932899,0.249788,0.670862,0.108598,0.926153,0.526327,0.277992,0.000000,0.683236,0.608918,0.158391,0.905265,0.073777,0.517164,0.055859,0.403884,0.000000,0.000000,0.000000,0.921784,0.000000,0.291694,0.498303,0.630764,0.037595,0.535317,0.125515,0.318323,0.235276,0.000000,0.664495,0.392352,0.458341,0.000000,0.748300,0.000000,0.174363,0.712174,0.264025,0.918728,0.000000,0.356401,0.142110,0.000000,0.800000,0.220482,0.000000,0.677108,0.368615,0.866252,0.689247,0.000000
uid899,0.037595,0.917156,0.753077,0.368615,0.458341,0.478705,0.803796,0.863665,0.108598,0.855598,0.125515,0.561273,0.000000,0.055859,0.800000,0.277992,0.899661,0.000000,0.771294,0.700930,0.507824,0.000000,0.000000,0.000000,0.235276,0.000000,0.073777,0.447863,0.818271,0.891668,0.766870,0.142110,0.356401,0.205403,0.392352,0.018978,0.158391,0.695145,0.920271,0.000000,0.468621,0.000000,0.868790,0.779892,0.264025,0.000000,0.601353,0.437182,0.000000,0.526327,0.935422,0.000000,0.585780,0.630764,0.000000,0.000000,0.000000
uid900,0.073777,0.000000,0.055859,0.235276,0.658005,0.000000,0.142110,0.380597,0.944599,0.689247,0.125515,0.717636,0.220482,0.368615,0.437182,0.722995,0.700930,0.695145,0.878470,0.488598,0.264025,0.000000,0.000000,0.000000,0.249788,0.000000,0.291694,0.174363,0.000000,0.792187,0.331260,0.000000,0.158391,0.190031,0.356401,0.018978,0.000000,0.468621,0.000000,0.535317,0.000000,0.343951,0.447863,0.403884,0.616340,0.950615,0.891668,0.305136,0.000000,0.000000,0.762360,0.091354,0.561273,0.748300,0.000000,0.569599,0.000000
uid901,0.468621,0.847055,0.000000,0.037595,0.055859,0.728252,0.403884,0.380597,0.368615,0.000000,0.249788,0.190031,0.866252,0.318323,0.000000,0.608918,0.855598,0.108598,0.392352,0.000000,0.883039,0.788167,0.498303,0.000000,0.811172,0.000000,0.775634,0.426295,0.000000,0.818271,0.880777,0.091354,0.073777,0.000000,0.305136,0.235276,0.000000,0.593641,0.356401,0.478705,0.683236,0.561273,0.517164,0.415196,0.291694,0.000000,0.205403,0.670862,0.018978,0.000000,0.000000,0.000000,0.174363,0.220482,0.000000,0.000000,0.757763
uid902,0.601353,0.091354,0.000000,0.305136,0.205403,0.291694,0.018978,0.264025,0.277992,0.249788,0.000000,0.000000,0.000000,0.437182,0.526327,0.000000,0.458341,0.000000,0.331260,0.478705,0.000000,0.000000,0.000000,0.000000,0.535317,0.000000,0.000000,0.190031,0.000000,0.158391,0.000000,0.220482,0.000000,0.037595,0.235276,0.616340,0.000000,0.415196,0.569599,0.073777,0.000000,0.000000,0.174363,0.055859,0.000000,0.000000,0.000000,0.585780,0.000000,0.000000,0.651389,0.000000,0.447863,0.000000,0.000000,0.000000,0.000000
uid903,0.235276,0.356401,0.018978,0.000000,0.478705,0.000000,0.190031,0.000000,0.000000,0.000000,0.073777,0.000000,0.000000,0.000000,0.220482,0.108598,0.000000,0.000000,0.091354,0.125515,0.000000,0.000000,0.000000,0.000000,0.000000,0.000000,0.488598,0.000000,0.264025,0.415196,0.055859,0.249788,0.174363,0.037595,0.000000,0.000000,0.000000,0.000000,0.000000,0.318323,0.000000,0.468621,0.403884,0.142110,0.000000,0.000000,0.000000,0.447863,0.000000,0.437182,0.000000,0.000000,0.000000,0.000000,0.000000,0.000000,0.000000
uid904,0.356401,0.000000,0.305136,0.722995,0.174363,0.000000,0.018978,0.000000,0.000000,0.000000,0.630764,0.000000,0.000000,0.091354,0.526327,0.706606,0.000000,0.000000,0.458341,0.142110,0.535317,0.000000,0.000000,0.700930,0.569599,0.498303,0.343951,0.277992,0.000000,0.695145,0.637771,0.037595,0.000000,0.318323,0.190031,0.125515,0.593641,0.073777,0.000000,0.000000,0.658005,0.055859,0.220482,0.264025,0.426295,0.000000,0.437182,0.447863,0.689247,0.000000,0.000000,0.000000,0.108598,0.517164,0.000000,0.000000,0.000000
uid905,0.158391,0.913920,0.834873,0.108598,0.055859,0.125515,0.861027,0.889573,0.651389,0.447863,0.775634,0.517164,0.000000,0.174363,0.738468,0.277992,0.458341,0.437182,0.841081,0.700930,0.478705,0.000000,0.000000,0.000000,0.000000,0.000000,0.331260,0.037595,0.873723,0.771294,0.838006,0.205403,0.264025,0.368615,0.468621,0.190031,0.142110,0.507824,0.000000,0.415196,0.018978,0.792187,0.903433,0.426295,0.561273,0.950615,0.623621,0.091354,0.000000,0.784069,0.733409,0.000000,0.722995,0.658005,0.000000,0.380597,0.000000
uid906,0.305136,0.712174,0.743431,0.863665,0.055859,0.000000,0.644645,0.871280,0.415196,0.142110,0.651389,0.277992,0.000000,0.018978,0.507824,0.205403,0.190031,0.264025,0.775634,0.478705,0.174363,0.000000,0.000000,0.000000,0.915553,0.000000,0.220482,0.569599,0.792187,0.717636,0.535317,0.037595,0.331260,0.091354,0.235276,0.844096,0.403884,0.291694,0.000000,0.158391,0.000000,0.887436,0.700930,0.125515,0.849958,0.601353,0.392352,0.883039,0.000000,0.000000,0.825103,0.000000,0.821720,0.000000,0.498303,0.073777,0.000000
uid907,0.000000,0.277992,0.526327,0.190031,0.343951,0.000000,0.380597,0.205403,0.158391,0.000000,0.368615,0.000000,0.000000,0.235276,0.616340,0.552786,0.000000,0.000000,0.601353,0.561273,0.018978,0.000000,0.000000,0.000000,0.000000,0.000000,0.073777,0.415196,0.000000,0.000000,0.608918,0.055859,0.488598,0.498303,0.458341,0.535317,0.000000,0.000000,0.000000,0.000000,0.000000,0.037595,0.426295,0.507824,0.000000,0.000000,0.000000,0.264025,0.000000,0.000000,0.000000,0.000000,0.142110,0.174363,0.000000,0.249788,0.000000
uid908,0.331260,0.000000,0.733409,0.000000,0.585780,0.800000,0.526327,0.000000,0.343951,0.000000,0.368615,0.000000,0.000000,0.380597,0.205403,0.488598,0.000000,0.000000,0.000000,0.037595,0.000000,0.000000,0.000000,0.000000,0.458341,0.000000,0.437182,0.552786,0.000000,0.000000,0.000000,0.142110,0.468621,0.569599,0.753077,0.291694,0.356401,0.073777,0.000000,0.055859,0.779892,0.190031,0.091354,0.220482,0.630764,0.000000,0.593641,0.796131,0.000000,0.000000,0.000000,0.608918,0.264025,0.644645,0.000000,0.125515,0.000000
uid909,0.000000,0.000000,0.055859,0.000000,0.637771,0.331260,0.073777,0.577767,0.585780,0.000000,0.498303,0.318323,0.000000,0.544135,0.356401,0.000000,0.000000,0.392352,0.593641,0.000000,0.037595,0.205403,0.000000,0.000000,0.695145,0.000000,0.644645,0.264025,0.000000,0.717636,0.000000,0.403884,0.000000,0.235276,0.535317,0.018978,0.000000,0.000000,0.561273,0.142110,0.000000,0.125515,0.174363,0.277992,0.526327,0.000000,0.458341,0.220482,0.552786,0.000000,0.000000,0.000000,0.343951,0.468621,0.000000,0.000000,0.630764
uid910,0.000000,0.000000,0.000000,0.000000,0.000000,0.000000,0.000000,0.000000,0.000000,0.000000,0.000000,0.000000,0.000000,0.000000,0.000000,0.000000,0.000000,0.000000,0.037595,0.000000,0.125515,0.000000,0.000000,0.000000,0.220482,0.158391,0.091354,0.073777,0.000000,0.000000,0.291694,0.264025,0.018978,0.000000,0.174363,0.000000,0.235276,0.000000,0.000000,0.000000,0.000000,0.000000,0.000000,0.000000,0.277992,0.000000,0.190031,0.000000,0.000000,0.000000,0.000000,0.000000,0.108598,0.142110,0.000000,0.000000,0.000000
uid911,0.403884,0.000000,0.368615,0.037595,0.205403,0.000000,0.158391,0.932899,0.931601,0.000000,0.743431,0.000000,0.000000,0.091354,0.644645,0.788167,0.887436,0.608918,0.664495,0.174363,0.498303,0.841081,0.000000,0.784069,0.700930,0.507824,0.356401,0.318323,0.000000,0.792187,0.748300,0.073777,0.108598,0.380597,0.000000,0.235276,0.706606,0.190031,0.928929,0.828422,0.738468,0.142110,0.277992,0.305136,0.426295,0.577767,0.488598,0.468621,0.630764,0.616340,0.552786,0.852805,0.125515,0.517164,0.000000,0.000000,0.000000
uid912,0.073777,0.000000,0.000000,0.125515,0.000000,0.426295,0.498303,0.392352,0.264025,0.000000,0.403884,0.517164,0.637771,0.526327,0.000000,0.000000,0.000000,0.000000,0.235276,0.507824,0.305136,0.000000,0.000000,0.018978,0.644645,0.000000,0.630764,0.291694,0.000000,0.037595,0.380597,0.091354,0.601353,0.220482,0.447863,0.142110,0.000000,0.108598,0.415196,0.000000,0.000000,0.577767,0.000000,0.158391,0.190031,0.205403,0.000000,0.174363,0.478705,0.000000,0.000000,0.569599,0.055859,0.552786,0.000000,0.000000,0.000000
uid913,0.174363,0.000000,0.000000,0.000000,0.000000,0.000000,0.000000,0.000000,0.000000,0.000000,0.000000,0.142110,0.000000,0.249788,0.000000,0.205403,0.000000,0.018978,0.000000,0.318323,0.000000,0.000000,0.000000,0.000000,0.190031,0.000000,0.277992,0.000000,0.000000,0.000000,0.000000,0.000000,0.091354,0.000000,0.000000,0.158391,0.000000,0.000000,0.000000,0.000000,0.000000,0.291694,0.000000,0.000000,0.000000,0.000000,0.108598,0.000000,0.000000,0.000000,0.000000,0.000000,0.073777,0.125515,0.000000,0.000000,0.000000
uid914,0.552786,0.923268,0.000000,0.205403,0.458341,0.956814,0.415196,0.561273,0.775634,0.000000,0.677108,0.644645,0.000000,0.368615,0.000000,0.706606,0.928929,0.249788,0.055859,0.174363,0.828422,0.073777,0.569599,0.855598,0.722995,0.000000,0.891668,0.125515,0.000000,0.037595,0.841081,0.142110,0.380597,0.235276,0.305136,0.447863,0.000000,0.392352,0.762360,0.544135,0.683236,0.426295,0.498303,0.796131,0.158391,0.792187,0.623621,0.700930,0.771294,0.000000,0.000000,0.018978,0.403884,0.220482,0.000000,0.664495,0.887436
uid915,0.249788,0.866252,0.000000,0.037595,0.055859,0.000000,0.478705,0.318323,0.447863,0.000000,0.380597,0.205403,0.000000,0.392352,0.000000,0.569599,0.855598,0.174363,0.488598,0.796131,0.000000,0.743431,0.264025,0.000000,0.601353,0.000000,0.689247,0.291694,0.000000,0.849958,0.000000,0.091354,0.073777,0.018978,0.426295,0.190031,0.000000,0.717636,0.403884,0.277992,0.544135,0.658005,0.577767,0.468621,0.415196,0.000000,0.235276,0.585780,0.000000,0.000000,0.000000,0.821720,0.142110,0.220482,0.000000,0.535317,0.695145
uid916,0.264025,0.468621,0.000000,0.091354,0.507824,0.000000,0.535317,0.205403,0.577767,0.748300,0.403884,0.380597,0.055859,0.220482,0.305136,0.000000,0.771294,0.000000,0.670862,0.291694,0.158391,0.000000,0.000000,0.000000,0.073777,0.000000,0.037595,0.018978,0.000000,0.415196,0.125515,0.249788,0.174363,0.000000,0.108598,0.392352,0.000000,0.000000,0.000000,0.000000,0.000000,0.142110,0.569599,0.728252,0.426295,0.000000,0.717636,0.190031,0.000000,0.458341,0.318323,0.000000,0.277992,0.331260,0.644645,0.000000,0.000000
uid917,0.108598,0.000000,0.000000,0.535317,0.125515,0.000000,0.037595,0.608918,0.174363,0.000000,0.018978,0.343951,0.507824,0.380597,0.651389,0.000000,0.000000,0.000000,0.000000,0.331260,0.577767,0.000000,0.000000,0.000000,0.526327,0.000000,0.517164,0.055859,0.000000,0.468621,0.561273,0.277992,0.447863,0.091354,0.544135,0.000000,0.000000,0.235276,0.000000,0.305136,0.000000,0.415196,0.658005,0.000000,0.190031,0.000000,0.158391,0.601353,0.000000,0.000000,0.000000,0.142110,0.000000,0.249788,0.000000,0.000000,0.000000
uid918,0.664495,0.000000,0.343951,0.569599,0.000000,0.000000,0.356401,0.000000,0.000000,0.000000,0.437182,0.000000,0.000000,0.000000,0.733409,0.000000,0.277992,0.544135,0.073777,0.616340,0.331260,0.018978,0.000000,0.125515,0.000000,0.000000,0.220482,0.458341,0.000000,0.000000,0.158391,0.190031,0.264025,0.552786,0.670862,0.108598,0.000000,0.000000,0.000000,0.205403,0.447863,0.174363,0.683236,0.677108,0.426295,0.000000,0.700930,0.291694,0.478705,0.000000,0.055859,0.091354,0.762360,0.608918,0.000000,0.000000,0.000000
uid919,0.000000,0.000000,0.000000,0.018978,0.000000,0.000000,0.125515,0.000000,0.000000,0.000000,0.000000,0.000000,0.000000,0.000000,0.000000,0.000000,0.000000,0.000000,0.000000,0.000000,0.000000,0.000000,0.000000,0.000000,0.000000,0.000000,0.000000,0.000000,0.000000,0.000000,0.000000,0.055859,0.000000,0.000000,0.000000,0.000000,0.000000,0.037595,0.000000,0.000000,0.000000,0.000000,0.158391,0.073777,0.091354,0.000000,0.000000,0.108598,0.000000,0.000000,0.000000,0.000000,0.000000,0.000000,0.000000,0.000000,0.000000
uid920,0.368615,0.000000,0.811172,0.447863,0.722995,0.000000,0.478705,0.526327,0.918728,0.000000,0.264025,0.331260,0.000000,0.683236,0.000000,0.000000,0.000000,0.108598,0.277992,0.073777,0.535317,0.000000,0.899661,0.000000,0.000000,0.000000,0.437182,0.190031,0.000000,0.561273,0.601353,0.593641,0.037595,0.249788,0.235276,0.415196,0.000000,0.000000,0.507824,0.895741,0.623621,0.544135,0.753077,0.392352,0.458341,0.055859,0.091354,0.637771,0.158391,0.125515,0.018978,0.305136,0.356401,0.803796,0.000000,0.000000,0.000000
uid921,0.000000,0.000000,0.000000,0.055859,0.380597,0.000000,0.205403,0.000000,0.000000,0.000000,0.220482,0.000000,0.000000,0.415196,0.000000,0.142110,0.000000,0.437182,0.426295,0.000000,0.000000,0.343951,0.000000,0.000000,0.264025,0.000000,0.392352,0.331260,0.000000,0.000000,0.000000,0.018978,0.190031,0.174363,0.125515,0.037595,0.000000,0.000000,0.000000,0.478705,0.158391,0.000000,0.249788,0.073777,0.091354,0.000000,0.318323,0.108598,0.000000,0.000000,0.000000,0.000000,0.000000,0.000000,0.000000,0.235276,0.356401
uid922,0.000000,0.000000,0.000000,0.689247,0.000000,0.000000,0.331260,0.000000,0.000000,0.000000,0.277992,0.000000,0.000000,0.000000,0.380597,0.000000,0.616340,0.037595,0.403884,0.018978,0.426295,0.664495,0.000000,0.593641,0.368615,0.468621,0.356401,0.291694,0.000000,0.517164,0.190031,0.205403,0.142110,0.000000,0.415196,0.526327,0.544135,0.000000,0.000000,0.585780,0.264025,0.569599,0.000000,0.000000,0.220482,0.125515,0.055859,0.343951,0.073777,0.158391,0.108598,0.644645,0.458341,0.478705,0.000000,0.000000,0.000000
uid923,0.526327,0.917156,0.468621,0.073777,0.753077,0.828422,0.108598,0.205403,0.771294,0.930278,0.174363,0.637771,0.000000,0.866252,0.616340,0.000000,0.871280,0.775634,0.142110,0.608918,0.220482,0.403884,0.000000,0.000000,0.392352,0.000000,0.037595,0.356401,0.000000,0.264025,0.757763,0.585780,0.055859,0.478705,0.291694,0.018978,0.380597,0.447863,0.190031,0.000000,0.000000,0.235276,0.569599,0.000000,0.091354,0.807519,0.426295,0.437182,0.000000,0.943527,0.277992,0.125515,0.601353,0.630764,0.733409,0.897720,0.000000
uid924,0.000000,0.000000,0.000000,0.517164,0.000000,0.000000,0.000000,0.000000,0.000000,0.000000,0.000000,0.000000,0.000000,0.000000,0.018978,0.000000,0.403884,0.544135,0.091354,0.488598,0.125515,0.447863,0.000000,0.291694,0.220482,0.158391,0.073777,0.055859,0.000000,0.380597,0.264025,0.343951,0.000000,0.000000,0.174363,0.277992,0.235276,0.000000,0.000000,0.331260,0.000000,0.318323,0.000000,0.000000,0.000000,0.000000,0.190031,0.415196,0.000000,0.000000,0.458341,0.468621,0.108598,0.142110,0.000000,0.000000,0.000000
uid925,0.415196,0.000000,0.343951,0.037595,0.205403,0.000000,0.158391,0.000000,0.000000,0.000000,0.517164,0.000000,0.000000,0.091354,0.000000,0.000000,0.670862,0.000000,0.000000,0.174363,0.000000,0.000000,0.000000,0.623621,0.000000,0.000000,0.356401,0.331260,0.000000,0.644645,0.488598,0.073777,0.108598,0.368615,0.000000,0.235276,0.000000,0.190031,0.000000,0.593641,0.526327,0.125515,0.264025,0.318323,0.392352,0.000000,0.478705,0.458341,0.552786,0.000000,0.000000,0.000000,0.142110,0.000000,0.000000,0.000000,0.000000
uid926,0.000000,0.000000,0.000000,0.000000,0.125515,0.000000,0.000000,0.000000,0.000000,0.142110,0.000000,0.264025,0.000000,0.018978,0.000000,0.235276,0.174363,0.158391,0.000000,0.000000,0.205403,0.000000,0.000000,0.000000,0.000000,0.000000,0.220482,0.000000,0.000000,0.000000,0.000000,0.037595,0.000000,0.000000,0.190031,0.000000,0.000000,0.249788,0.000000,0.108598,0.000000,0.000000,0.000000,0.091354,0.000000,0.000000,0.000000,0.000000,0.000000,0.000000,0.000000,0.000000,0.000000,0.000000,0.000000,0.073777,0.000000
uid927,0.073777,0.000000,0.825103,0.601353,0.158391,0.800000,0.447863,0.458341,0.000000,0.526327,0.000000,0.792187,0.478705,0.873723,0.803796,0.437182,0.717636,0.037595,0.249788,0.125515,0.544135,0.018978,0.000000,0.658005,0.000000,0.000000,0.689247,0.174363,0.000000,0.593641,0.055859,0.108598,0.205403,0.468621,0.142110,0.651389,0.000000,0.190031,0.000000,0.091354,0.000000,0.670862,0.264025,0.426295,0.000000,0.318323,0.343951,0.507824,0.392352,0.368615,0.305136,0.743431,0.235276,0.630764,0.000000,0.000000,0.000000
uid928,0.073777,0.000000,0.000000,0.205403,0.000000,0.000000,0.000000,0.000000,0.018978,0.000000,0.091354,0.000000,0.000000,0.174363,0.000000,0.277992,0.000000,0.000000,0.000000,0.000000,0.000000,0.000000,0.000000,0.000000,0.235276,0.000000,0.108598,0.000000,0.000000,0.000000,0.000000,0.000000,0.249788,0.343951,0.000000,0.037595,0.125515,0.000000,0.000000,0.000000,0.000000,0.055859,0.000000,0.000000,0.356401,0.000000,0.000000,0.000000,0.000000,0.000000,0.000000,0.000000,0.000000,0.000000,0.000000,0.000000,0.000000
uid929,0.818271,0.000000,0.000000,0.478705,0.880777,0.055859,0.403884,0.569599,0.738468,0.000000,0.552786,0.073777,0.000000,0.695145,0.125515,0.788167,0.331260,0.849958,0.437182,0.000000,0.517164,0.142110,0.000000,0.277992,0.800000,0.000000,0.235276,0.018978,0.000000,0.368615,0.205403,0.220482,0.343951,0.091354,0.535317,0.264025,0.000000,0.821720,0.488598,0.249788,0.608918,0.318323,0.766870,0.000000,0.468621,0.000000,0.190031,0.174363,0.616340,0.000000,0.507824,0.426295,0.108598,0.000000,0.000000,0.796131,0.878470
uid930,0.220482,0.000000,0.000000,0.517164,0.000000,0.091354,0.544135,0.601353,0.000000,0.000000,0.623621,0.000000,0.000000,0.000000,0.644645,0.000000,0.000000,0.018978,0.507824,0.108598,0.616340,0.142110,0.000000,0.000000,0.717636,0.695145,0.468621,0.190031,0.000000,0.577767,0.000000,0.249788,0.277992,0.000000,0.037595,0.498303,0.712174,0.305136,0.585780,0.205403,0.000000,0.593641,0.055859,0.174363,0.488598,0.356401,0.343951,0.125515,0.403884,0.437182,0.331260,0.535317,0.658005,0.706606,0.000000,0.158391,0.264025
uid931,0.220482,0.174363,0.018978,0.235276,0.158391,0.073777,0.125515,0.889573,0.264025,0.771294,0.498303,0.915553,0.000000,0.343951,0.000000,0.000000,0.743431,0.910557,0.368615,0.658005,0.883039,0.585780,0.055859,0.677108,0.838006,0.000000,0.695145,0.526327,0.000000,0.577767,0.488598,0.437182,0.190031,0.318323,0.616340,0.108598,0.811172,0.380597,0.891668,0.468621,0.517164,0.000000,0.738468,0.142110,0.277992,0.748300,0.779892,0.037595,0.569599,0.000000,0.608918,0.630764,0.762360,0.912255,0.000000,0.000000,0.000000
uid932,0.437182,0.000000,0.000000,0.000000,0.544135,0.000000,0.000000,0.037595,0.000000,0.174363,0.000000,0.000000,0.091354,0.488598,0.220482,0.073777,0.000000,0.000000,0.277992,0.535317,0.235276,0.000000,0.000000,0.000000,0.392352,0.343951,0.305136,0.291694,0.000000,0.000000,0.000000,0.468621,0.249788,0.108598,0.380597,0.552786,0.415196,0.526327,0.000000,0.158391,0.000000,0.507824,0.585780,0.018978,0.055859,0.000000,0.368615,0.142110,0.000000,0.000000,0.125515,0.000000,0.318323,0.331260,0.000000,0.000000,0.000000
uid933,0.125515,0.174363,0.000000,0.000000,0.507824,0.561273,0.000000,0.683236,0.249788,0.677108,0.601353,0.291694,0.000000,0.305136,0.000000,0.000000,0.205403,0.055859,0.108598,0.277992,0.000000,0.000000,0.000000,0.000000,0.651389,0.000000,0.220482,0.190031,0.000000,0.018978,0.000000,0.498303,0.403884,0.526327,0.552786,0.535317,0.000000,0.000000,0.478705,0.142110,0.000000,0.037595,0.712174,0.091354,0.235276,0.000000,0.637771,0.073777,0.000000,0.000000,0.447863,0.380597,0.630764,0.356401,0.722995,0.000000,0.000000
uid934,0.091354,0.000000,0.863665,0.158391,0.468621,0.488598,0.885259,0.000000,0.018978,0.766870,0.073777,0.507824,0.000000,0.190031,0.821720,0.264025,0.762360,0.771294,0.866252,0.630764,0.561273,0.000000,0.000000,0.000000,0.249788,0.000000,0.055859,0.426295,0.000000,0.834873,0.868790,0.108598,0.220482,0.331260,0.415196,0.000000,0.142110,0.616340,0.644645,0.753077,0.437182,0.037595,0.000000,0.748300,0.368615,0.000000,0.517164,0.478705,0.000000,0.000000,0.722995,0.000000,0.807519,0.585780,0.000000,0.728252,0.000000
