-4.926404881180326895e-41,1.872877436524047760e-40,-6.994613260030746460e-02,4.906926832526211937e-41,4.955271629545418126e-41,4.984418637603374321e-41,2.065156772732734680e-02,4.926965400566056821e-41,-9.076233953237533569e-03,-6.253825873136520386e-02,-4.955131499698985644e-41,-5.383788699935947186e-41,5.224601194388647967e-41,5.710571501816494527e-41,5.239034568571193583e-41,4.925984491641029449e-41,2.877211570739746094e-02,-5.180880682301713675e-41,-1.216406896710395813e-01,-5.016087982897115187e-41,-1.266942322254180908e-01,-2.627986967563629150e-01,5.589499314498830333e-41,-6.114846108774204252e-41,-6.054870534501102082e-41,5.013005126275600590e-41,1.723891383797033209e-40,5.043413302951449120e-41,4.912391896537078724e-41,4.906926832526211937e-41,-4.910289948840591498e-41,5.365852079592589528e-41,-5.002355257946731980e-41,5.016228112743547669e-41,-1.260578781366348267e-01,5.048598107269450943e-41,4.987501494224888919e-41,-5.122726796032233766e-41,-6.243625437645654941e-41,-5.054483560819615175e-41,-4.988202143457051327e-41,-6.110866554081439972e-03,-5.785681099504304722e-41,1.022057011723518372e-01,5.070738623005783053e-41,-5.773069413325381369e-41,-5.221238078074268406e-41,-5.030381227233228321e-41,-1.470938473939895630e-01,-4.949105916302388931e-41,-2.210761979222297668e-02,-4.993807337314350596e-41,-5.220537428842105998e-41,5.555167502122872314e-41,5.972053795259505393e-41,6.002882361474651368e-41,-1.798265725374221802e-01,1.207385491579771042e-02,-6.458743661642074585e-02,5.295647026529916193e-41,-5.120905108028611504e-41,-5.485242708753063942e-41,-5.846217193163136820e-41,-5.674978520822644174e-41,-5.548441269494113192e-41,5.617945673324624119e-41,4.945882929834441852e-41,5.117261732021366980e-41,1.103475876152515411e-02,1.804898306727409363e-02,-4.954570980313255718e-41,5.205963924813127900e-41,-4.906646572833346974e-41,-4.955131499698985644e-41,-4.988622532996348772e-41,-4.939577086744980175e-41,4.909589299608429090e-41,-4.991285000078565925e-41,-5.839070570995080253e-41,-8.354894816875457764e-02,1.810010336339473724e-02,4.927946309491084193e-41,-4.922341115633784925e-41,6.123674289099450600e-41,5.328997929980846839e-41,-1.326483139314515088e-40,-4.745034575462341309e-01,-5.531277656555175781e-01,2.039294689893722534e-02,-6.535229831933975220e-02,-6.214058040048401301e-41,5.224320934695783004e-41,-6.034972096307689679e-41,-3.369075059890747070e-01,-1.389112230390310287e-02,1.216327067033941218e-40,5.657882679557881406e-41
5.030100967540363358e-41,-4.937755398741357913e-41,5.139542377604131571e-41,5.819312262648100332e-41,-5.916842635765107600e-41,-5.125809652653748364e-41,-5.894982379721640454e-41,5.152854713015217333e-41,-5.070598493159350571e-41,4.984418637603374321e-41,6.275294782939395807e-41,5.123147185571531211e-41,2.608362948509571248e-40,5.351839094949341357e-41,5.431572977569423449e-41,-5.463942972095326723e-41,-5.100446150449469175e-41,5.740559288953045613e-41,-5.019871488750792193e-41,-5.035566031551230144e-41,4.927666049798219230e-41,-1.143176704645156860e-01,-5.116841342482069534e-41,-6.301639194068702368e-41,-9.300137648030945936e-41,5.622850217949760979e-41,-5.904230949586184247e-41,6.237599854249058228e-41,-5.068636675309295827e-41,-5.382107141778757406e-41,-4.988902792689213736e-41,5.704405788573465332e-41,5.732992277245691601e-41,-4.998011232707325047e-41,-5.476694788120682558e-41,-5.041171225408529413e-41,-4.905525534061887120e-41,5.873682643063903234e-41,-4.956392668316877980e-41,-5.033464083854742919e-41,-6.217281026516348380e-41,3.034451976418495178e-02,-5.625232425339113168e-41,-1.226325184106826782e-01,-5.758355779449970790e-41,-5.734533705556448899e-41,5.201059380187991040e-41,-5.329978838905874211e-41,5.181721461380308565e-41,-5.807821615240636832e-41,5.323813125662845016e-41,-1.754565807181103455e-40,-6.184630772297580143e-41,-5.019591229057927230e-41,5.191530550630582284e-41,-5.449369468066348625e-41,-1.505289673805236816e-01,5.557549709512224503e-41,-4.915814101696014404e-02,-5.188587823855500169e-41,4.906506442986914492e-41,4.959615654784825059e-41,-5.089516022427735602e-41,5.150192245933000181e-41,5.343991823549122382e-41,5.654519563243501845e-41,5.728648252006284668e-41,-5.100586280295901656e-41,-6.003723140553246259e-41,4.984698897296239285e-41,4.932290334730491126e-41,5.644710473993228125e-41,-5.257952097839578614e-41,4.965080718795691846e-41,5.803057200461932454e-41,-5.392056360875463607e-41,1.323021932107632789e-40,-5.005998633953976504e-41,-6.293651792822050911e-41,-5.664499849081039429e-02,6.043503060936927795e-02,4.973628639428073230e-41,5.725285135691905107e-41,4.984558767449806803e-41,-5.103248747378118809e-41,-5.042012004487124303e-41,-3.725018352270126343e-02,6.169076359343574673e-41,2.191000804305076599e-02,-1.783698052167892456e-01,-6.151980518078811905e-41,5.315125075184031150e-41,-5.139402247757699089e-41,-5.313723776719706333e-41,4.967462926185044035e-41,4.924443063330272151e-41,-5.070878752852215535e-41
7.163364440202713013e-02,-1.826938539743423462e-01,5.060228884523346925e-41,5.767467990517616272e-02,-5.136739780675481937e-41,5.134637832978994711e-41,2.292051911354064941e-02,1.660828478634357452e-02,7.379089295864105225e-02,3.417922556400299072e-02,-1.669752970337867737e-02,4.121032059192657471e-01,9.828942269086837769e-02,-5.233429374713894315e-41,-9.118565917015075684e-02,3.666531294584274292e-02,5.795069799215280997e-41,1.277576237916946411e-01,-4.979934482517534907e-41,-1.349256932735443115e-01,5.476694788120682558e-41,-3.468754887580871582e-02,1.010587662458419800e-01,-5.290820077061653137e-02,3.335610032081604004e-02,-5.536810492240217211e-41,2.339375950396060944e-02,-4.916175402390755730e-41,-5.023094475218739272e-41,1.072489842772483826e-02,-5.395699736882708132e-41,-5.655080082629231771e-41,1.404916122555732727e-02,1.601902209222316742e-02,4.913092545769241132e-41,-5.481459202899386936e-41,-7.052291184663772583e-02,1.604017987847328186e-02,-6.678093969821929932e-02,1.564299315214157104e-02,-1.450484040422618150e-41,-2.226191200315952301e-02,4.677598923444747925e-02,1.026568338274955750e-01,2.851347625255584717e-02,3.834422677755355835e-02,-6.473951786756515503e-02,7.136496901512145996e-02,6.610797345638275146e-02,-8.879328146576881409e-03,-5.312602737948246479e-41,4.223951399326324463e-01,-6.684613972902297974e-02,-4.287940263748168945e-02,-5.330259098598739174e-41,1.146652176976203918e-01,-1.450097709894180298e-01,-5.018610320132899858e-41,4.351018741726875305e-02,-1.175052300095558167e-01,1.064688116312026978e-01,-5.488079413771629333e-02,-5.477395437352844967e-41,4.605808109045028687e-02,2.029720693826675415e-02,-5.217473953962326050e-02,9.477945417165756226e-02,-1.464317291975021362e-01,3.872661292552947998e-02,-2.834242023527622223e-02,3.205263614654541016e-02,5.848565697669982910e-02,4.936914619662763023e-41,5.655640602014961698e-41,1.941221207380294800e-02,-8.567256480455398560e-02,-1.496331691741943359e-01,4.968583964956503888e-41,5.330857262015342712e-02,5.133863538503646851e-02,7.700167596340179443e-02,-1.797547563910484314e-02,3.879757523536682129e-01,8.991465717554092407e-02,8.990084379911422729e-02,1.351236701011657715e-01,-4.065721295773983002e-03,3.363026380538940430e-01,-1.501664966344833374e-01,1.410219222307205200e-01,6.150158830075189643e-41,4.904684754983292230e-41,5.817972123622894287e-02,1.103059668093919754e-02,9.278524667024612427e-02,1.870159059762954712e-01,4.689008742570877075e-02
5.359125846963830406e-41,-5.003756556411056797e-41,-5.077044466095244730e-41,-5.065133429148483785e-41,5.949212630291010875e-41,-5.411954799068876010e-41,7.260127343666877244e-42,5.492389330921120509e-41,-5.015527463511385260e-41,-5.939263411194304673e-41,5.072420181162972833e-41,-5.234130023946056723e-41,4.937194879355627986e-41,-6.134043897735454246e-41,-5.548301139647680711e-41,-5.055604599591075028e-41,-6.136005715585508990e-41,-5.047897458037288535e-41,5.688991505465892345e-41,-4.919678648551567773e-41,5.502478679864259192e-41,-5.987888467906375826e-41,6.217000766823483417e-41,-4.966762276952881626e-41,-4.983858118217644394e-41,-4.909309039915564126e-41,5.313863906566138815e-41,-5.526160623911348601e-41,5.148650817622242882e-41,-5.451751675455700814e-41,-6.091724684112844771e-41,5.886574588935691552e-41,-4.927806179644651712e-41,5.476554658274250077e-41,4.482564330101013184e-02,5.591321002502452595e-41,5.329698579213009248e-41,-5.067095246998538528e-41,4.962278121867042212e-41,6.145534545142917746e-41,-5.178638604758793967e-41,1.222860664129257202e-01,-5.368374416828374199e-41,-5.011183438271978327e-41,-5.718699032909578466e-41,-5.562734513830226326e-41,-4.924723323023137114e-41,4.905385404215454638e-41,6.333300471305847168e-02,-5.201199510034423522e-41,-4.910430078687023980e-41,5.586556587723748217e-41,6.048284431718775442e-41,4.906786702679779456e-41,-5.384769608860974558e-41,5.845656673777406893e-41,5.032763434622580510e-41,-4.952328902770336010e-41,5.659424107868638704e-41,5.684507350380052930e-41,5.180039903223118784e-41,5.292424040061969113e-41,6.208312716344669551e-41,5.239034568571193583e-41,5.129032639121695443e-41,-6.281180236489560039e-41,4.965921497874286736e-41,-5.182702370305335937e-41,6.212516611737644002e-41,4.909589299608429090e-41,5.298449623458565827e-41,-5.840331739612972588e-41,5.098764592292279394e-41,5.227543921163730083e-41,-5.330118968752306693e-41,-6.175942721818766277e-41,5.134357573286129748e-41,-5.098063943060116986e-41,-5.370336234678428943e-41,-5.558110228897954430e-41,3.648158535361289978e-02,-5.133797053900399821e-41,-5.996015998999459765e-41,-4.974329288660235638e-41,5.173874189980089589e-41,5.106751993538930852e-41,6.066647171974182129e-02,-5.049859275887343278e-41,-4.910149818994159017e-41,-6.299957635911512587e-41,5.155797439790299449e-41,-5.004737465336084169e-41,5.503039199249989119e-41,5.234618857502937317e-02,5.567078539069633259e-41,3.066968917846679688e-01,-5.195033796791394327e-41
7.097993046045303345e-02,2.273893058300018311e-01,1.808271929621696472e-02,5.376221688228593174e-41,6.187573499072662258e-41,5.875924720606822942e-41,2.231498993933200836e-02,-4.931029166112598791e-41,-1.905253343284130096e-02,3.661098331212997437e-02,3.880549669265747070e-01,3.059523999691009521e-01,8.958398550748825073e-02,-5.066347494721412659e-02,7.775895297527313232e-02,-4.987781753917753882e-41,5.162383542572626089e-41,3.594322502613067627e-02,-1.368759125471115112e-01,4.421598464250564575e-02,-6.379999220371246338e-02,9.243845194578170776e-02,1.018439754843711853e-01,3.485748171806335449e-02,3.341801464557647705e-02,-5.342870784777662528e-41,2.328951656818389893e-02,5.207645482970317681e-41,-9.152862429618835449e-02,7.283891085535287857e-03,3.669396787881851196e-02,-4.670858010649681091e-02,1.310360711067914963e-02,-7.756830006837844849e-02,4.546913504600524902e-02,6.183649863372552771e-41,1.500432193279266357e-02,1.532052364200353622e-02,2.013507485389709473e-02,1.591476052999496460e-02,8.611242473125457764e-02,2.992823123931884766e-01,4.621412977576255798e-02,3.480974957346916199e-02,3.155532479286193848e-02,3.625784814357757568e-02,-6.854809820652008057e-02,7.212601602077484131e-02,6.757600605487823486e-02,4.912450909614562988e-02,-5.140943676068456388e-41,-2.672792971134185791e-01,-2.576754987239837646e-02,5.038929147865609705e-41,5.044674471569341455e-41,1.189369894564151764e-02,-9.889391064643859863e-02,1.311611756682395935e-02,4.191478714346885681e-02,-1.152439266443252563e-01,3.870937600731849670e-02,-6.258899590906795447e-41,1.302366792743484986e-41,4.526356980204582214e-02,2.116930857300758362e-02,-5.462573841214179993e-02,6.724368780851364136e-03,1.918878555297851562e-01,-5.537873506546020508e-02,6.213548406958580017e-02,2.629583142697811127e-02,-4.947984877530929077e-41,5.081388491334651663e-41,5.700902542412653290e-41,-8.932725340127944946e-02,6.234797257320408594e-41,-9.281910024583339691e-03,5.428910510487206296e-41,-6.584029644727706909e-02,3.358181565999984741e-02,1.048323661088943481e-01,-8.662182092666625977e-02,-5.534491315484046936e-02,-5.257723852992057800e-03,9.028505533933639526e-02,-3.370671346783638000e-02,-1.339131891727447510e-01,2.839135229587554932e-01,3.631854802370071411e-02,-8.397137373685836792e-02,-5.050279665426640724e-41,-6.163611295332707886e-41,5.647901445627212524e-02,-1.323581486940383911e-01,-1.848745974712073803e-03,3.054417371749877930e-01,4.747825115919113159e-02
7.149840891361236572e-02,2.308671623468399048e-01,-5.480978637933731079e-02,1.617476778416206600e-40,5.531065168536485461e-41,-5.167568346890627912e-41,2.453813143074512482e-02,5.645971642611120460e-41,-2.068159170448780060e-02,2.784507907927036285e-02,-5.400043762122115065e-41,4.999552661018082346e-41,6.073507804076622149e-41,-4.991845519464295852e-41,-5.067936026077133419e-41,-5.004457205643219205e-41,1.089751496911048889e-01,4.944902020909414480e-41,-4.984472692012786865e-02,-4.910289948840591498e-41,2.483057603240013123e-02,2.096038758754730225e-01,5.201479769727288486e-41,3.499772772192955017e-02,-5.999098855620974362e-41,-6.287626209425454197e-41,5.274067030179314010e-41,5.049298756501613352e-41,1.527485391037266848e-40,-4.976571366203155346e-41,5.030941746618958248e-41,-6.260160759524687783e-41,1.405009720474481583e-02,1.351378019899129868e-02,4.509916901588439941e-02,5.204002106963073156e-41,-4.943780982137954626e-41,-5.281073522500938095e-41,5.256130409835956351e-41,-4.905245274369022157e-41,-6.057953391122616679e-41,4.950767755508422852e-02,5.861631476270709808e-41,1.017132177948951721e-01,5.588798665266667924e-41,5.214932234984806729e-41,-6.215599468359158600e-41,5.966868990941503570e-41,6.518595665693283081e-02,1.119457837194204330e-02,6.418843567371368408e-02,-1.501557137817144394e-02,4.909589299608429090e-41,-1.151699181859280654e-40,5.200218601109396150e-41,5.681704753451403296e-41,1.581805758178234100e-02,1.633603274822235107e-01,-1.903769187629222870e-02,5.514109457118155174e-41,-4.933411373501950980e-41,1.316477868279235894e-40,3.842812776565551758e-02,5.054903950358912620e-41,5.277149886800828607e-41,5.776993049025490857e-41,5.088114723963410785e-41,6.088781957337762655e-41,-5.002351850271224976e-02,6.325087696313858032e-02,2.767524123191833496e-02,5.597907105284779235e-41,5.271264433250664376e-41,2.281944826245307922e-02,5.148510687775810400e-41,5.239735217803355992e-41,-5.408731812600928930e-41,4.924443063330272151e-41,5.443484014516184394e-41,1.179208159446716309e-01,1.154788583517074585e-01,-5.683666571301458040e-41,-5.068496545462863346e-41,4.909449169761996608e-41,5.003196037025326870e-41,4.937475139048492949e-41,1.621416062116622925e-01,3.920739889144897461e-02,1.555453836917877197e-01,5.520835689746914296e-41,-2.269039675593376160e-02,-2.222657948732376099e-02,-4.927666049798219230e-41,1.678711920976638794e-01,9.701550006866455078e-02,7.101453095674514771e-02,-5.029960837693930876e-41
-4.946443449220171779e-41,-5.121745887107206394e-41,1.227187085896730423e-02,6.014653268574979832e-41,4.907627481758374346e-41,-5.512287769114532912e-41,-5.991597473621368408e-02,5.248423268282169857e-41,-1.098524704575538635e-01,3.586223348975181580e-02,8.354612439870834351e-02,-1.927865594625473022e-01,1.873826980590820312e-01,-5.219696649763511107e-41,-4.940838255362872510e-41,6.186872849840499850e-41,5.264678330468337735e-41,3.930008038878440857e-02,-4.905385404215454638e-41,9.407417476177215576e-02,-5.244499632582060370e-41,-1.148418560624122620e-01,5.216894052834861473e-41,3.551651909947395325e-02,4.934252152580545870e-41,-5.316246113955491004e-41,-6.223867129298675021e-41,5.141924584993483760e-41,5.827243626117706299e-02,-4.890278354287147522e-02,-8.448428441414322121e-42,1.175829541414954004e-40,5.008941360729058620e-41,-5.266219758779095034e-41,-5.481459202899386936e-41,-6.211255443119751667e-41,-4.972087211117315931e-41,-5.023234605065171754e-41,5.190269382012689949e-41,-5.812586030019341210e-41,5.657602419865016442e-41,5.671286955475807190e-02,5.086293035959788522e-41,1.843355894088745117e-01,5.304895596394459985e-41,-5.069617584234323199e-41,5.357164029113775662e-41,-5.254308721832334089e-41,5.021272787215117010e-41,5.210188031196594238e-02,5.062751221759131596e-41,-1.050496920943260193e-01,-5.510466081110910650e-41,-4.907347222065509382e-41,5.541294647326056625e-41,8.418436348438262939e-02,3.061916492879390717e-02,4.969705003727963742e-41,3.903291746973991394e-02,8.630033582448959351e-02,1.494970768690109253e-01,3.974802047014236450e-02,-4.996750064089432711e-41,-6.167955320572114819e-41,-2.530708152335137129e-04,3.744183853268623352e-02,9.339465200901031494e-02,-2.025112509727478027e-01,3.878548741340637207e-02,-1.131288483738899231e-01,1.147022843360900879e-01,6.275294782939395807e-41,5.428209861255043888e-41,2.552325022921221813e-40,-1.892984509468078613e-01,-4.247535543981939554e-04,-8.534549921751022339e-02,5.156778348715326821e-41,6.161369217789788179e-41,1.419293880462646484e-01,8.208233118057250977e-02,4.907347222065509382e-41,-5.169670294587115138e-41,4.926545011026759376e-41,-6.192898433237096563e-41,5.516771924200372327e-41,2.680664360523223877e-01,-4.938456047973520321e-41,2.192007191479206085e-02,-1.794874221086502075e-01,-6.005124439017571076e-41,5.069197194695025754e-41,-5.707909034734277375e-41,-9.671376645565032959e-02,-1.112924367189407349e-01,4.991285000078565925e-41,5.704125528880600369e-41
-3.038235381245613098e-02,1.400817781686782837e-01,9.787263721227645874e-02,5.582534521818161011e-02,-5.235951711949678986e-41,3.194565325975418091e-02,2.268455736339092255e-02,1.697808876633644104e-02,7.538317888975143433e-02,-5.771125853061676025e-02,-1.015411764383316040e-01,3.514125347137451172e-01,-1.696726083755493164e-01,4.349186643958091736e-02,-9.120614081621170044e-02,3.724545612931251526e-02,-5.032483174929715547e-41,-2.123204320669174194e-01,1.083563044667243958e-01,1.218065172433853149e-01,5.275673791766166687e-02,-1.167362481355667114e-01,9.718790650367736816e-02,3.308903798460960388e-02,-1.871326752007007599e-02,-2.332556992769241333e-02,6.271998584270477295e-02,5.400916188955307007e-02,1.190654486417770386e-01,-5.728293210268020630e-02,4.554642736911773682e-02,-1.744588091969490051e-02,1.415070798248052597e-02,2.207039482891559601e-02,4.419469833374023438e-02,5.172613021362197254e-41,1.512242481112480164e-02,-6.729645282030105591e-02,-6.717596948146820068e-02,1.509332004934549332e-02,-8.622238039970397949e-02,1.584458798170089722e-01,5.006806179881095886e-02,1.052755936980247498e-01,-6.054014340043067932e-02,3.770874440670013428e-02,2.137124538421630859e-02,-1.050475519150495529e-02,6.227426603436470032e-02,1.540689915418624878e-02,-2.291216515004634857e-02,5.648599937558174133e-02,-6.655050069093704224e-02,-3.789455443620681763e-02,5.251225865210819492e-41,1.034694723784923553e-02,8.166965097188949585e-02,8.812677860260009766e-02,4.412410780787467957e-02,8.248723298311233521e-02,1.877158135175704956e-01,-1.132544428110122681e-01,4.925423972255299523e-41,1.227200925350189209e-01,2.131579071283340454e-02,3.660270571708679199e-02,4.853929392993450165e-03,1.097909957170486450e-01,4.031262174248695374e-02,6.410171091556549072e-02,-5.920452624559402466e-02,-2.522670105099678040e-02,2.373995780351245593e-40,6.151279868846649496e-41,2.658171057701110840e-01,1.929440069943666458e-03,2.804296016693115234e-01,-7.836822420358657837e-02,-1.156356483697891235e-01,2.061800956726074219e-01,7.042387872934341431e-02,-2.258195728063583374e-02,-5.563685894012451172e-01,-1.779412031173706055e-01,9.121581912040710449e-02,-2.006459236145019531e-01,-1.369394920766353607e-02,4.564048349857330322e-01,1.470873504877090454e-01,3.385602682828903198e-02,-5.274067030179314010e-41,4.905105144522589675e-41,-1.189179793000221252e-01,5.028929933905601501e-02,9.313245862722396851e-02,2.272714525461196899e-01,4.674068465828895569e-02
-3.172868862748146057e-02,-5.340154469013214111e-02,6.704167462885379791e-03,5.527370050549507141e-02,7.273641228675842285e-02,-4.299459233880043030e-02,-6.419411301612854004e-02,1.630392111837863922e-02,-1.277294009923934937e-02,-5.895451456308364868e-02,2.232281565666198730e-01,5.031727552413940430e-01,-8.237388730049133301e-02,2.673462405800819397e-02,7.704318314790725708e-02,3.658972680568695068e-02,1.077941283583641052e-01,1.867075567133724689e-03,-6.979809701442718506e-02,-1.008625626564025879e-01,-9.457147121429443359e-02,4.245975241065025330e-02,9.911172837018966675e-02,3.268483653664588928e-02,-5.635210871696472168e-02,-4.367251694202423096e-02,-1.399345248937606812e-01,3.569745272397994995e-02,2.880187705159187317e-02,3.488400280475616455e-01,7.254900038242340088e-02,7.594467699527740479e-02,1.415664609521627426e-02,1.062527820467948914e-01,4.142437875270843506e-02,1.600208133459091187e-02,1.254739332944154739e-02,1.464630477130413055e-02,1.809939928352832794e-02,1.513366587460041046e-02,-9.538233280181884766e-02,2.334948182106018066e-01,4.083125665783882141e-02,1.865065395832061768e-01,-5.942812561988830566e-02,3.587694838643074036e-02,2.077843993902206421e-02,6.893641501665115356e-02,-1.459762454032897949e-01,9.777960926294326782e-02,-1.832938008010387421e-02,2.109200507402420044e-02,4.981770738959312439e-02,4.127636551856994629e-02,-3.571453690528869629e-02,-8.928596228361129761e-02,-1.402334682643413544e-02,1.636226028203964233e-01,1.071829274296760559e-01,-2.010202780365943909e-02,2.981766872107982635e-02,1.982069015502929688e-01,-4.600390046834945679e-02,-3.689760714769363403e-02,1.113131567835807800e-01,-5.758056417107582092e-02,9.602826088666915894e-02,2.945313788950443268e-02,3.772160783410072327e-02,-2.706493064761161804e-02,2.672312036156654358e-02,-2.730341255664825439e-02,-3.308660537004470825e-02,3.119700402021408081e-02,-2.423616349697113037e-01,4.323589149862527847e-03,-1.132229492068290710e-01,4.904684754983292230e-41,5.543619394302368164e-02,1.896937377750873566e-02,1.844180524349212646e-01,5.088841915130615234e-02,3.882364034652709961e-01,8.549979329109191895e-02,8.921413123607635498e-02,-4.479977115988731384e-02,3.694892823696136475e-01,-1.367403715848922729e-01,3.192426562309265137e-01,1.417921781539916992e-01,-2.261886000633239746e-02,-2.265756204724311829e-02,-1.227902770042419434e-01,1.229117512702941895e-01,-3.369652433320879936e-03,-1.994405984878540039e-01,-1.412447988986968994e-01
-6.224427648684404947e-41,-5.172052501976467327e-41,6.229488179087638855e-02,-5.147810038543647992e-41,-4.909729429454861571e-41,-4.909028780222699163e-41,5.624251516414085796e-41,4.910430078687023980e-41,-4.923181894712379815e-41,-5.743782275420992692e-41,-1.488558650016784668e-01,-8.245620131492614746e-02,-4.947564487991631632e-41,5.001794738561002053e-41,-6.238720893020518081e-41,-5.157058608408191784e-41,4.932010075037626163e-41,5.485663098292361388e-41,-5.295086507144186266e-41,9.484498202800750732e-02,-4.942659943366494773e-41,-1.148590296506881714e-01,5.110115109853310413e-41,6.085138581330518130e-41,-4.914213584540700986e-41,-5.741259938185208021e-41,5.762980064382242686e-41,-5.027438500458146205e-41,-4.824167862534523010e-02,5.393317529493355943e-41,4.084463045001029968e-02,4.801644384860992432e-02,-5.338386629691823113e-41,4.906226183294049529e-41,6.278237509714477923e-41,-5.108153292003255669e-41,-5.267480927396987370e-41,-4.907347222065509382e-41,5.037247589708419925e-41,5.916001856686512710e-41,4.971947081270883449e-41,1.700895875692367554e-01,4.938876437512817766e-41,-2.093119323253631592e-01,5.061770312834104224e-41,-5.167848606583492876e-41,4.991144870232133443e-41,-5.623410737335490906e-41,-4.919958908244432736e-41,4.994788246239377968e-41,-5.839911350073675143e-41,-6.165713243029195112e-41,-4.904824884829724712e-41,5.007960451804031248e-41,5.493089980153282918e-41,-1.291961967945098877e-01,3.530035912990570068e-02,5.186065486619715498e-41,4.089383035898208618e-02,-4.905245274369022157e-41,6.196541809244341088e-41,-5.990410805142160496e-41,-5.351138445717178949e-41,-5.134217443439697266e-41,5.269162485554177150e-41,-5.479217125356467229e-41,-4.906086053447617047e-41,-6.222045441295052758e-41,5.152714583168784851e-41,5.647092681382580314e-41,-5.637143462285874113e-41,-1.225337416159549791e-40,5.085732516574058596e-41,4.927385790105354266e-41,-5.731170589242069338e-41,-5.185504967233985571e-41,-5.790165254590144137e-41,-4.906506442986914492e-41,-5.484401929674469052e-41,4.189289733767509460e-02,1.408300101757049561e-01,5.131414846511047632e-41,5.060369014369779407e-41,5.046636289419396199e-41,-5.673857482051184320e-41,-4.911971506997781279e-41,-7.059703115373849869e-03,5.208065872509615126e-41,2.233814261853694916e-02,-8.176399767398834229e-02,4.921360206708757553e-41,-5.043693562644314083e-41,5.789184345665116765e-41,5.848038881166759082e-41,-5.189989122319824986e-41,-5.348055589095664351e-41,5.778254217643383192e-41
7.254435867071151733e-02,2.259290814399719238e-01,9.147647768259048462e-02,5.120064328950016614e-41,6.669876724481582642e-02,-4.534636810421943665e-02,-4.203309863805770874e-02,5.298870012997863272e-41,-1.098683103919029236e-01,3.508985042572021484e-02,1.364999562501907349e-01,2.322691120207309723e-02,-2.064352780580520630e-01,-3.978789597749710083e-02,4.915474753158593321e-41,5.006699283186138913e-41,1.061478853225708008e-01,3.385297209024429321e-02,4.037114232778549194e-02,7.352921366691589355e-02,7.759937644004821777e-02,9.431840479373931885e-02,1.230871491134166718e-02,3.646195307374000549e-02,2.953972294926643372e-02,4.962838641252772138e-41,2.433682605624198914e-02,6.186172200608337441e-41,-5.262155993232553065e-41,1.301253885030746460e-01,-1.706236414611339569e-02,7.777262479066848755e-02,1.371420081704854965e-02,2.455886639654636383e-02,4.414663463830947876e-02,1.009602025151252747e-01,1.283189374953508377e-02,1.438352465629577637e-02,1.762906834483146667e-02,-6.849639117717742920e-02,-6.059775079126238942e-41,-5.507996678352355957e-02,-1.374160498380661011e-01,1.084697898477315903e-02,3.044224902987480164e-02,-5.200612545013427734e-02,2.248800545930862427e-02,-8.897298946976661682e-03,6.411561369895935059e-02,5.023935254297334163e-41,-2.176282182335853577e-02,3.091648221015930176e-02,3.535437956452369690e-02,5.794509279829551070e-41,-3.549179434776306152e-02,-9.316715598106384277e-02,6.678084284067153931e-02,-7.114733755588531494e-02,-6.213185563683509827e-02,-1.603438705205917358e-02,-7.799629867076873779e-02,-5.306437024705217284e-41,3.150045126676559448e-02,8.810602128505706787e-02,1.096306368708610535e-01,4.059736430644989014e-02,9.456497617065906525e-03,1.212654188275337219e-01,3.690685331821441650e-02,-2.924013696610927582e-02,3.249737992882728577e-02,-4.947984877530929077e-41,-3.087737224996089935e-02,-5.425419285893440247e-02,3.308445960283279419e-02,5.720941110452498174e-41,4.761156439781188965e-02,5.343571434009824937e-41,2.369159460067749023e-02,9.120149910449981689e-02,2.444541454315185547e-01,-8.807026594877243042e-02,4.343099519610404968e-02,4.122032260056585073e-04,9.006226062774658203e-02,-1.236329302191734314e-01,2.939939498901367188e-01,8.630251139402389526e-02,1.674850285053253174e-01,3.493181616067886353e-02,-2.192205935716629028e-02,-2.317900210618972778e-02,4.960176174170554986e-41,3.446707129478454590e-01,9.639213979244232178e-02,-2.932555228471755981e-02,4.714483767747879028e-02
-1.363400071859359741e-01,2.286910116672515869e-01,-5.260894824614660729e-41,3.926158037345272469e-41,9.491327404975891113e-02,-5.063171611298429041e-41,2.262834645807743073e-02,-5.470669204724085845e-41,-5.471846833825111389e-02,3.611323982477188110e-02,2.254028767347335815e-01,3.126756250858306885e-01,1.339392066001892090e-01,4.387318342924118042e-02,7.865963876247406006e-02,5.344692472781284790e-41,-5.751349287128346704e-41,7.403640542179346085e-03,-3.499368950724601746e-02,4.384704306721687317e-02,-6.291543692350387573e-02,-1.706640422344207764e-01,1.017636731266975403e-01,5.732852147399259119e-41,6.991001218557357788e-02,4.806833341717720032e-02,-1.244104560464620590e-02,-5.366240814328193665e-02,-4.718090966343879700e-02,2.429308742284774780e-01,-5.041871874640691821e-41,5.297468714533538455e-41,1.531172450631856918e-02,1.086687892675399780e-01,4.380417615175247192e-02,-5.482440111824414308e-41,-6.886756420135498047e-02,1.440577860921621323e-02,-6.645105779170989990e-02,1.418782584369182587e-02,-6.190235966154879411e-41,7.611612975597381592e-02,-1.371390819549560547e-01,8.324871771037578583e-03,2.580454759299755096e-02,-5.346999317407608032e-02,2.151203155517578125e-02,7.182572036981582642e-02,6.223946064710617065e-02,-4.944201371677252071e-41,-2.143270708620548248e-02,9.004107862710952759e-02,-2.179159410297870636e-02,-5.016368242589980150e-41,-3.744872659444808960e-02,-9.316189587116241455e-02,3.261516103520989418e-03,-4.039450362324714661e-02,-5.029983073472976685e-02,-1.138651967048645020e-01,4.767664894461631775e-02,-4.931309425805463754e-41,-4.620140418410301208e-02,4.340012371540069580e-02,-1.511820852756500244e-01,4.114188998937606812e-02,9.644284844398498535e-02,-5.621893331408500671e-02,8.953790180385112762e-03,2.020135894417762756e-02,5.322551957044952680e-41,4.967603056031476516e-41,-3.321615979075431824e-02,2.793168835341930389e-02,1.275182664394378662e-01,-5.962524965702096637e-41,9.107808023691177368e-02,5.128191860043100553e-41,2.658616006374359131e-02,6.148929521441459656e-02,-1.276640892028808594e-01,1.395109691657125950e-03,-2.445471286773681641e-02,9.091323614120483398e-02,-2.078478187322616577e-01,-3.434450924396514893e-02,1.493587195873260498e-01,4.215784370899200439e-01,6.285374611616134644e-02,-1.774766445159912109e-01,-2.185651846230030060e-02,-2.361652255058288574e-02,5.359702929854393005e-02,-1.010547205805778503e-01,-1.879855804145336151e-02,1.180750802159309387e-01,4.344072192907333374e-02
-1.373432725667953491e-01,-5.506559461355209351e-02,8.260604925453662872e-03,-5.543443374335765839e-03,-1.526225507259368896e-01,-6.065520402829970691e-41,1.823774725198745728e-02,-5.226983401778000156e-41,-1.992113701999187469e-02,3.542013838887214661e-02,1.854317933320999146e-01,-6.195754930377006531e-02,9.949747473001480103e-02,4.333660751581192017e-02,-5.216114688664674759e-03,-5.011463697964843291e-41,1.090232580900192261e-01,-5.947623774409294128e-02,-1.313780993223190308e-01,3.846020624041557312e-02,-6.346037238836288452e-02,-6.391841173171997070e-02,4.819642286747694016e-03,-5.411129817366600037e-02,-5.376365408301353455e-02,-4.264454543590545654e-02,-1.372564285993576050e-01,-5.352966859936714172e-02,-8.191566169261932373e-02,2.272965610027313232e-01,4.824310168623924255e-02,-1.561071258038282394e-02,-6.926711648702621460e-02,1.219726819545030594e-02,4.534911736845970154e-02,9.875844419002532959e-02,1.270551979541778564e-02,-6.875628232955932617e-02,-6.752277910709381104e-02,1.462484803050756454e-02,8.206024020910263062e-02,1.882041841745376587e-01,-1.346778124570846558e-01,1.873554587364196777e-01,-5.967310816049575806e-02,-5.296641960740089417e-02,2.081191726028919220e-02,7.557801157236099243e-02,6.096416711807250977e-02,-3.079866245388984680e-02,-2.248873934149742126e-02,1.547191739082336426e-01,-6.803792715072631836e-02,-8.391570299863815308e-02,-3.572273254394531250e-02,3.943380713462829590e-02,1.439033597707748413e-01,-2.479276061058044434e-02,-6.324597448110580444e-02,-1.715186238288879395e-02,-9.440282359719276428e-03,-5.209460109472274780e-02,-4.584517702460289001e-02,-7.581537961959838867e-02,3.797031706199049950e-03,3.991522639989852905e-02,9.548677504062652588e-02,-1.120964065194129944e-01,3.588370233774185181e-02,6.289375573396682739e-02,2.805179730057716370e-02,-2.571994252502918243e-02,-3.260067850351333618e-02,2.954726666212081909e-02,-2.048330008983612061e-02,-3.752203658223152161e-02,-4.117843210697174072e-01,-1.416948735713958740e-01,5.491721257567405701e-02,8.446743339300155640e-02,1.810992509126663208e-01,-1.439174264669418335e-01,-1.416733413934707642e-01,-8.702600747346878052e-02,8.831104636192321777e-02,-3.215233981609344482e-01,4.361361861228942871e-01,-2.800365090370178223e-01,2.466369867324829102e-01,-7.410123199224472046e-02,5.751844123005867004e-02,-2.268605493009090424e-02,-3.014309518039226532e-02,7.542037963867187500e-02,-1.073021367192268372e-01,-3.879407048225402832e-02,-1.402392536401748657e-01
-5.090356801506330492e-41,-5.097503423674387059e-41,8.799958042800426483e-03,-6.062157286515591131e-41,5.286678716358237363e-41,3.214653581380844116e-02,2.279780805110931396e-02,-5.304895596394459985e-41,-2.035888470709323883e-02,-5.895530804991722107e-02,-2.116224914789199829e-01,1.598909050226211548e-01,-7.806690782308578491e-02,4.418152943253517151e-02,4.913092545769241132e-41,3.593192622065544128e-02,1.069935634732246399e-01,-7.798444479703903198e-02,6.942266132682561874e-03,7.216210663318634033e-02,5.418199673295021057e-02,9.229389578104019165e-02,-4.998291492400190010e-41,3.581711649894714355e-02,3.243463858962059021e-02,-2.714160982566094937e-40,-6.577862054109573364e-02,5.129453028660992888e-41,5.533167116232972686e-41,1.453066766262054443e-01,5.188587823855500169e-41,-5.878306927996175131e-41,-5.028699669076038541e-41,5.697259166405408765e-41,4.516452178359031677e-02,5.208346132202480089e-41,5.138281208986239236e-41,4.907907741451239309e-41,4.955692019084715571e-41,-6.131661690346102057e-41,8.078786730766296387e-02,3.673249185085296631e-01,5.136039131443319528e-41,-1.022406667470932007e-01,-4.917436571008648065e-41,4.909168910069131645e-41,4.933551503348383462e-41,-5.245200281814222778e-41,-1.509802788496017456e-01,1.772110462188720703e-01,6.328248232603073120e-02,5.606140568852424622e-02,-2.427831664681434631e-02,-6.128018314338857533e-41,-6.210694923734021740e-41,8.237644284963607788e-02,1.521790027618408203e-01,1.140609383583068848e-01,-4.956293851137161255e-02,8.479297906160354614e-02,5.651016317082689802e-41,6.107699486606147685e-41,-5.057005898055399846e-41,4.681090638041496277e-02,-5.558530618437251875e-41,-5.389674153486111418e-41,-5.108853941235418077e-41,-5.004597335489651687e-41,-5.088012292981147766e-02,-1.147290095686912537e-01,-1.426041275262832642e-01,-5.358985717117397924e-41,5.825477975891129527e-41,4.952889422156065937e-41,6.230593361927434142e-41,-5.011884087504140736e-41,5.934639126262032777e-41,-5.010062399500518474e-41,-5.506542445410801162e-41,2.770021855831146240e-01,7.689179480075836182e-02,-2.401009574532508850e-02,5.094420567052872461e-41,-5.937721982883547375e-41,5.285137288047480065e-41,1.956212656197444631e-42,2.450709044933319092e-01,3.068353533744812012e-01,4.250016808509826660e-02,3.858080133795738220e-02,-5.039069277712042187e-41,5.049438886348045833e-41,-5.287239235743967290e-41,2.476571351289749146e-01,-9.489021450281143188e-02,-3.507671654224395752e-01,-5.318628321344843193e-41
7.231261581182479858e-02,2.305716127157211304e-01,-5.089004710316658020e-02,2.790163084864616394e-02,-5.916702505918675119e-41,8.446561405435204506e-04,2.333631925284862518e-02,1.597712375223636627e-02,4.176608473062515259e-02,3.605191037058830261e-02,1.340517252683639526e-01,6.130247935652732849e-02,-5.645423009991645813e-02,4.474554210901260376e-02,7.953635603189468384e-02,3.714627027511596680e-02,-5.010903178579113364e-41,4.927245660258921785e-41,6.648026406764984131e-02,1.023074164986610413e-01,2.887561358511447906e-02,8.428651094436645508e-02,9.892422705888748169e-02,5.740279029260180649e-41,7.104946672916412354e-02,-4.404745250940322876e-02,7.348446547985076904e-02,-5.543536724868976333e-41,9.147522039711475372e-03,1.576649546623229980e-01,-8.135452866554260254e-02,-4.452374577522277832e-02,1.416090130805969238e-02,1.090539395809173584e-01,4.153047129511833191e-02,-5.446707000984131473e-41,1.421398948878049850e-02,1.530686579644680023e-02,1.722662150859832764e-02,1.603778265416622162e-02,5.195360258221626282e-02,3.069850206375122070e-01,4.805721342563629150e-02,1.033805981278419495e-01,2.919075638055801392e-02,3.286873921751976013e-02,2.026426978409290314e-02,7.256622612476348877e-02,6.421876698732376099e-02,5.183122759844633382e-41,6.031889239686175082e-41,8.933132886886596680e-02,1.743339002132415771e-02,4.908608390683401718e-41,-5.223620285463620595e-41,-5.612569674849510193e-02,7.513755559921264648e-02,1.075300946831703186e-02,4.212207347154617310e-02,5.186205616466147979e-41,-1.774423383176326752e-02,5.458898297623757381e-41,5.043133043258584157e-41,-4.387925565242767334e-02,6.940114498138427734e-02,-5.154764279723167419e-02,9.381383657455444336e-02,6.134663894772529602e-02,9.490577504038810730e-03,1.879639737308025360e-02,4.911691247304916315e-41,4.922481245480217407e-41,4.993807337314350596e-41,1.600745274752168285e-40,-4.938230291008949280e-02,5.865555111970819295e-41,-1.000656858086585999e-01,-5.125249133268018437e-41,2.465702779591083527e-02,9.517841041088104248e-02,1.330585330724716187e-01,3.705575130879878998e-03,-7.515452057123184204e-02,-2.572238743305206299e-01,-1.936895847320556641e-01,7.075722515583038330e-02,1.508229821920394897e-01,4.539543986320495605e-01,3.603568673133850098e-02,1.430564075708389282e-01,5.032763434622580510e-41,4.984278507756941840e-41,5.631650239229202271e-02,-3.126853331923484802e-02,9.281700104475021362e-02,2.989123165607452393e-01,4.676533490419387817e-02
7.524716854095458984e-02,2.298235297203063965e-01,1.250474452972412109e-01,5.479828268289566040e-02,2.784402668476104736e-01,3.344759304496905867e-41,2.184253558516502380e-02,1.516767870634794235e-02,7.521341741085052490e-02,3.396366909146308899e-02,2.680689096450805664e-01,1.082785353064537048e-01,4.057724028825759888e-03,-4.099713265895843506e-02,7.514341920614242554e-02,3.600393980741500854e-02,1.076315492391586304e-01,-2.614779174327850342e-01,8.590334653854370117e-02,-8.628862351179122925e-02,5.430097877979278564e-02,3.876180574297904968e-02,1.039144694805145264e-01,-5.285099521279335022e-02,-1.065557226538658142e-01,7.133371382951736450e-02,-1.110095605254173279e-01,5.459686741232872009e-02,1.227084081619977951e-02,2.761583924293518066e-01,4.342755302786827087e-02,7.664436101913452148e-02,1.463384833186864853e-02,1.379154343158006668e-02,-5.354921951570855955e-41,1.885959319770336151e-02,1.256556808948516846e-02,8.797879330813884735e-03,1.897026039659976959e-02,1.437673717737197876e-02,2.710027992725372314e-02,4.380130022764205933e-02,4.684650897979736328e-02,1.848699152469635010e-01,2.914494089782238007e-02,3.477510809898376465e-02,2.093632891774177551e-02,7.394888997077941895e-02,6.814107298851013184e-02,9.937123954296112061e-02,-2.134503424167633057e-02,1.871883869171142578e-01,-3.260039910674095154e-02,4.109992831945419312e-02,-3.454081714153289795e-02,9.416578337550163269e-03,1.485850512981414795e-01,1.407321542501449585e-01,1.071441248059272766e-01,-1.167464703321456909e-01,-4.594715684652328491e-02,2.845651209354400635e-01,-4.910570208533456462e-41,1.224866062402725220e-01,1.824373751878738403e-02,3.915439173579216003e-02,3.060463815927505493e-03,-9.226959198713302612e-02,3.725528717041015625e-02,6.352750957012176514e-02,1.153516769409179688e-01,1.541095599532127380e-02,-3.923540562391281128e-02,-5.123427445264396175e-41,1.075169071555137634e-01,6.299761123955249786e-03,5.081122517585754395e-01,5.028907582163810730e-02,-3.464758768677711487e-02,2.421531677246093750e-01,7.271157205104827881e-02,4.220344126224517822e-03,-4.029692411422729492e-01,2.672447822988033295e-03,8.769221603870391846e-02,7.153215259313583374e-02,3.396566212177276611e-01,3.633279204368591309e-01,1.734583675861358643e-01,3.401087597012519836e-02,5.011603827811275772e-41,5.079847063023894364e-41,5.598683282732963562e-02,3.414449393749237061e-01,9.362298995256423950e-02,2.501147985458374023e-01,4.768367484211921692e-02
7.204740494489669800e-02,2.278614044189453125e-01,4.307362809777259827e-02,-5.190431699156761169e-02,-1.722602844238281250e-01,3.274966031312942505e-02,2.244581654667854309e-02,5.077184595941677211e-41,7.575744390487670898e-02,3.432125970721244812e-02,2.290994375944137573e-01,2.200819700956344604e-01,1.849019527435302734e-01,-1.369724422693252563e-01,7.884402573108673096e-02,-4.949666435688118858e-41,1.087644472718238831e-01,2.083805799484252930e-01,-1.595776975154876709e-01,-3.833919167518615723e-01,-1.521699037402868271e-02,1.806644052267074585e-01,1.000220328569412231e-01,-5.324660614132881165e-02,-2.995681390166282654e-02,-4.247634485363960266e-02,1.235405206680297852e-01,3.638345748186111450e-02,-1.200856193900108337e-01,5.419202148914337158e-02,-1.348327845335006714e-02,-5.758503451943397522e-02,1.490525994449853897e-02,1.061120852828025818e-01,4.566035419702529907e-02,9.908448159694671631e-02,1.424232870340347290e-02,1.470524724572896957e-02,2.052263915538787842e-02,1.508433464914560318e-02,1.630119830369949341e-01,4.406192898750305176e-01,4.704318195581436157e-02,1.887792348861694336e-01,2.899552695453166962e-02,3.631701692938804626e-02,2.229139395058155060e-02,7.223629951477050781e-02,6.710006296634674072e-02,9.745325148105621338e-02,-2.313134074211120605e-02,5.004529282450675964e-02,-6.840320676565170288e-02,6.053469236036777265e-41,-3.767118602991104126e-02,1.112335249781608582e-01,6.663116067647933960e-02,2.436397820711135864e-01,1.065887957811355591e-01,7.855875045061111450e-02,-1.290128473192453384e-02,2.076387405395507812e-01,5.046075770033666272e-41,4.240239784121513367e-02,2.128892578184604645e-02,3.899769112467765808e-02,9.302653372287750244e-02,2.224954031407833099e-02,-4.962852224707603455e-02,6.187821552157402039e-02,2.907086536288261414e-02,-1.352519264781670189e-40,-3.314933180809020996e-02,-5.525039585139888747e-41,8.942167460918426514e-02,8.904836326837539673e-02,3.644106686115264893e-01,9.504602290689945221e-03,2.475847676396369934e-02,2.645260989665985107e-01,3.173632323741912842e-01,7.072349544614553452e-03,3.861202597618103027e-01,8.709340542554855347e-02,9.137684851884841919e-02,-3.720203414559364319e-02,2.374324351549148560e-01,2.896974384784698486e-01,1.046263128519058228e-01,3.416829183697700500e-02,5.373839480839240985e-41,5.006278893646841468e-41,5.599366500973701477e-02,2.480117678642272949e-01,-9.610650688409805298e-02,2.914232909679412842e-01,-4.633632674813270569e-02
5.119643939410719169e-41,4.918417479933675437e-41,1.249638851732015610e-02,5.163504581344085943e-41,-5.636162553360846741e-41,-4.999552661018082346e-41,2.317009493708610535e-02,-5.653118264779177028e-41,7.315216958522796631e-02,-5.817919969558715820e-02,-2.009273469448089600e-01,-3.288628160953521729e-01,-2.553254365921020508e-01,5.291583260983374223e-41,-6.200045055405153130e-41,5.053082262355290358e-41,5.373839480839240985e-41,-4.674825072288513184e-02,1.109595447778701782e-01,-4.905525534061887120e-41,5.271981284022331238e-02,-3.526169806718826294e-02,-6.022920929514496253e-41,3.440683707594871521e-02,4.981616040674724687e-41,-4.904824884829724712e-41,-4.984979156989104248e-41,4.906926832526211937e-41,-5.266079628932662553e-41,-4.961437342788447321e-41,-5.173453800440792144e-41,-4.913092545769241132e-41,-5.653398524472041991e-41,-5.021132657368684529e-41,-4.041549190878868103e-02,4.920659557476595145e-41,5.925250426551056503e-41,5.361928443892480040e-41,-6.082616244094733460e-41,-5.029540448154633431e-41,-6.300798414990107478e-41,-1.890213340520858765e-01,5.027438500458146205e-41,-3.134151697158813477e-01,-5.129453028660992888e-41,5.023654994604469199e-41,4.909309039915564126e-41,5.575346200009149680e-41,-1.544820368289947510e-01,9.237135946750640869e-02,6.479569524526596069e-02,-1.758426614105701447e-02,-4.967182666492179071e-41,-4.964380069563529437e-41,-5.031782525697553138e-41,-1.291168034076690674e-01,-1.820905320346355438e-02,-4.490873962640762329e-02,4.219924658536911011e-02,-1.513633411377668381e-02,-2.111046016216278076e-01,6.008207295639085673e-41,1.166931296166491416e-40,5.835006805448538283e-41,-6.816759705543518066e-02,-5.212826281785964966e-02,1.576361618936061859e-02,-6.575013697147369385e-02,-4.926526173949241638e-02,-1.810188032686710358e-02,1.157655864953994751e-01,-5.641767747218146009e-41,5.072420181162972833e-41,-4.975590457278127974e-41,-1.728631705045700073e-01,-4.921220076862325071e-41,-1.952097415924072266e-01,-5.467866607795436211e-41,4.920379297783730181e-41,2.371590584516525269e-01,-1.552203297615051270e-01,-4.909729429454861571e-41,5.263557291696877882e-41,-4.965781368027854254e-41,4.958214356320500242e-41,5.548301139647680711e-41,-3.172919154167175293e-02,-2.189228981733322144e-01,4.197873920202255249e-02,2.932409010827541351e-02,5.167568346890627912e-41,5.288360274515427144e-41,6.039316121547096612e-41,-1.199784502387046814e-01,7.987826317548751831e-02,-1.404937654733657837e-01,-5.252627163675144309e-41
-1.359784454107284546e-01,-1.876169890165328979e-01,9.195757657289505005e-02,5.844180658459663391e-02,3.040256537497043610e-02,1.126649603247642517e-01,2.151586301624774933e-02,1.554090250283479691e-02,7.508215308189392090e-02,3.535382077097892761e-02,3.167957365512847900e-01,3.820056021213531494e-01,1.822735965251922607e-01,4.407629743218421936e-02,-8.599963039159774780e-03,-4.504547268152236938e-02,1.087791696190834045e-01,1.313353925943374634e-01,1.251729726791381836e-01,4.139769822359085083e-02,7.589101046323776245e-02,1.161252483725547791e-01,1.016382798552513123e-01,3.560807555913925171e-02,-1.661164127290248871e-02,7.211955636739730835e-02,5.716193467378616333e-02,5.396264418959617615e-02,1.248609554022550583e-02,2.491159886121749878e-01,-4.713855311274528503e-02,-2.003990113735198975e-02,1.462480239570140839e-02,1.062533855438232422e-01,4.278900101780891418e-02,9.909815341234207153e-02,1.352144684642553329e-02,1.382419653236865997e-02,1.937069743871688843e-02,1.398997101932764053e-02,1.091307923197746277e-01,3.784808516502380371e-01,4.692998901009559631e-02,1.864994913339614868e-01,2.746822498738765717e-02,3.569016978144645691e-02,2.149438112974166870e-02,7.402832806110382080e-02,6.064091622829437256e-02,9.876491129398345947e-02,3.902026265859603882e-02,2.731671035289764404e-01,1.954937912523746490e-02,4.105606675148010254e-02,4.911130727919186388e-41,1.523624174296855927e-02,1.468681693077087402e-01,3.725323081016540527e-02,1.064827367663383484e-01,8.364783227443695068e-02,2.705018222332000732e-01,2.067762911319732666e-01,-4.951768383384606084e-41,1.263747662305831909e-01,1.132140383124351501e-01,3.675483912229537964e-02,9.483425319194793701e-02,1.216528788208961487e-01,3.858330100774765015e-02,-2.872358076274394989e-02,1.168780922889709473e-01,5.884981155395507812e-02,-6.298416207600755289e-41,5.197836393720043961e-41,2.618122100830078125e-01,-6.262544193305075169e-04,4.976091086864471436e-01,1.345304399728775024e-01,5.347573384642601013e-02,2.367337942123413086e-01,1.067192852497100830e-01,-4.074845463037490845e-02,1.261689811944961548e-01,8.636445552110671997e-02,-2.035121172666549683e-01,-4.424746334552764893e-02,2.085871249437332153e-01,4.452199637889862061e-01,2.444314360618591309e-01,1.420166343450546265e-01,-6.182809084293957880e-41,4.947564487991631632e-41,-3.442404419183731079e-02,3.012032508850097656e-01,-1.184592372737824917e-03,-2.517373859882354736e-01,5.019680410623550415e-02
7.089316099882125854e-02,2.293879389762878418e-01,-8.493402856402099133e-05,3.093724884092807770e-02,7.223465293645858765e-02,5.284296508968885174e-41,4.944341501523684553e-41,5.164905879808410760e-41,-6.064539493904943320e-41,4.952749292309633455e-41,-7.620673626661300659e-02,-9.194280207157135010e-02,-1.693799048662185669e-01,-5.283187329769134521e-02,7.674667984247207642e-02,-5.557549709512224503e-41,4.957793966781202797e-41,5.816229406026585735e-41,1.081319004297256470e-01,-1.336292028427124023e-01,-1.242362633347511292e-01,-1.094818264245986938e-01,9.723122417926788330e-02,6.077711699469596600e-41,4.033746942877769470e-02,4.465387016534805298e-02,1.272206753492355347e-01,-5.254765227437019348e-02,-8.236408978700637817e-02,6.697399914264678955e-02,-1.723334193229675293e-02,-1.687734201550483704e-02,-6.929378956556320190e-02,-1.515092700719833374e-01,4.667926207184791565e-02,-6.444095820188522339e-02,1.334505248814821243e-02,-6.915954500436782837e-02,-6.007821485400199890e-02,-6.784007698297500610e-02,-1.093074399977922440e-02,3.229795694351196289e-01,4.580495879054069519e-02,1.031069532036781311e-01,2.941273339092731476e-02,3.631345182657241821e-02,2.258417196571826935e-02,7.225851714611053467e-02,-4.464857280254364014e-02,6.070845336994404996e-41,-2.239603735506534576e-02,8.651144802570343018e-02,-2.386164665222167969e-02,-5.585855938491585808e-41,4.647735878825187683e-02,-9.490035474300384521e-02,8.547632396221160889e-02,4.600432142615318298e-02,-4.984704032540321350e-02,-2.010976709425449371e-02,4.551585018634796143e-02,-5.549141918726275601e-41,-4.533051326870918274e-02,-4.701476544141769409e-02,-1.587747968733310699e-02,-1.492363959550857544e-02,8.985605090856552124e-03,5.695945769548416138e-02,-5.042992913412151675e-41,-5.879988486153364911e-41,-5.672035794047562058e-41,5.504720757407178900e-41,-3.411546349525451660e-02,2.846748381853103638e-02,1.258714646100997925e-01,5.254448851678766571e-41,-1.076387520879507065e-02,5.091898229817087791e-41,2.522445097565650940e-02,1.061980053782463074e-02,1.367307156324386597e-01,6.368859205394983292e-03,-1.549738198518753052e-01,-6.816959008574485779e-03,9.274940192699432373e-02,-3.341689333319664001e-02,2.411097437143325806e-01,1.974480450153350830e-01,-2.349981851875782013e-02,-8.098987489938735962e-02,-2.171386778354644775e-02,-2.382603473961353302e-02,5.376728251576423645e-02,1.749500632286071777e-01,5.003896686257489279e-41,3.058742880821228027e-01,4.966221004724502563e-02
4.913653065154971059e-41,4.905245274369022157e-41,5.287939884976129699e-41,5.265939499086230071e-41,5.222499246692160742e-41,-5.058267066673292181e-41,5.054343430973182693e-41,-4.930608776573301346e-41,-5.193912758019934473e-41,-5.302653518851540278e-41,4.965220848642124327e-41,-4.954570980313255718e-41,4.917576700855080547e-41,5.078445764559569547e-41,5.099885631063739248e-41,4.917997090394377992e-41,4.921500336555190035e-41,5.024215513990199126e-41,-4.907066962372644419e-41,5.115019654478447272e-41,5.100025760910171730e-41,-1.120342016220092773e-01,5.425547394172826735e-41,-5.124968873575153473e-41,5.981022105431184222e-41,-4.909589299608429090e-41,5.641767747218146009e-41,-5.150332375779432662e-41,-4.915614883005025803e-41,5.125389263114450919e-41,5.022533955833009346e-41,-4.912812286076376169e-41,5.074241869166595096e-41,4.908888650376266681e-41,4.933551503348383462e-41,5.083490439031138888e-41,-5.065133429148483785e-41,-5.134217443439697266e-41,-1.159546453259499630e-40,4.905385404215454638e-41,4.910430078687023980e-41,6.089400127530097961e-02,4.906926832526211937e-41,-2.219838947057723999e-01,5.031782525697553138e-41,5.048177717730153498e-41,2.629312360551227263e-40,-5.297608844379970937e-41,-6.290709066046968795e-41,-5.042292264179989266e-41,-5.270423654172069485e-41,4.948545396916659004e-41,-4.969845133574396224e-41,4.921920726094487480e-41,4.914774103926430913e-41,6.220784272677160423e-41,3.119314834475517273e-02,-4.905805793754752084e-41,4.162836074829101562e-02,-5.265799369239797589e-41,-5.975416911573884954e-41,5.157198738254624266e-41,-5.925390556397488984e-41,-6.246568164420737057e-41,6.083877412712625795e-41,6.092004943805709734e-41,5.085732516574058596e-41,-5.540313738401029253e-41,-4.953449941541795864e-41,4.990444220999971035e-41,-6.096208839198684185e-41,5.008100581650463730e-41,-5.004457205643219205e-41,-5.086853555345518449e-41,5.214231585752644321e-41,-4.913512935308538577e-41,-5.085732516574058596e-41,-5.090637061199195455e-41,-1.174988762336359114e-41,-6.752959638833999634e-02,2.140571549534797668e-02,-5.290882611751211815e-41,5.476694788120682558e-41,5.081108231641786699e-41,-5.188307564162635205e-41,-5.513689067578857729e-41,-1.015191525220870972e-02,5.482159852131549345e-41,2.020291984081268311e-02,1.388849467039108276e-01,-5.318628321344843193e-41,5.277149886800828607e-41,-5.866536020895846667e-41,5.329138059827279321e-41,-1.440702977141630927e-40,-6.259740369985390338e-41,5.108853941235418077e-41
6.930731981992721558e-02,2.314504683017730713e-01,-4.378509183879941702e-04,-6.835347972810268402e-03,5.546339321797625967e-41,1.123563349246978760e-01,2.398783713579177856e-02,1.284679770469665527e-02,-1.103929728269577026e-01,3.575870394706726074e-02,4.848624020814895630e-02,9.649384021759033203e-02,3.939756657928228378e-03,1.186149716377258301e-01,7.917500287294387817e-02,3.611533343791961670e-02,2.780503779649734497e-02,-4.428353905677795410e-02,3.853540122509002686e-02,-1.048946082592010498e-01,7.656203955411911011e-02,1.259434670209884644e-01,9.928818792104721069e-02,3.604445606470108032e-02,7.065252959728240967e-02,7.033493369817733765e-02,-1.036104485392570496e-01,5.675591155886650085e-02,2.239471487700939178e-02,3.171895816922187805e-02,1.281222701072692871e-01,7.568079233169555664e-02,1.538930553942918777e-02,1.074704229831695557e-01,4.370311275124549866e-02,5.324513774895007424e-41,1.336753368377685547e-02,1.464287471026182175e-02,1.925279200077056885e-02,1.268558483570814133e-02,8.125061541795730591e-02,3.096390068531036377e-01,4.845706373453140259e-02,1.872634440660476685e-01,3.026174008846282959e-02,3.375865891575813293e-02,2.251203358173370361e-02,7.108673453330993652e-02,6.401633471250534058e-02,1.761858463287353516e-01,3.557378798723220825e-02,7.119772583246231079e-02,-1.113701388239860535e-01,-4.367286711931228638e-02,5.315965854262626040e-41,8.592852391302585602e-03,1.490484625101089478e-01,3.753797709941864014e-02,1.066237837076187134e-01,-1.656333357095718384e-02,-5.233050510287284851e-02,-1.258978545665740967e-01,5.862332125502872216e-41,4.267304763197898865e-02,2.188780345022678375e-02,3.943671658635139465e-02,1.202883664518594742e-02,-6.120195239782333374e-02,-4.849551245570182800e-02,-2.795128896832466125e-02,3.020988777279853821e-02,5.907388404011726379e-02,4.921640466401622516e-41,5.431853237262288412e-41,2.721167169511318207e-02,-1.214171410538256168e-03,9.792166203260421753e-02,-2.470659464597702026e-02,-3.074253536760807037e-02,2.519071660935878754e-02,4.194990172982215881e-02,1.444075405597686768e-01,3.867891132831573486e-01,8.726307004690170288e-02,8.855000138282775879e-02,1.426643282175064087e-01,3.009943366050720215e-01,3.281318247318267822e-01,2.486085593700408936e-01,1.418290138244628906e-01,-5.004036816103921760e-41,5.023374734911604236e-41,5.657022073864936829e-02,4.160480797290802002e-01,-9.518849849700927734e-02,3.080968260765075684e-01,4.583720862865447998e-02
-1.372632235288619995e-01,-8.030567318201065063e-02,4.102351609617471695e-03,5.877633020281791687e-02,5.281914301579532985e-41,5.372858571914213613e-41,2.197848632931709290e-02,1.456410065293312073e-02,-2.012850530445575714e-02,-5.783780291676521301e-02,1.454960405826568604e-01,2.534830272197723389e-01,4.082178696990013123e-03,-5.035170167684555054e-02,-1.259866915643215179e-02,-4.455580562353134155e-02,6.221905311448620277e-41,-1.375568956136703491e-01,-7.829152792692184448e-02,-1.814666241407394409e-01,5.298921838402748108e-02,-7.686105370521545410e-02,1.014546677470207214e-01,-5.230701342225074768e-02,-2.238275296986103058e-02,-1.437611412256956100e-02,6.119761988520622253e-02,5.610096082091331482e-02,1.048350986093282700e-02,1.006649658083915710e-01,4.467832297086715698e-02,-9.638313204050064087e-03,1.477531064301729202e-02,1.219679974019527435e-02,4.362324625253677368e-02,4.906926832526211937e-41,1.262425817549228668e-02,1.030180230736732483e-02,1.764870807528495789e-02,1.509969402104616165e-02,7.803416252136230469e-02,3.161072731018066406e-01,4.632763937115669250e-02,1.022759452462196350e-01,2.988699637353420258e-02,3.573685511946678162e-02,-6.307117640972137451e-02,-8.128914982080459595e-03,-1.514998078346252441e-01,-1.148894280195236206e-01,-2.342059463262557983e-02,-1.176957935094833374e-01,1.791322417557239532e-02,-4.601814597845077515e-02,-6.241943879488465161e-41,4.606317728757858276e-03,5.236880388110876083e-03,-2.053772509098052979e-01,4.301985725760459900e-02,-1.936637051403522491e-02,3.674665093421936035e-02,1.325721740722656250e-01,-5.142204844686348723e-41,1.246522888541221619e-01,1.124186590313911438e-01,3.897818922996520996e-02,9.390690922737121582e-02,-6.050582602620124817e-02,3.363300114870071411e-02,-2.831408753991127014e-02,1.148343682289123535e-01,-2.194526046514511108e-02,-5.052521742969560431e-41,-5.129593158507425370e-41,-8.771804720163345337e-02,-3.334502689540386200e-03,3.146009743213653564e-01,-3.574556857347488403e-02,-3.216099739074707031e-02,1.226706728339195251e-01,1.500058621168136597e-01,6.204220466315746307e-03,-1.423511058092117310e-01,3.396131563931703568e-03,9.108798950910568237e-02,-2.088509202003479004e-01,2.352213263511657715e-01,4.655151367187500000e-01,-3.026327677071094513e-02,-8.284633606672286987e-02,4.942800073212927254e-41,6.001621192856759033e-41,-2.938053570687770844e-02,2.716108858585357666e-01,2.766388235613703728e-03,3.032012656331062317e-02,4.999788478016853333e-02
-1.332391947507858276e-01,2.283093482255935669e-01,9.764957241714000702e-03,5.896242335438728333e-02,-6.216440247437753490e-41,5.063451870991294004e-41,2.195122651755809784e-02,1.580411382019519806e-02,-1.143112555146217346e-01,3.393032401800155640e-02,1.274605840444564819e-01,4.476306438446044922e-01,1.044301465153694153e-01,4.306197911500930786e-02,7.799289375543594360e-02,3.695720806717872620e-02,-5.324513774895007424e-41,-4.423531517386436462e-02,1.964825578033924103e-02,-6.974940653890371323e-03,5.434449389576911926e-02,5.498975887894630432e-02,1.024554446339607239e-01,-5.197595432400703430e-02,-2.161937020719051361e-02,-1.546166092157363892e-02,5.794599652290344238e-02,5.406194552779197693e-02,1.172455996274948120e-01,8.590861409902572632e-02,1.296335905790328979e-01,-1.780523918569087982e-02,1.501443516463041306e-02,1.063501760363578796e-01,4.476347193121910095e-02,5.088114723963410785e-41,1.469916384667158127e-02,1.488743070513010025e-02,1.860091835260391235e-02,1.578834652900695801e-02,8.193878084421157837e-02,2.496300190687179565e-01,4.313735291361808777e-02,1.041089594364166260e-01,2.872406318783760071e-02,3.609289973974227905e-02,1.881076022982597351e-02,7.222364842891693115e-02,6.296765804290771484e-02,4.560013487935066223e-02,-2.272384613752365112e-02,2.496192306280136108e-01,-2.593530341982841492e-02,-1.194074447420463122e-40,-5.454554272384350449e-41,-9.116280823945999146e-02,-2.505555152893066406e-01,3.365858271718025208e-02,-4.817166924476623535e-02,8.234509080648422241e-02,1.196403130888938904e-01,1.272840499877929688e-01,6.084297802251923240e-41,4.690652713179588318e-02,-7.445690780878067017e-02,-5.126528069376945496e-02,9.369387477636337280e-02,2.739307470619678497e-02,3.852197155356407166e-02,-2.840903401374816895e-02,-6.111485138535499573e-02,-3.736947476863861084e-02,-5.128191860043100553e-41,-5.704826178112762777e-41,8.334924280643463135e-02,-1.566117280162870884e-03,3.493420183658599854e-01,8.324247598648071289e-02,5.148110911250114441e-02,2.086259573698043823e-01,1.494172662496566772e-01,9.688809514045715332e-02,-2.848974429070949554e-02,-5.154924932867288589e-03,9.063333272933959961e-02,2.233304679393768311e-01,2.391179949045181274e-01,4.045512378215789795e-01,-2.018922753632068634e-02,-1.810254305601119995e-01,-5.833044987598483539e-41,5.998258076542379472e-41,-3.331067413091659546e-02,2.076328843832015991e-01,9.405681490898132324e-02,2.931749224662780762e-01,4.883147031068801880e-02
5.878166798149742649e-41,5.483701280442306644e-41,-7.698026951402425766e-03,-6.218542195134240716e-41,5.076343816863082321e-41,-4.919258259012270327e-41,4.910289948840591498e-41,5.123147185571531211e-41,-5.403266748590062144e-41,-5.030241097386795839e-41,-4.938035658434222876e-41,6.161509347636220661e-41,6.284543352803939600e-41,-6.112884290924149508e-41,-5.685348129458647820e-41,-4.955551889238283090e-41,-4.913793195001403541e-41,4.913092545769241132e-41,5.094981086438602388e-41,-5.010202529346950955e-41,-4.983577858524779431e-41,-4.933551503348383462e-41,5.871440565520983527e-41,4.932570594423356090e-41,5.671475274661832131e-41,-5.154536271172407114e-41,4.915895142697890767e-41,-5.626773853649870467e-41,-5.031642395851120657e-41,-5.271544692943529339e-41,5.042152134333556785e-41,-5.143185753611376095e-41,4.973908899120938193e-41,5.792967851518793771e-41,-5.167848606583492876e-41,5.440821547433967241e-41,-5.769706297011001808e-41,-6.305562829768811856e-41,-5.363329742356804857e-41,-5.045795510340801309e-41,5.517472573432534735e-41,9.915199875831604004e-02,5.544938023333301150e-41,-5.703605711460113525e-03,5.220537428842105998e-41,-1.119637472995528840e-40,5.010482789039815919e-41,4.911130727919186388e-41,5.347354939863501943e-41,5.147669908697215510e-41,-5.116420952942772089e-41,-4.998291492400190010e-41,4.942239553827197327e-41,5.580951393866448948e-41,-5.086853555345518449e-41,4.909168910069131645e-41,-5.546759711336923412e-41,-5.172192631822899809e-41,-4.915474753158593321e-41,-5.823936547580372228e-41,-5.268742096014879705e-41,6.190796485540609338e-41,5.046356029726531236e-41,4.061845767645844506e-40,5.066254467919943638e-41,-4.906506442986914492e-41,5.826038495276859454e-41,-4.910710338379888943e-41,5.579269835709259168e-41,5.150752765318730108e-41,5.735234354788611308e-41,4.945042150755846962e-41,-5.473331671806302997e-41,4.932570594423356090e-41,-4.972227340963748413e-41,-4.909589299608429090e-41,5.200779120495126077e-41,4.958074226474067760e-41,-5.401024671047142436e-41,-1.463050395250320435e-01,6.461163610219955444e-02,5.241837165499843217e-41,-5.938142372422844820e-41,-4.962978771099204620e-41,4.946583579066604260e-41,4.961157083095582358e-41,-9.428329765796661377e-03,4.906646572833346974e-41,5.271824952636394303e-41,-6.288186728811184124e-41,-4.910149818994159017e-41,4.948965786455956449e-41,-6.126476886028100234e-41,4.938876437512817766e-41,-5.104650045842443626e-41,-4.964940588949259364e-41,-5.092178489509952754e-41
-1.377103328704833984e-01,2.255992144346237183e-01,9.357119351625442505e-02,5.908042192459106445e-02,4.954711110159688199e-41,5.049999405733775760e-41,2.311635948717594147e-02,1.637364551424980164e-02,7.469193637371063232e-02,-6.062827631831169128e-02,2.162485569715499878e-01,2.508407533168792725e-01,9.355018287897109985e-02,4.272508621215820312e-02,7.726459950208663940e-02,-4.501348361372947693e-02,1.071719899773597717e-01,-4.759354889392852783e-02,1.086496040225028992e-01,7.170797139406204224e-02,5.023564025759696960e-02,2.603404521942138672e-01,1.024591028690338135e-01,-5.593563080045372302e-41,8.693017065525054932e-02,-5.478096086585007375e-41,7.188312709331512451e-02,5.403126618743629662e-41,2.525859512388706207e-02,1.652510464191436768e-01,9.373577684164047241e-02,7.640740275382995605e-02,1.317408680915832520e-02,1.065007522702217102e-01,4.362747445702552795e-02,4.984839027142671766e-41,1.555142272263765335e-02,-6.148522347211837769e-02,1.384637318551540375e-02,1.375645864754915237e-02,8.078600466251373291e-02,2.860455811023712158e-01,4.670149087905883789e-02,1.035517975687980652e-01,2.996832877397537231e-02,3.246430680155754089e-02,2.202289178967475891e-02,7.355713844299316406e-02,6.406512856483459473e-02,4.908748520529834199e-41,6.237209215760231018e-02,5.431271716952323914e-02,-6.864343583583831787e-02,4.255444183945655823e-02,-5.248002878742872412e-41,1.104195639491081238e-01,6.570952385663986206e-02,-4.522779583930969238e-02,4.153466597199440002e-02,8.191888034343719482e-02,-4.509695619344711304e-02,5.129092559218406677e-02,-5.996436388538757210e-41,1.278198808431625366e-01,1.143130213022232056e-01,-5.401061847805976868e-02,-7.315185666084289551e-02,1.056286245584487915e-01,3.716509789228439331e-02,6.323407590389251709e-02,-5.464756488800048828e-02,-2.407091856002807617e-02,5.027858889997443650e-41,5.405508826132981851e-41,1.025044471025466919e-01,-1.259217679034918547e-04,-2.629071772098541260e-01,-4.982737079446184541e-41,-1.197363138198852539e-01,1.113207340240478516e-01,2.546276748180389404e-01,5.867981538176536560e-02,-9.817975014448165894e-02,3.888900624588131905e-03,9.143909811973571777e-02,1.395783275365829468e-01,2.553116381168365479e-01,4.102467596530914307e-01,1.662730425596237183e-01,3.352349251508712769e-02,-5.231187297170974607e-41,-5.109974980006877931e-41,5.439800396561622620e-02,2.447478920221328735e-01,-8.412696421146392822e-02,3.385290876030921936e-02,4.952426627278327942e-02
-4.977972664667480163e-41,4.981335780981859724e-41,-2.390653267502784729e-02,-5.012024217350573218e-41,4.980074612363967388e-41,4.915895142697890767e-41,5.121185367721476467e-41,5.393597789186220906e-41,1.440296600586976730e-40,-3.127838302219424184e-41,-6.377164274454116821e-02,-8.071798831224441528e-02,-5.520275170361184369e-41,-5.196154835562854181e-41,4.909309039915564126e-41,-4.167027230378065276e-40,4.958354486166932724e-41,-5.093299528281412608e-41,5.505281276792908827e-41,5.823095768501777338e-41,5.131975365896777559e-41,4.946023059680874334e-41,-5.215492754370536656e-41,4.924162803637407187e-41,2.811607277775242716e-40,6.000360024238866698e-41,5.071159012545080498e-41,4.904965014676157193e-41,-5.150892895165162589e-41,5.193071978941339583e-41,-5.990971324527890423e-41,-5.028979928768903504e-41,4.920659557476595145e-41,4.954991369852553163e-41,5.044814601415773937e-41,5.348616108481394278e-41,5.728508122159852186e-41,5.541715036865354070e-41,-4.951067734152443675e-41,-5.543256465176111369e-41,6.001200803317461588e-41,2.898217439651489258e-01,-5.243939113196330443e-41,-1.134418975561857224e-02,-5.716737215059523723e-41,-5.114178875399852382e-41,-5.138000949293374272e-41,5.150052116086567699e-41,5.400744411354277473e-41,-4.906506442986914492e-41,5.604773467759970839e-41,-5.644990733686093089e-41,-5.029540448154633431e-41,-4.946863838759469224e-41,-4.915895142697890767e-41,-1.283977329730987549e-01,-5.987748338059943344e-41,5.073401090088000205e-41,5.863593294120764552e-41,-5.105630954767470998e-41,-5.715195786748766424e-41,5.208065872509615126e-41,5.335303773070308516e-41,-4.978953573592507535e-41,5.097923813213684504e-41,-5.036126550936960071e-41,-5.612620739160189814e-41,-5.017489281361440004e-41,-5.430311808951531113e-41,-4.907627481758374346e-41,-5.456375960387972711e-41,5.013285385968465553e-41,-6.205510119416019917e-41,5.707348515348547448e-41,4.972367470810180894e-41,5.529944129765025607e-41,-5.612200349620892369e-41,5.461420634859542052e-41,4.946583579066604260e-41,-6.349859293550252914e-03,6.085501238703727722e-02,-5.191110161091284839e-41,6.025863656289578368e-41,5.601270221599158796e-41,5.601830740984888723e-41,-6.064259234212078356e-41,-9.226168692111968994e-02,-5.096102125210062242e-41,-4.905805793754752084e-41,4.933411373501950980e-41,-4.907066962372644419e-41,-6.072667024998027259e-41,-5.102127708606658955e-41,5.051680963890965541e-41,-5.792267202286631363e-41,-5.245620671353520223e-41,-4.960596563709852431e-41
-4.976431236356722864e-41,5.323252606277115089e-41,5.182702370305335937e-41,-5.139121988064834126e-41,4.968023445570773962e-41,-5.318067801959113266e-41,5.073120830395135242e-41,5.094560696899304943e-41,5.828841092205509088e-41,-5.560492436287306619e-41,5.584174380334396028e-41,-5.061209793448374297e-41,-4.905105144522589675e-41,5.043553432797881602e-41,4.977832534821047681e-41,4.963259030792069584e-41,5.388693244561084046e-41,-4.983157468985481986e-41,6.070424947455107551e-41,-5.297468714533538455e-41,5.513408807885992766e-41,2.537751518892243715e-40,-5.506682575257233644e-41,-5.189428602934095059e-41,-5.087273944884815894e-41,-5.015667593357817742e-41,-5.403126618743629662e-41,5.129453028660992888e-41,5.373559221146376022e-41,-5.531065168536485461e-41,4.919258259012270327e-41,5.258372487378876059e-41,5.059247975598319553e-41,-5.143886402843538504e-41,-4.908608390683401718e-41,4.986800844992726510e-41,4.968724094802936370e-41,-4.923602284251677260e-41,-4.906226183294049529e-41,-4.940277735977142584e-41,-4.904824884829724712e-41,6.036021560430526733e-02,4.947424358145199151e-41,-3.235999643802642822e-01,4.945742799988009370e-41,-4.907207092219076901e-41,-5.073260960241567724e-41,4.911130727919186388e-41,-4.916175402390755730e-41,-5.005578244414679059e-41,-4.935653451044870687e-41,-1.165459932778950358e-41,-5.189848992473392504e-41,5.510045691571613205e-41,5.166167048426303095e-41,5.528823090993565753e-41,5.072700440855837797e-41,5.486083487831658833e-41,5.656761640786421552e-41,5.932397048719113070e-41,-4.975730587124560455e-41,4.905245274369022157e-41,6.077571569623164118e-41,-5.361648184199615077e-41,4.907487351911941864e-41,-5.056305248823237437e-41,1.394628283634630942e-40,-6.099431825666631265e-41,5.851682257174003606e-41,-5.732571887706394155e-41,-5.349316757713556687e-41,5.054763820512480138e-41,-5.122446536339368803e-41,-5.431292717876558485e-41,-4.908468260836969236e-41,5.448388559141321253e-41,5.690252674083784680e-41,5.099184981831576839e-41,-5.268461836322014742e-41,-1.544107943773269653e-01,2.353070117533206940e-02,-5.186485876159012943e-41,-5.021833306600846937e-41,5.044394211876476492e-41,-5.272245342175691748e-41,-5.829401611591239015e-41,-2.096725553274154663e-01,-5.058827586059022108e-41,4.940838255362872510e-41,9.112643913504285412e-42,-5.307978453015974583e-41,5.102267838453091437e-41,-1.360674821844040624e-40,5.801655901997607637e-41,5.977378729423939698e-41,-5.667831898654587607e-41,-6.259039720753227929e-41
4.929908127341138937e-41,5.663347743568748192e-41,-5.137020040368346900e-41,4.907767611604806827e-41,-5.275888718182936272e-41,-5.346934550324204498e-41,5.851261867634706161e-41,-4.910990598072753907e-41,-4.980635131749697315e-41,-4.919398388858702809e-41,4.737861827015876770e-02,1.110709384083747864e-01,5.675118650669076656e-41,-5.229365609167352345e-41,5.506542445410801162e-41,5.450350376991375997e-41,5.024355643836631608e-41,5.234690543331786650e-41,-5.295226636990618748e-41,9.412117302417755127e-02,5.006699283186138913e-41,-4.907207092219076901e-41,-4.909869559301294053e-41,-4.907207092219076901e-41,-5.347495069709934424e-41,4.922761505173082370e-41,-5.802216421383337564e-41,5.200498860802261114e-41,6.100592389702796936e-02,-4.946546256542205811e-02,5.521396209132644223e-41,-6.165573113182762630e-41,-5.361648184199615077e-41,5.540874257786759180e-41,-5.006278893646841468e-41,6.233395958856083777e-41,-4.929067348262544047e-41,-5.076203687016649839e-41,-5.045234990955071382e-41,5.254588981525199053e-41,-5.942486397662251753e-41,2.515782117843627930e-01,-4.906786702679779456e-41,-1.205604448914527893e-01,-5.037667979247717370e-41,4.906926832526211937e-41,6.178324929208118466e-41,-5.010202529346950955e-41,5.952015227219660509e-41,-4.973348379735208266e-41,4.915895142697890767e-41,4.906786702679779456e-41,5.984665481438428747e-41,-5.192791719248474620e-41,5.044254082030044010e-41,8.547616004943847656e-02,-4.994507986546513004e-41,-4.978533184053210090e-41,-5.025336552761658980e-41,-5.023374734911604236e-41,-5.065133429148483785e-41,-5.039349537404907150e-41,5.150052116086567699e-41,-5.239595087956923510e-41,4.993667207467918114e-41,5.113758485860554937e-41,-5.286538586511804882e-41,5.652697875239879582e-41,-5.494771538310472699e-41,6.099431825666631265e-41,4.977832534821047681e-41,4.964239939717096955e-41,-1.142604754825812591e-40,4.925143712562434559e-41,5.940384449965764527e-41,-6.055010664347534563e-41,-4.959335395091960096e-41,1.320625711733637352e-40,-2.159120673831678143e-40,1.081862375140190125e-01,1.403224319219589233e-01,-5.167428217044195431e-41,5.087554204577680858e-41,-5.177657695833766595e-41,-4.464256647646002225e-41,5.092318619356385236e-41,2.439785450696945190e-01,-4.983717988371211913e-41,-4.944761891062981998e-41,5.248843657821467303e-41,-5.872421474446010899e-41,-5.610098401924405143e-41,-5.017068891822142559e-41,-5.114038745553419900e-41,5.012864996429168108e-41,5.070037973773620644e-41,-4.960596563709852431e-41
5.667411509115290162e-41,-5.004877595182516651e-41,4.080381616950035095e-02,-5.359966626042425296e-41,5.432273626801585857e-41,5.138981858218401644e-41,-5.498555044164149705e-41,-5.924830037011759058e-41,4.922200985787352443e-41,-5.079566803331029400e-41,5.206524444198857827e-41,5.713934618130874088e-41,-5.078445764559569547e-41,5.163644711190518425e-41,4.988342273303483809e-41,6.029226772603957929e-41,5.569881135998282894e-41,-4.938315918127087840e-41,-4.970685912652991114e-41,5.146969259465053102e-41,-5.551243866422762826e-41,5.440821547433967241e-41,-5.138141079139806754e-41,-5.350157536792151577e-41,4.919818778398000254e-41,-5.067795896230700937e-41,5.414056746765363235e-41,-5.437878820658885125e-41,5.026737851225983797e-41,5.735094224942178826e-41,4.974609548353100602e-41,-4.036972719904079003e-40,-4.999552661018082346e-41,-5.348335848788529315e-41,5.886854848628556515e-41,-5.282614950811695394e-41,-5.124548484035856028e-41,5.652417615547014619e-41,-5.293965468372726412e-41,-5.679462675908483588e-41,-5.059107845751887071e-41,1.429403722286224365e-01,5.062470962066266632e-41,1.063529923558235168e-01,-4.918837869472972882e-41,-5.050279665426640724e-41,5.177237306294469150e-41,5.313163257333976406e-41,-5.696138127633948912e-41,-5.547180100876220857e-41,4.961437342788447321e-41,5.233849764253191760e-41,5.136459520982616973e-41,-4.972647730503045858e-41,5.193071978941339583e-41,4.975450327431695492e-41,-5.531485558075782906e-41,5.841032388845134997e-41,5.468707386874031101e-41,-6.028666253218228003e-41,-5.236512231335408912e-41,5.595104508356129601e-41,6.260721278910417709e-41,2.736777939780297484e-40,-5.971633405720207948e-41,-5.180320162915983748e-41,-5.250104826439359638e-41,5.524759325447023784e-41,-4.965781368027854254e-41,-5.893440951410883155e-41,-5.876625369838985350e-41,-5.253467942753739199e-41,-5.916141986532945192e-41,-6.130120262035344758e-41,4.924443063330272151e-41,5.061069663601941815e-41,-1.078859687683676663e-40,5.766903700082352174e-41,6.160248179018328325e-41,1.056738570332527161e-01,3.308476880192756653e-02,-5.077044466095244730e-41,-5.400183891968547546e-41,-5.559651657208711729e-41,4.922621375326649888e-41,-5.097923813213684504e-41,9.867043048143386841e-02,5.014406424739925407e-41,-6.098170657048738929e-41,-6.073367674230189667e-41,-5.998398206388811954e-41,-4.920239167937297699e-41,-5.128191860043100553e-41,5.827439793741184271e-41,5.024075384143766644e-41,-1.066906611782985973e-40,-6.127457794953127606e-41
-5.494631408464040217e-41,4.905385404215454638e-41,9.004297317005693913e-04,-4.961157083095582358e-41,-5.552645164887087644e-41,5.242677944578438107e-41,4.906086053447617047e-41,5.099184981831576839e-41,4.941258644902169955e-41,-5.078165504866704583e-41,-5.814968237408693399e-41,4.983998248064076876e-41,5.275188068950773863e-41,-5.049298756501613352e-41,-5.579550095402124131e-41,-4.935373191352005724e-41,-5.609958272077972662e-41,4.982456819753319577e-41,-5.040330446329934522e-41,-5.082929919645408961e-41,-5.706787995962817521e-41,-3.836575895547866821e-02,-5.569741006151850412e-41,-5.651156446929122284e-41,-5.907874325593428771e-41,-5.066254467919943638e-41,4.928226569183949157e-41,-5.032343045083283065e-41,5.089235762734870638e-41,6.125636106949505344e-41,-6.254555565667388514e-41,-4.929067348262544047e-41,-5.635602033975116814e-41,5.035566031551230144e-41,4.407581314444541931e-02,5.744062535113857655e-41,-6.233115699163218813e-41,5.612200349620892369e-41,2.920418103530064761e-40,5.020432008136522120e-41,4.907627481758374346e-41,1.456639319658279419e-01,-5.044674471569341455e-41,-1.330322399735450745e-02,4.929908127341138937e-41,5.028699669076038541e-41,5.125389263114450919e-41,5.396400386114870540e-41,-5.145848220693593248e-41,4.910289948840591498e-41,6.234797257320408594e-41,5.035706161397662626e-41,5.163644711190518425e-41,-5.023374734911604236e-41,4.909168910069131645e-41,-6.098450916741603893e-41,2.071533910930156708e-02,-5.373979610685673467e-41,5.009922269654085992e-41,5.011183438271978327e-41,5.083070049491841443e-41,-5.947390942287388612e-41,-5.595244638202562082e-41,5.186626006005445425e-41,-4.966201757567151699e-41,-2.805259395731851294e-41,5.171632112437169882e-41,5.047477068497991089e-41,-4.913512935308538577e-41,5.706647866116385040e-41,-6.022360410128766326e-41,-4.964940588949259364e-41,-6.141891169135673222e-41,5.584875029566558436e-41,-5.921607050543811978e-41,5.239875347649788473e-41,-5.279672224036613278e-41,5.162803932111923534e-41,-4.950367084920281266e-41,1.695550605654716492e-02,1.000676974654197693e-01,-5.717718123984551094e-41,4.961437342788447321e-41,4.956112408624013016e-41,4.926404881180326895e-41,-5.097363293827954577e-41,7.373289763927459717e-02,5.160001335183273900e-41,1.695646159350872040e-02,5.921046531158082051e-41,-5.278831444958018388e-41,-4.983858118217644394e-41,4.960596563709852431e-41,-1.546740680932998657e-01,-5.426107913558556662e-41,-4.969284614188666297e-41,-6.198083237555098386e-41
7.119187712669372559e-02,2.282415628433227539e-01,9.276194870471954346e-02,5.752776190638542175e-02,-5.845096154391676966e-41,-6.070705207147972515e-41,2.168357372283935547e-02,-6.625977158546447754e-02,-1.466852426528930664e-02,3.532675653696060181e-02,-1.858654245734214783e-02,1.001232340931892395e-01,2.319633262231945992e-03,3.823677822947502136e-02,7.808342576026916504e-02,3.613298013806343079e-02,-5.097223163981522095e-41,-1.422178298234939575e-01,1.084844917058944702e-01,4.446389526128768921e-02,5.291828513145446777e-02,1.509645730257034302e-01,1.125903148204088211e-02,-5.349225923418998718e-02,-2.338107861578464508e-02,7.468979805707931519e-02,-1.785459741950035095e-02,-1.140635311603546143e-01,2.277821302413940430e-02,-8.217961341142654419e-02,3.108101524412631989e-02,7.674766331911087036e-02,1.349366176873445511e-02,8.076916448771953583e-03,4.407298564910888672e-02,-1.235426765102688474e-40,1.290947943925857544e-02,1.384997554123401642e-02,1.951941289007663727e-02,9.494988247752189636e-03,-1.824572915211319923e-03,2.410895973443984985e-01,4.438028857111930847e-02,1.040855199098587036e-01,2.730887196958065033e-02,3.185202181339263916e-02,1.929531618952751160e-02,7.131958007812500000e-02,5.924165621399879456e-02,9.715481847524642944e-02,6.304837763309478760e-02,-2.720527052879333496e-01,1.057734414935112000e-01,-4.389926791191101074e-02,6.241523489949167716e-41,1.139640063047409058e-01,8.816941082477569580e-02,3.899522125720977783e-02,4.259536415338516235e-02,-1.664993725717067719e-02,-1.484208256006240845e-01,-4.453403875231742859e-02,-1.209040315019452169e-40,4.383197054266929626e-02,-7.116813212633132935e-02,-5.299151688814163208e-02,-1.652224659919738770e-01,-9.972530603408813477e-02,3.913814574480056763e-02,6.323967128992080688e-02,3.338935226202011108e-02,-2.484324201941490173e-02,4.975170067738830529e-41,5.460719985627379644e-41,3.398654162883758545e-01,8.967779576778411865e-02,3.333016335964202881e-01,5.018702521920204163e-02,5.530140548944473267e-02,2.058502286672592163e-01,7.113519310951232910e-02,9.957139194011688232e-02,3.846665024757385254e-01,9.154384583234786987e-02,-2.031701207160949707e-01,1.461250931024551392e-01,1.529506146907806396e-01,3.846995532512664795e-01,-2.024075761437416077e-02,4.123268276453018188e-02,5.185364837387553089e-41,-5.074662258705892541e-41,5.592621490359306335e-02,1.297170519828796387e-01,1.021264237351715565e-03,-3.129892051219940186e-02,4.725128412246704102e-02
6.903322786092758179e-02,2.316677421331405640e-01,9.095872938632965088e-02,5.832481756806373596e-02,2.475702022891940816e-40,5.500236602321339485e-41,2.368548512458801270e-02,1.547330804169178009e-02,-1.641326211392879486e-02,-5.413035303354263306e-02,2.221821695566177368e-01,1.809234321117401123e-01,9.589652717113494873e-02,-5.027630925178527832e-02,-1.045724004507064819e-02,3.753814846277236938e-02,-5.098904722138711876e-41,4.591867327690124512e-03,1.090015992522239685e-01,-4.356075450778007507e-02,5.143576860427856445e-02,4.857120662927627563e-02,1.000466719269752502e-01,3.460330516099929810e-02,-1.972570270299911499e-02,-1.816853694617748260e-02,1.418616995215415955e-02,5.286758020520210266e-02,1.192176192998886108e-01,1.826093643903732300e-01,-4.639746621251106262e-02,-1.546803209930658340e-02,1.538191549479961395e-02,1.073658466339111328e-01,4.340194910764694214e-02,-5.625792944724843095e-41,1.275919098407030106e-02,1.465198304504156113e-02,2.107352949678897858e-02,1.532257813960313797e-02,1.590745151042938232e-01,1.615752875804901123e-01,4.280104488134384155e-02,1.005811393260955811e-01,3.015193156898021698e-02,3.401205316185951233e-02,2.189713902771472931e-02,-8.911558985710144043e-02,-1.508681774139404297e-01,1.808116286993026733e-01,-2.396919950842857361e-02,1.995347887277603149e-01,1.056623011827468872e-01,-4.280038550496101379e-02,-5.152854713015217333e-41,9.651902131736278534e-03,8.841773122549057007e-02,-1.003068685531616211e-01,4.448968172073364258e-02,7.962357252836227417e-02,3.634267672896385193e-02,2.842363119125366211e-01,-4.908468260836969236e-41,1.279719769954681396e-01,1.091085299849510193e-01,3.969760611653327942e-02,8.965254575014114380e-02,-5.481179058551788330e-02,-4.936259984970092773e-02,-2.295184694230556488e-02,2.031558938324451447e-02,5.896509438753128052e-02,-5.416859343694012869e-41,4.908608390683401718e-41,3.400788605213165283e-01,8.942046761512756348e-02,5.031291842460632324e-01,4.912927001714706421e-02,5.396012589335441589e-02,1.225815713405609131e-01,1.516095101833343506e-01,1.447016447782516479e-01,3.866821527481079102e-01,8.805745095014572144e-02,8.739326149225234985e-02,1.330831795930862427e-01,2.374138683080673218e-01,3.757382035255432129e-01,6.681492179632186890e-02,3.408952429890632629e-02,5.489726863838903357e-41,-5.556568800587197131e-41,-3.395263850688934326e-02,2.761634886264801025e-01,-9.086836129426956177e-02,2.899222075939178467e-01,4.715093225240707397e-02
-1.348398029804229736e-01,-7.790704816579818726e-02,-4.625076428055763245e-02,3.163848072290420532e-02,-5.966448601402206125e-41,-4.917576700855080547e-41,2.133948914706707001e-02,-1.169916061895503276e-40,-1.794850639998912811e-02,-5.796158686280250549e-02,2.221863418817520142e-01,2.346724420785903931e-01,1.882324814796447754e-01,4.266351833939552307e-02,-1.762992888689041138e-01,-5.095401475977899833e-41,5.473051412113438034e-41,1.169962733983993530e-01,1.464772969484329224e-01,8.304706960916519165e-02,-1.135887019336223602e-02,-1.301201581954956055e-01,9.859822690486907959e-02,3.624941036105155945e-02,-8.845133334398269653e-02,-4.263714700937271118e-02,-5.238581448793411255e-02,-4.973557963967323303e-02,2.626035921275615692e-02,-8.856079727411270142e-02,-1.760338060557842255e-02,-1.296089775860309601e-02,1.400019042193889618e-02,-7.019664347171783447e-02,4.436897858977317810e-02,-4.905525534061887120e-41,8.107304573059082031e-03,1.581777259707450867e-02,2.129369042813777924e-02,1.403966359794139862e-02,-9.391571581363677979e-02,-8.228454738855361938e-03,4.697489738464355469e-02,1.038865298032760620e-01,2.792246453464031219e-02,3.459997847676277161e-02,-6.533890962600708008e-02,7.346670329570770264e-02,6.480730324983596802e-02,9.762307256460189819e-02,-2.255725301802158356e-02,1.495820432901382446e-01,-2.664113976061344147e-02,5.214231585752644321e-41,4.988762662842781254e-41,1.126142367720603943e-01,5.852530244737863541e-03,3.675006702542304993e-02,4.252338036894798279e-02,7.572054117918014526e-02,2.032785117626190186e-01,-3.762897476553916931e-02,5.930995750254788253e-41,4.537837952375411987e-02,-7.079670578241348267e-02,4.049333184957504272e-02,9.584034234285354614e-02,1.090492308139801025e-01,3.737971931695938110e-02,6.303842365741729736e-02,-2.243803292512893677e-01,6.304161531304487039e-41,6.255816734285280850e-41,4.979654222824669943e-41,1.850199550390243530e-01,8.809120953083038330e-02,-1.518124192953109741e-01,-3.346941992640495300e-02,2.502817101776599884e-02,1.241123080253601074e-01,1.509772837162017822e-01,1.000789701938629150e-01,3.868566155433654785e-01,8.954180032014846802e-02,9.017211198806762695e-02,1.555545777082443237e-01,1.618382334709167480e-01,3.308045268058776855e-01,5.788017809391021729e-02,-8.129572868347167969e-02,-5.527561922375673418e-41,5.038088368787014815e-41,-3.439815342426300049e-02,3.712487965822219849e-02,7.744119316339492798e-02,-2.885647118091583252e-01,4.843217134475708008e-02
7.268006354570388794e-02,2.271266281604766846e-01,5.188868083548365132e-41,5.547633022069931030e-02,6.235217646859706039e-41,3.278286755084991455e-02,2.220348082482814789e-02,1.553362049162387848e-02,7.502918690443038940e-02,-5.757981911301612854e-02,2.720883488655090332e-01,5.084846615791320801e-01,9.760209918022155762e-02,1.195853427052497864e-01,7.829196006059646606e-02,3.428370133042335510e-02,1.083968430757522583e-01,-5.347168818116188049e-02,1.253776550292968750e-01,-9.138456545770168304e-03,7.587897032499313354e-02,7.854659855365753174e-02,1.028886288404464722e-01,3.646982088685035706e-02,-5.648446828126907349e-02,-1.009019389748573303e-01,-2.762134000658988953e-02,-3.225556761026382446e-02,-2.253396064043045044e-02,1.063349936157464981e-02,-1.482218503952026367e-01,-1.173792555928230286e-01,1.694750599563121796e-02,1.143783144652843475e-02,4.465611651539802551e-02,5.066955117152106047e-41,1.306433882564306259e-02,1.576675102114677429e-02,1.943440921604633331e-02,1.352968532592058182e-02,-2.575787305831909180e-01,2.628016173839569092e-01,4.225328564643859863e-02,1.021606326103210449e-01,2.476177178323268890e-02,3.490946069359779358e-02,2.531952038407325745e-02,7.157063484191894531e-02,6.429761648178100586e-02,4.581539332866668701e-02,-1.956525072455406189e-02,-1.129966601729393005e-01,1.393492221832275391e-01,3.926872462034225464e-02,4.912251766690646242e-41,7.497194688767194748e-03,1.489812582731246948e-01,6.313764303922653198e-02,1.070883572101593018e-01,8.277514576911926270e-02,1.920392215251922607e-01,1.159379184246063232e-01,-5.082509530106111516e-41,1.260603219270706177e-01,-2.267725393176078796e-02,-4.878383129835128784e-02,9.337581694126129150e-02,-9.112850576639175415e-02,-4.944786801934242249e-02,6.312120705842971802e-02,2.765620127320289612e-02,5.972790345549583435e-02,-5.835707454680700692e-41,4.960036044324122504e-41,-9.531559050083160400e-02,8.915904164314270020e-02,3.352086842060089111e-01,1.335889995098114014e-01,-3.231543675065040588e-02,5.071555450558662415e-02,1.102812290191650391e-01,-8.101151138544082642e-02,1.215903833508491516e-01,-9.338659793138504028e-02,8.861991763114929199e-02,3.366963192820549011e-02,1.480063498020172119e-01,-7.287339866161346436e-02,2.959827892482280731e-02,3.045937418937683105e-02,-4.941258644902169955e-41,-4.957373577241905352e-41,5.113282799720764160e-02,1.834354251623153687e-01,-1.004253253340721130e-01,3.614420443773269653e-02,-1.412122100591659546e-01
7.232017070055007935e-02,-2.647603452205657959e-01,-2.526891455793726383e-40,4.976150976663857901e-41,-5.010062399500518474e-41,-5.005017725028949132e-41,2.350659668445587158e-02,-4.910149818994159017e-41,4.258562624454498291e-02,3.643987700343132019e-02,5.145287701307863321e-41,5.242117425192708181e-41,-5.420642849547689875e-41,4.396766796708106995e-02,4.974609548353100602e-41,-4.906786702679779456e-41,-5.191670680477014766e-41,5.116561082789204571e-41,6.911808997392654419e-02,-5.038508758326312260e-41,2.871961519122123718e-02,-5.898765102028846741e-02,-4.998571752093054974e-41,-5.542415686097516479e-41,5.201479769727288486e-41,5.905912507743374027e-41,5.805019018311987198e-41,5.284016249276020211e-41,5.322271697352087717e-41,4.912672156229943687e-41,4.960736693556284913e-41,5.699921633487625918e-41,1.292703580111265182e-02,1.074480265378952026e-01,4.478465765714645386e-02,5.971493275873775466e-41,-5.035846291244095108e-41,6.092705593037872143e-41,-4.907627481758374346e-41,5.512848288500262839e-41,-4.973488509581640748e-41,-1.261592358350753784e-01,-5.124688613882288510e-41,-2.231012880802154541e-01,-5.013425515814898035e-41,5.648774239539770095e-41,-5.053502651894587803e-41,2.712143112777467200e-40,-1.494479924440383911e-01,-5.145708090847160766e-41,-5.704545918419897814e-41,5.137580559754076827e-41,-5.278130795725855979e-41,5.404527917207954479e-41,-5.294385857912023857e-41,5.226843271931567675e-41,5.178645253181457520e-02,1.185433939099311829e-02,4.341071099042892456e-02,-4.919538518705135291e-41,4.927385790105354266e-41,-5.269863134786339559e-41,3.744333237409591675e-02,-4.906226183294049529e-41,-5.075923427323784876e-41,-5.016087982897115187e-41,-5.256550799375253796e-41,4.959475524938392577e-41,1.131748687475919724e-02,1.869763061404228210e-02,-5.440261028048237314e-41,-4.904684754983292230e-41,-5.094140307360007498e-41,2.854557335376739502e-02,-6.298556337447187770e-41,-5.169670294587115138e-41,-5.398782593504222729e-41,6.136846494664103880e-41,-5.739858639720883204e-41,5.082566291093826294e-02,7.775779068470001221e-02,5.367813897442644272e-41,5.340208317695445376e-41,-5.297608844379970937e-41,-5.026037201993821388e-41,4.999552661018082346e-41,5.575799942016601562e-02,1.906601041555404663e-01,2.179241552948951721e-02,1.402226239442825317e-01,-2.063303813338279724e-02,-2.609090134501457214e-02,-1.231475103433292490e-40,-4.508667439222335815e-02,-1.697777956724166870e-02,-2.906835973262786865e-01,5.865134722431521850e-41
7.187259197235107422e-02,2.271824032068252563e-01,8.798311650753021240e-02,5.192371329709177175e-41,1.650617487097488524e-40,5.185645097080418053e-41,-6.453562527894973755e-02,1.630971394479274750e-02,7.712166756391525269e-02,3.626916557550430298e-02,1.410479098558425903e-01,3.067173361778259277e-01,1.031000837683677673e-01,4.277968779206275940e-02,7.843339443206787109e-02,4.066845774650573730e-02,5.473611931499167961e-41,-2.135681658983230591e-01,2.234160713851451874e-02,1.049509346485137939e-01,5.362175032496452332e-02,6.633173208683729172e-03,9.877929836511611938e-02,-5.364713817834854126e-02,6.370250880718231201e-02,7.191488891839981079e-02,1.428832560777664185e-01,4.810494184494018555e-02,-3.095491230487823486e-02,8.423111867159605026e-04,4.404064640402793884e-02,7.692144066095352173e-02,1.497557200491428375e-02,1.279530487954616547e-02,4.665561392903327942e-02,6.151700258385946941e-41,1.351923774927854538e-02,1.448216754943132401e-02,1.392206829041242599e-02,1.507600955665111542e-02,7.917860895395278931e-02,1.581819057464599609e-01,5.092523992061614990e-02,9.762617945671081543e-02,2.914031967520713806e-02,3.347705677151679993e-02,1.787502318620681763e-02,7.183210551738739014e-02,6.502737104892730713e-02,1.809135675430297852e-01,-1.997297257184982300e-02,5.868707969784736633e-02,-6.822350621223449707e-02,4.383156821131706238e-02,-5.011463697964843291e-41,1.132506057620048523e-01,9.197837859392166138e-02,-1.585999280214309692e-01,4.177713394165039062e-02,8.289451152086257935e-02,1.092096790671348572e-01,2.477817535400390625e-01,-5.163784841036950906e-41,1.267486512660980225e-01,1.121944710612297058e-01,-5.199453234672546387e-02,7.291988003998994827e-03,2.194268815219402313e-02,3.931523114442825317e-02,6.288150697946548462e-02,1.170475259423255920e-01,5.718184635043144226e-02,-5.844535635005947039e-41,2.714287099427884170e-40,1.868620812892913818e-01,-2.841186011210083961e-03,5.511884391307830811e-02,-3.419338166713714600e-02,5.458099022507667542e-02,2.020817250013351440e-01,1.476003229618072510e-01,1.292555779218673706e-01,1.286061406135559082e-01,8.884544670581817627e-02,-1.958641558885574341e-01,1.416813582181930542e-01,2.385560274124145508e-01,3.837919831275939941e-01,1.160021033138036728e-02,1.399608552455902100e-01,-6.050666639108127631e-41,-5.291723390829806705e-41,5.501367896795272827e-02,3.540960252285003662e-01,-1.276757940649986267e-02,3.067656159400939941e-01,4.919923841953277588e-02
-3.593347221612930298e-02,2.295418530702590942e-01,-2.637699432671070099e-02,-5.056445378669669919e-41,4.904684754983292230e-41,4.953590071388228346e-41,2.339639514684677124e-02,5.453293103766458113e-41,-1.978605240583419800e-02,-5.891055986285209656e-02,1.070553958415985107e-01,2.186000198125839233e-01,-8.239891380071640015e-02,-4.604138061404228210e-02,-9.742363356053829193e-03,-4.929067348262544047e-41,5.061770312834104224e-41,3.068833611905574799e-02,-3.622844815254211426e-02,-7.006409764289855957e-02,-6.248571723699569702e-02,-1.421341858804225922e-02,9.970068931579589844e-02,3.643766790628433228e-02,-6.101964041590690613e-02,-4.959615654784825059e-41,-6.631083786487579346e-02,5.874103032603200680e-41,4.911130727919186388e-41,-1.218060627579689026e-01,6.103635721059605716e-41,-5.780216035493437936e-41,1.377879269421100616e-02,-2.463420331478118896e-01,-4.106076806783676147e-02,4.941538904595034919e-41,1.435638964176177979e-02,1.509319338947534561e-02,1.902272738516330719e-02,1.133015565574169159e-02,5.005157854875381614e-41,4.897338524460792542e-02,4.725946113467216492e-02,1.052488386631011963e-01,2.933011390268802643e-02,3.594764322042465210e-02,2.424780838191509247e-02,7.196681946516036987e-02,6.197807565331459045e-02,-3.530521690845489502e-02,-5.619206841942516454e-41,-4.902105312794446945e-03,-6.109100785070472502e-41,-6.115827017699231624e-41,5.115019654478447272e-41,1.113336533308029175e-01,-9.237343445420265198e-03,1.016304921358823776e-02,-4.696064814925193787e-02,-1.206227689981460571e-01,1.905845999717712402e-01,-3.897698968648910522e-02,-6.153381816543136722e-41,-1.088669598102569580e-01,2.274827845394611359e-02,3.816417604684829712e-02,8.135172538459300995e-03,1.921833753585815430e-01,3.822607174515724182e-02,6.455687433481216431e-02,-1.454326510429382324e-01,-5.067375506691403492e-41,5.200218601109396150e-41,-5.268041446782717296e-41,-2.426019161939620972e-01,-1.052864245139062405e-03,-3.164314106106758118e-02,5.153385922312736511e-02,-6.517994403839111328e-02,-1.481813639402389526e-01,-5.332533642649650574e-02,-8.486087620258331299e-02,-5.183737277984619141e-01,-9.460980445146560669e-02,9.181261062622070312e-02,-1.173564940690994263e-01,-8.205053210258483887e-02,2.098684906959533691e-01,-4.953173920512199402e-02,-1.769157201051712036e-01,-4.908608390683401718e-41,-5.539613089168866845e-41,5.880536884069442749e-02,-1.673958301544189453e-01,8.995725214481353760e-02,-4.554744344204664230e-03,4.944592341780662537e-02
-3.443590551614761353e-02,-3.142166435718536377e-01,-6.021239371357306472e-41,6.005404698710436039e-41,5.059948624830481961e-41,5.807120966008474424e-41,5.412935707993903382e-41,4.991565259771430888e-41,5.696418387326813875e-41,-5.116280823096339608e-41,4.623693600296974182e-02,1.100194603204727173e-01,-5.397241165193465430e-41,4.241893813014030457e-02,-5.824637196812534637e-41,-5.358425197731667998e-41,-5.068076155923565900e-41,5.270696058869361877e-02,6.825762987136840820e-02,4.330855980515480042e-02,2.955294772982597351e-02,1.388910263776779175e-01,1.021634936332702637e-01,5.026877981072416279e-41,3.426420688629150391e-02,-4.982456819753319577e-41,2.429691143333911896e-02,4.910850468226321425e-41,-5.295787156376348674e-41,1.685267686843872070e-02,4.909869559301294053e-41,-5.181861591226741047e-41,1.405427791178226471e-02,-7.753003388643264771e-02,4.310106486082077026e-02,5.850981607941841198e-41,1.174109801650047302e-02,1.450180541723966599e-02,1.901301369071006775e-02,1.387782581150531769e-02,-5.198256783259341406e-41,9.582153707742691040e-02,4.565490037202835083e-02,1.046847328543663025e-01,2.961766533553600311e-02,3.651704639196395874e-02,2.117192745208740234e-02,6.777043640613555908e-02,6.297876685857772827e-02,4.981896300367589651e-41,5.025196422915226498e-41,8.686645328998565674e-02,4.990444220999971035e-41,5.069477454387890717e-41,5.146688999772188138e-41,1.166551560163497925e-01,5.063128098845481873e-02,1.059175189584493637e-02,4.519840329885482788e-02,5.503179329096421601e-41,4.686640202999114990e-02,-5.643169045682470826e-41,5.254448851678766571e-41,4.529798775911331177e-02,6.946387141942977905e-02,3.991094976663589478e-02,9.273509681224822998e-02,1.922138333320617676e-01,-5.263417161850445400e-41,5.569600876305417930e-41,5.986206909749186045e-41,4.347038269042968750e-02,5.195594316177124254e-41,-4.910149818994159017e-41,1.713529787957668304e-02,5.032483174929715547e-41,1.665518246591091156e-02,5.866536020895846667e-41,2.499430626630783081e-02,3.136911988258361816e-02,1.017095148563385010e-01,9.935708343982696533e-02,3.868267834186553955e-01,8.969425410032272339e-02,9.576427191495895386e-02,1.446270793676376343e-01,5.270598828792572021e-02,9.421957284212112427e-02,2.334306016564369202e-02,3.141084685921669006e-02,6.040717420011421429e-41,-5.034164733086905327e-41,-5.310921179791056699e-41,8.099794387817382812e-02,4.941118515055737474e-41,3.407613933086395264e-02,4.858580231666564941e-02
4.990163961307106071e-41,4.959755784631257541e-41,1.874431036412715912e-02,-5.140663416375591425e-41,5.753170975131968966e-41,-5.230486647938812199e-41,5.578709316323529241e-41,5.352820003874368729e-41,-5.012024217350573218e-41,-4.913232675615673614e-41,-7.114192843437194824e-02,1.266833543777465820e-01,5.287659625283264735e-41,-5.230206388245947236e-41,-5.729909420624177003e-41,5.091197580584925382e-41,-5.282334691118830431e-41,-4.943921111984387108e-41,-5.988729246984970716e-41,-5.199938341416531187e-41,5.063311741144861522e-41,5.739438250181585759e-41,5.159440815797543973e-41,5.060649274062644370e-41,5.090637061199195455e-41,-4.932570594423356090e-41,4.949246046148821413e-41,-5.600149182827698942e-41,1.552302386840459358e-40,5.478376346277872339e-41,-4.916035272544323248e-41,-5.485382838599496424e-41,-5.285978067126074955e-41,5.448108299448456290e-41,5.442503105591157022e-41,5.391635971336166162e-41,5.199798211570098705e-41,-4.935373191352005724e-41,5.233149115021029351e-41,-5.732431757859961674e-41,4.992125779157160815e-41,2.528021931648254395e-01,4.909589299608429090e-41,-1.298266090452671051e-02,-4.971947081270883449e-41,6.123534159253018118e-41,5.383648570089514705e-41,5.388272855021786601e-41,-4.953730201234660827e-41,5.177517565987334114e-41,-4.999692790864514827e-41,5.627054113342735430e-41,-5.822675378962479893e-41,-6.289588027275508941e-41,2.436577769767991923e-40,-1.926748640835285187e-02,-5.269582875093474595e-41,4.913653065154971059e-41,5.193632498327069510e-41,-1.901221834123134613e-02,-5.855886152566978058e-41,-4.965501108334989291e-41,-5.731871238474231747e-41,5.102267838453091437e-41,-5.664889171879505491e-41,-4.911831377151348797e-41,5.570161395691147857e-41,-5.796891487218903259e-41,-5.235251062717516577e-41,-5.305876505319487357e-41,5.068356415616430864e-41,-4.920799687323027626e-41,-5.239735217803355992e-41,5.010062399500518474e-41,5.158600036718949083e-41,-5.056305248823237437e-41,-4.914353714387133468e-41,4.930188387034003901e-41,-5.248002878742872412e-41,2.613790333271026611e-02,1.401451081037521362e-01,5.947671201980253576e-41,-5.117682121560664425e-41,-5.921186661004514533e-41,4.982176560060454614e-41,-6.188834667690554594e-41,-1.762274838984012604e-02,-1.062408443712503310e-40,5.234690543331786650e-41,4.997030323782297675e-41,5.352119354642206321e-41,-5.603232039449213540e-41,-5.591601262195317558e-41,-5.075783297477352394e-41,-5.634901384742954406e-41,-5.294245728065591376e-41,4.962278121867042212e-41
-5.220957818381403443e-41,6.226529596380892173e-41,4.909168910069131645e-41,-5.051120444505235614e-41,-5.088675243349140711e-41,-4.910009689147726535e-41,-4.985960065914131620e-41,-5.117682121560664425e-41,5.690112544237352198e-41,5.249964696592927156e-41,-5.927632633940408692e-41,5.077745115327407138e-41,-5.452172064994998260e-41,5.069057064848593272e-41,-4.905385404215454638e-41,-5.392757010107626016e-41,5.264958590161202699e-41,5.231607686710272053e-41,-2.533407493652836783e-41,-5.286818846204669845e-41,-4.948825656609523968e-41,5.550122827651302973e-41,4.905945923601184565e-41,-5.127771470503803108e-41,-5.407470643983036595e-41,-5.032343045083283065e-41,-4.957093317549040388e-41,-5.304615336701595022e-41,-4.919958908244432736e-41,5.397241165193465430e-41,-5.360106755888857778e-41,5.160421724722571345e-41,-4.963539290484934547e-41,4.928787088569679084e-41,4.945182280602279443e-41,4.939016567359250248e-41,5.071159012545080498e-41,-5.399763502429250101e-41,-5.356463379881613254e-41,-5.132115495743210041e-41,-6.060615858204833832e-41,6.179305838133145838e-41,6.146375324221512636e-41,6.015774307346439685e-41,-5.318207931805545748e-41,-4.905385404215454638e-41,-4.944761891062981998e-41,-5.989990415602863051e-41,6.302164494991302490e-02,-5.970232107255883131e-41,5.480758553667224528e-41,5.256270539682388833e-41,-4.984839027142671766e-41,5.565537110758875961e-41,5.210588209745399797e-41,5.962524965702096637e-41,-6.035252356000554643e-41,-5.491548551842525619e-41,-5.928053023479706137e-41,-5.196014705716421699e-41,-5.137860819446941791e-41,-5.003616426564624315e-41,-6.152400907618109350e-41,-4.995348765625107894e-41,-5.353800912799396101e-41,-5.102828357838821364e-41,5.637003332439441631e-41,5.327176241977224577e-41,5.259633655996768394e-41,-5.904931598818346655e-41,5.244639762428492851e-41,5.272945991407854156e-41,5.070878752852215535e-41,5.465344270559651540e-41,-4.916455662083620693e-41,-6.010729632874870344e-41,5.000953959482407163e-41,-5.267480927396987370e-41,-5.359265976810262888e-41,-5.431012458183693522e-41,-4.925844361794596968e-41,-5.218295351299186290e-41,-4.971106302192288559e-41,-4.915895142697890767e-41,-5.562734513830226326e-41,6.138808312514158624e-41,5.275748588336503790e-41,5.932537178565545551e-41,5.617665413631759156e-41,5.394018178725518351e-41,-5.016087982897115187e-41,5.359546236503127851e-41,1.432827679772125455e-40,4.954290720620390754e-41,5.307978453015974583e-41,3.080429434776306152e-01,4.917716830701513029e-41
6.514108926057815552e-02,-4.826656877994537354e-01,1.787641197443008423e-01,5.786296725273132324e-02,9.181620180606842041e-02,5.001794738561002053e-41,2.351585775613784790e-02,1.648788899183273315e-02,-1.045721396803855896e-01,3.510143607854843140e-02,-4.385306835174560547e-01,-2.095506191253662109e-01,-1.663682907819747925e-01,-5.129238963127136230e-02,7.895311713218688965e-02,3.684877604246139526e-02,1.089292317628860474e-01,-5.583294108510017395e-02,-1.602337509393692017e-01,-1.543048024177551270e-01,-1.420754101127386093e-02,-3.651310801506042480e-01,7.167798466980457306e-03,3.517099842429161072e-02,-1.437506526708602905e-01,-4.310733452439308167e-02,-4.905048385262489319e-02,-5.175435915589332581e-02,-1.159339696168899536e-01,8.628166466951370239e-02,-4.322354868054389954e-02,-9.945862926542758942e-03,1.336676534265279770e-02,1.074230596423149109e-01,4.296084120869636536e-02,-1.473862677812576294e-01,1.066239457577466965e-02,1.636799983680248260e-02,1.869368366897106171e-02,1.373405382037162781e-02,-8.264143951237201691e-03,2.997657060623168945e-01,4.283420741558074951e-02,-8.689869195222854614e-02,2.907993271946907043e-02,3.605127334594726562e-02,2.074954658746719360e-02,6.952847540378570557e-02,-1.511621177196502686e-01,-7.234464585781097412e-02,-2.072282135486602783e-02,6.099214777350425720e-02,5.267037823796272278e-02,-4.278139770030975342e-02,4.595817998051643372e-02,-1.793265938758850098e-01,1.142893806099891663e-01,-1.417120397090911865e-01,1.031951233744621277e-01,-1.820361427962779999e-02,2.759058587253093719e-02,-1.230739206075668335e-01,3.334134444594383240e-02,-3.365284577012062073e-02,-7.126443833112716675e-02,-5.372419953346252441e-02,9.091167896986007690e-02,-1.466120630502700806e-01,-5.134831368923187256e-02,-3.018031269311904907e-02,-5.987241119146347046e-02,-2.525867335498332977e-02,4.795739427208900452e-02,3.026891127228736877e-02,9.562271833419799805e-02,-2.982675796374678612e-04,-2.316591441631317139e-01,-3.531586378812789917e-02,-1.161772087216377258e-01,-6.479245424270629883e-02,7.392381876707077026e-02,-1.293369382619857788e-01,-1.290101855993270874e-01,-2.566700279712677002e-01,-4.079120233654975891e-03,-1.965040564537048340e-01,3.149867802858352661e-02,-3.923501074314117432e-01,1.306066811084747314e-01,3.327001258730888367e-02,-2.143124304711818695e-02,-2.259849198162555695e-02,5.419827997684478760e-02,-1.414657831192016602e-01,1.942390372278168797e-04,-4.333325847983360291e-02,4.815020039677619934e-02
-1.381092220544815063e-01,2.301303446292877197e-01,-4.904824884829724712e-41,5.170931463205007473e-41,-5.149211337007972809e-41,-5.843134336541622222e-41,4.909729429454861571e-41,-4.950086825227416303e-41,-5.077604985480974656e-41,-4.923742414098109742e-41,-6.057780236005783081e-02,-7.774687558412551880e-02,-2.919587306678295135e-02,-5.278430879116058350e-02,-8.930493146181106567e-02,5.901007963118237167e-41,1.090483292937278748e-01,5.063171611298429041e-41,6.843444705009460449e-02,3.194680238967717958e-41,2.946724556386470795e-02,-3.085000813007354736e-01,4.908047871297671791e-41,-5.862051865810007253e-41,5.436477522194560308e-41,-1.695262856170877196e-40,4.975450327431695492e-41,4.928927218416111565e-41,-5.266500018471959998e-41,-5.138841728371969162e-41,-5.269442745247042114e-41,5.603512299142078503e-41,1.336484309285879135e-02,1.163710653781890869e-02,4.218134656548500061e-02,5.639105280135928857e-41,-5.126930691425208217e-41,4.994507986546513004e-41,5.146548869925755656e-41,5.910536792675645923e-41,-5.757515000371375899e-41,2.373677790164947510e-01,5.376081558382160693e-41,8.482712320983409882e-03,-5.795490188754578442e-41,5.139542377604131571e-41,5.113898615706987419e-41,5.893160691718018192e-41,5.157619127793921711e-41,-5.293545078833428967e-41,-5.609818142231540180e-41,5.034024603240472846e-41,4.990163961307106071e-41,5.003896686257489279e-41,-5.311201439483921662e-41,-5.014126165047060443e-41,-2.713582850992679596e-02,1.137483771890401840e-02,1.657865941524505615e-02,-6.235778166245435966e-41,5.137300300061211864e-41,-5.285277417893912546e-41,5.259493526150335912e-41,5.545218283026166113e-41,5.795910578293875887e-41,-5.029120058615335986e-41,6.092004943805709734e-41,-5.537931531011677064e-41,5.114459135092717345e-41,4.907487351911941864e-41,-5.102267838453091437e-41,-1.115293447756121907e-41,5.688150726387297454e-41,5.437598560966020162e-41,1.062100158050351851e-40,4.974609548353100602e-41,-6.100692994284523600e-41,-9.296070039272308350e-02,-5.338947149077553040e-41,9.068626165390014648e-02,9.298095107078552246e-02,5.291863520676239187e-41,5.831643689134158722e-41,5.039769926944204596e-41,5.732571887706394155e-41,5.612760869006622296e-41,2.950604856014251709e-01,8.409019559621810913e-02,2.255451530218124390e-01,-7.020821422338485718e-02,-4.968583964956503888e-41,-5.031222006311823211e-41,5.794311687350273132e-02,7.194285094738006592e-02,-1.140222547436460402e-40,4.934672542119843315e-41,6.085418841023383094e-41
-3.477802127599716187e-02,2.306090891361236572e-01,4.155418835580348969e-03,-5.549842567958438009e-41,-4.967322796338611553e-41,3.290989249944686890e-02,2.333519421517848969e-02,5.108573681542553114e-41,7.577473670244216919e-02,-5.332871899008750916e-02,2.420744597911834717e-01,2.247051447629928589e-01,4.670994728803634644e-02,3.888563811779022217e-02,7.877843081951141357e-02,-4.635185375809669495e-02,1.097750440239906311e-01,3.394748643040657043e-02,2.044049091637134552e-02,2.048699110746383667e-01,4.681782051920890808e-02,2.839484810829162598e-01,1.021379083395004272e-01,3.469188138842582703e-02,-1.655426807701587677e-02,-1.698375865817070007e-02,9.833775460720062256e-02,-3.240755945444107056e-02,-5.617773532867431641e-02,3.621930023655295372e-03,-5.020960420370101929e-02,7.599139935337007046e-04,1.576665043830871582e-02,1.687953993678092957e-02,4.508523270487785339e-02,6.048564691411640405e-41,1.284345798194408417e-02,1.587717607617378235e-02,2.059259451925754547e-02,1.554584968835115433e-02,-1.260956674814224243e-01,1.952091604471206665e-01,4.776679724454879761e-02,1.834750324487686157e-01,2.809693478047847748e-02,3.244729340076446533e-02,1.978531293570995331e-02,7.424901425838470459e-02,6.420182436704635620e-02,1.727877184748649597e-02,-2.162267640233039856e-02,1.000960543751716614e-01,-4.638499766588211060e-02,-5.679462675908483588e-41,-5.198817302645071333e-41,1.213379111140966415e-02,1.458907574415206909e-01,1.415480822324752808e-01,4.234990105032920837e-02,8.160652965307235718e-02,3.493797779083251953e-02,1.809130795300006866e-02,-6.122693380174423228e-41,1.245150864124298096e-01,-7.436933368444442749e-02,-5.032597854733467102e-02,7.287307176738977432e-03,1.926698982715606689e-01,3.822303190827369690e-02,-1.131706237792968750e-01,3.108353354036808014e-02,6.270810627853556392e-41,-5.597907105284779235e-41,-2.109094318655282173e-41,2.510620355606079102e-01,8.941963315010070801e-02,-7.554556429386138916e-02,-3.603333979845046997e-02,2.458096668124198914e-02,2.610507011413574219e-01,2.483831793069839478e-01,9.935077279806137085e-02,3.860363662242889404e-01,8.986592292785644531e-02,8.978666365146636963e-02,1.559925228357315063e-01,3.061872124671936035e-01,3.023360669612884521e-01,2.066763192415237427e-01,1.401566714048385620e-01,4.941118515055737474e-41,-6.261281798296147636e-41,4.986231774091720581e-02,2.707626819610595703e-01,-9.481240808963775635e-02,2.253634631633758545e-01,4.940743371844291687e-02
7.257010042667388916e-02,2.287147343158721924e-01,-8.416222035884857178e-02,-2.344633452594280243e-02,4.950226955073848785e-41,-1.224454598127025157e-40,2.174037694931030273e-02,1.701617799699306488e-02,-1.094382777810096741e-01,3.500011190772056580e-02,1.409733593463897705e-01,3.138115108013153076e-01,5.053443461656570435e-02,3.825734555721282959e-02,7.712130248546600342e-02,3.294037654995918274e-02,5.441101807126832205e-41,1.223421022295951843e-01,1.084350943565368652e-01,1.156752258539199829e-01,5.185051262378692627e-02,2.818944752216339111e-01,1.028328984975814819e-01,3.614350035786628723e-02,1.565941721200942993e-01,7.097172737121582031e-02,6.290828436613082886e-02,5.554420128464698792e-02,1.185103431344032288e-01,3.155542016029357910e-01,1.101754978299140930e-02,-4.591751843690872192e-02,1.999530009925365448e-02,1.058032661676406860e-01,4.306983202695846558e-02,4.914774103926430913e-41,1.455705706030130386e-02,1.054215710610151291e-02,1.711678318679332733e-02,1.459675468504428864e-02,8.086166530847549438e-02,3.190111219882965088e-01,-1.361532658338546753e-01,1.016403734683990479e-01,2.823013067245483398e-02,3.497484698891639709e-02,2.108587510883808136e-02,7.296528667211532593e-02,6.535782665014266968e-02,1.794274300336837769e-01,-2.220273204147815704e-02,2.210954725742340088e-01,6.954859942197799683e-02,5.065834078380646193e-41,5.082929919645408961e-41,1.133938655257225037e-01,9.003075957298278809e-02,1.376015134155750275e-03,3.845167532563209534e-02,-1.151821389794349670e-01,1.153347566723823547e-01,1.126403063535690308e-01,-4.943640852291522145e-41,4.223996773362159729e-02,1.114955022931098938e-01,3.936538100242614746e-02,9.457079321146011353e-02,1.497136056423187256e-01,3.724079579114913940e-02,-2.836582809686660767e-02,3.226351365447044373e-02,-5.271965082482826784e-41,5.100726410142334138e-41,-5.259353396303903431e-41,1.035457476973533630e-01,3.565286286175251007e-03,4.440634846687316895e-01,4.891150817275047302e-02,5.338824540376663208e-02,4.092137888073921204e-02,1.499948799610137939e-01,6.827171891927719116e-02,3.850721418857574463e-01,9.159598499536514282e-02,8.917862921953201294e-02,1.118930727243423462e-01,2.393595576286315918e-01,2.763063609600067139e-01,-2.170560322701931000e-02,3.328258544206619263e-02,-5.883771992007041917e-41,-1.065267092579725937e-40,5.756770074367523193e-02,2.811093628406524658e-01,9.446893632411956787e-02,3.005926609039306641e-01,5.068719759583473206e-02
7.272317260503768921e-02,2.277699261903762817e-01,-5.135758871750454565e-41,5.066534727612808602e-41,5.492669590613985473e-41,-4.911410987612051352e-41,-5.172472891515764772e-41,5.327876891209386985e-41,-5.271264433250664376e-41,-5.165326269347708205e-41,5.087554204577680858e-41,4.928927218416111565e-41,5.037387719554852407e-41,4.943220462752224699e-41,5.667972028501020088e-41,-5.490567642917498247e-41,5.791286293361603991e-41,-5.675398910361941619e-41,-5.075923427323784876e-41,-5.044394211876476492e-41,6.179586097826010801e-41,-5.718558903063145985e-41,-6.218682324980673197e-41,-4.987501494224888919e-41,-5.054903950358912620e-41,5.101286929528064065e-41,-5.074942518398757504e-41,-5.229085349474487382e-41,4.999132271478784901e-41,-5.231887946403137016e-41,-5.465484400406084022e-41,-5.715476046441631387e-41,1.544412691146135330e-02,1.068377196788787842e-01,4.222371056675910950e-02,-4.906506442986914492e-41,-5.516491664507507363e-41,-6.246007645035007130e-41,4.915474753158593321e-41,5.633780345971494552e-41,3.454060584714241598e-41,1.232388541102409363e-01,-5.851822387020436088e-41,-5.091337710431357864e-41,-5.517052183893237290e-41,5.157899387486786675e-41,-3.952404357582076293e-40,4.920099038090865218e-41,6.512776017189025879e-02,5.100446150449469175e-41,5.725145005845472625e-41,-5.274347289872178973e-41,-5.712253059973684308e-41,5.205823794966695418e-41,5.183543149383930827e-41,-5.341469486313337711e-41,-5.899886924346777314e-41,-4.927946309491084193e-41,-5.180880682301713675e-41,5.126370172039478291e-41,-5.040750835869231968e-41,-4.288281586496091697e-40,3.695486858487129211e-02,5.417419863079742796e-41,-5.043133043258584157e-41,-4.939857346437845138e-41,5.586276328030883253e-41,5.255149500910928979e-41,-5.954537564455445179e-41,-4.990023831460673590e-41,4.983998248064076876e-41,-5.091758099970655309e-41,-5.006419023493273949e-41,2.910887263715267181e-02,5.114879524632014791e-41,-4.905525534061887120e-41,-5.384909738707407040e-41,4.910289948840591498e-41,-5.913479519450728039e-41,6.272071796471448728e-41,3.926020488142967224e-02,5.225021583927945412e-41,4.921640466401622516e-41,-5.021553046907981974e-41,5.063451870991294004e-41,5.905071728664779137e-41,6.429614126682281494e-02,-5.434375574498073083e-41,-5.941225229044359417e-41,-1.640009657722549659e-40,-2.234590798616409302e-02,-2.767614834010601044e-02,-4.993667207467918114e-41,5.071496963500976562e-02,6.231854530545326478e-41,3.679370507597923279e-02,5.307417933630244656e-41
4.951628253538173602e-41,5.440961677280399723e-41,2.017400600016117096e-02,5.107732902463958224e-41,5.578008667091366833e-41,5.897084327418127680e-41,-5.723183187995417881e-41,-6.113725070002744399e-41,5.793248111211658735e-41,-4.912111636844213760e-41,-4.984138377910509358e-41,-5.746304612656777363e-41,1.127344614549315334e-41,5.860090047959952509e-41,-5.225301843620810376e-41,5.155096790558137041e-41,-1.360497903078794479e-02,-5.282614950811695394e-41,-5.016648502282845114e-41,4.990444220999971035e-41,4.990304091153538553e-41,-3.870605528354644775e-01,-5.105911214460335961e-41,-4.959615654784825059e-41,5.259073136611038467e-41,5.746584872349642326e-41,-5.107732902463958224e-41,-5.903670430200454320e-41,-5.373419091299943540e-41,-5.339928058002580412e-41,5.101707319067361510e-41,-4.940838255362872510e-41,-5.144587052075700912e-41,-5.002074998253867016e-41,-5.142625234225646169e-41,4.929207478108976529e-41,4.981195651135427242e-41,-5.072840570702270278e-41,5.171211722897872437e-41,-5.794789539522416033e-41,5.074101739320162614e-41,1.908127963542938232e-01,-5.438579469891047534e-41,-3.168155550956726074e-01,-5.049859275887343278e-41,-4.907627481758374346e-41,-5.001794738561002053e-41,5.578849446169961723e-41,-5.786662008429332094e-41,-5.752049936360509113e-41,-2.182859182357788086e-02,-4.928086439337516675e-41,6.219943493598565533e-41,4.948685526763091486e-41,5.432974276033748266e-41,5.097783683367252022e-41,5.041122436523437500e-02,-3.188830241560935974e-02,2.821916900575160980e-02,-6.150550767779350281e-02,-5.390795192257571272e-41,4.959475524938392577e-41,-4.957513707088337834e-41,5.127351080964505663e-41,-5.320870398887762900e-41,-4.937895528587790395e-41,-4.973348379735208266e-41,-5.597766975438346753e-41,-4.990724480692835998e-41,4.910009689147726535e-41,5.444464923441211766e-41,5.007119672725436358e-41,5.962805225394961600e-41,6.293091273436320984e-41,3.700408854742544439e-41,4.913372805462106096e-41,4.993386947775053151e-41,5.718138513523848540e-41,-4.932290334730491126e-41,-1.522958278656005859e-02,5.041097849607467651e-02,-5.074101739320162614e-41,-1.502304057633349885e-40,-4.926264751333894413e-41,6.204108820951695100e-41,6.213497520662671374e-41,8.859216421842575073e-02,-1.826069504022598267e-01,1.138216331601142883e-01,1.387297958135604858e-01,-5.771247725321759107e-41,-5.426388173251421625e-41,-5.215913143909834101e-41,-7.040365040302276611e-02,-6.166273762414925039e-41,-5.449509597912781107e-41,5.275468328643638827e-41
7.079533487558364868e-02,2.317263484001159668e-01,-4.006073623895645142e-02,5.766110494732856750e-02,-6.507669109851121902e-03,-4.673159867525100708e-02,2.308524399995803833e-02,1.405875571072101593e-02,-1.088938638567924500e-01,-5.818747356534004211e-02,1.131210010498762131e-02,1.407186985015869141e-01,-4.229057813063263893e-04,-5.543589591979980469e-02,8.083297312259674072e-02,3.631027415394783020e-02,1.091463640332221985e-01,-7.416230160742998123e-03,3.755164891481399536e-02,9.854010492563247681e-02,7.633504271507263184e-02,1.511599123477935791e-01,9.949518740177154541e-02,3.498737514019012451e-02,-2.376178279519081116e-02,7.292969524860382080e-02,5.939628556370735168e-02,-3.417869657278060913e-02,2.259500883519649506e-02,-1.431001871824264526e-01,-4.316132143139839172e-02,7.705531269311904907e-02,1.447978056967258453e-02,-7.905355840921401978e-02,4.319583997130393982e-02,1.734629832208156586e-02,1.246094983071088791e-02,1.539273280650377274e-02,1.768288202583789825e-02,1.671340130269527435e-02,8.005448430776596069e-02,6.450758129358291626e-02,4.416417330503463745e-02,1.015866324305534363e-01,2.779934369027614594e-02,3.627003729343414307e-02,1.896822266280651093e-02,7.116516679525375366e-02,6.483632326126098633e-02,5.649895278311229948e-41,-2.405780181288719177e-02,2.183336466550827026e-01,-3.053296916186809540e-02,4.284644126892089844e-02,-2.147489896577782161e-41,1.141800582408905029e-01,-1.362011115998029709e-02,1.493589580059051514e-02,1.063520312309265137e-01,8.087727427482604980e-02,1.936586797237396240e-01,-2.102645784616470337e-01,5.999519245160271807e-41,1.246837303042411804e-01,-7.214865088462829590e-02,3.834797441959381104e-02,9.497559070587158203e-02,1.919681727886199951e-01,3.724254667758941650e-02,-2.783336676657199860e-02,-1.365906000137329102e-01,-6.524006277322769165e-02,5.378043376232215436e-41,5.905211858511211619e-41,1.297652423381805420e-01,-6.014232879035682387e-41,9.132064133882522583e-02,-5.270984173557799412e-41,5.391375347971916199e-02,3.308954462409019470e-02,1.115223616361618042e-01,6.734182685613632202e-02,3.854306042194366455e-01,8.789992332458496094e-02,8.974388241767883301e-02,-1.157557368278503418e-01,1.841085106134414673e-01,4.249073565006256104e-01,-5.088783428072929382e-02,3.576647117733955383e-02,4.916455662083620693e-41,5.018189930593602413e-41,-3.439861908555030823e-02,-2.330247126519680023e-02,-8.674033451825380325e-04,2.425460964441299438e-01,4.922895506024360657e-02
7.048362493515014648e-02,2.279151529073715210e-01,5.164205230576248351e-41,5.095681735670764797e-41,5.100586280295901656e-41,5.313023127487543924e-41,2.243422903120517731e-02,5.101146799681631583e-41,-5.348638445138931274e-02,3.464131057262420654e-02,5.848179011013191564e-41,5.864434073199359442e-41,-5.915020947761485338e-41,-5.253748202446604162e-41,-5.162383542572626089e-41,5.828280572819779161e-41,-5.251225865210819492e-41,5.005438114568246577e-41,-5.847618491627461637e-41,5.496032706928365034e-41,-4.917296441162215584e-41,4.979514092978237462e-41,6.089342476723492582e-41,-5.566237759991038369e-41,-5.991111454374322905e-41,5.288080014822562181e-41,-6.224007259145107502e-41,5.281493912040235540e-41,5.653258394625609509e-41,-5.794929669368848515e-41,-4.952328902770336010e-41,5.992652882685080204e-41,1.448899321258068085e-02,9.658028371632099152e-03,4.593066871166229248e-02,5.295927286222781156e-41,4.970545782806558632e-41,-4.952469032616768492e-41,-4.995909285010837821e-41,-5.345953641399177126e-41,-5.466044919791813949e-41,-4.151470065116882324e-01,-6.064399364058510838e-41,-1.219595298171043396e-01,5.132395755436075004e-41,5.364590910974697193e-41,-5.300971960694350498e-41,-5.074942518398757504e-41,-1.509366780519485474e-01,-5.219696649763511107e-41,5.152994842861649815e-41,-5.381406492546594997e-41,-5.942486397662251753e-41,-5.121605757260773913e-41,5.199938341416531187e-41,-6.102374552441713380e-41,-5.065133429148483785e-41,-5.104509915996011144e-41,-4.226148012587929308e-40,-2.734605927160594018e-40,-5.083210179338273925e-41,5.223620285463620595e-41,3.761247545480728149e-02,-5.498835303857014668e-41,4.909028780222699163e-41,5.177237306294469150e-41,-5.041171225408529413e-41,-5.322832216737817644e-41,8.279011584818363190e-03,1.944040507078170776e-02,4.920099038090865218e-41,5.155096790558137041e-41,4.916175402390755730e-41,2.877498790621757507e-02,5.277009756954396126e-41,-4.922761505173082370e-41,-6.221064532370025386e-41,5.420642849547689875e-41,-5.075923427323784876e-41,5.020504444837570190e-02,7.660107314586639404e-02,4.909869559301294053e-41,5.337125461073930778e-41,4.953730201234660827e-41,4.993527077621485632e-41,-4.966061627720719218e-41,5.616641417145729065e-02,-4.999692790864514827e-41,2.607199870784181649e-40,1.189940616950704912e-40,-2.213299646973609924e-02,-2.407389506697654724e-02,-4.908188001144104273e-41,-1.579631417989730835e-01,8.082675188779830933e-02,3.076686859130859375e-01,5.712813579359414235e-41
7.178791612386703491e-02,2.295014262199401855e-01,-5.042152134333556785e-41,6.050526509261695149e-41,-5.843975115620217113e-41,-8.127531093083939011e-42,2.274458482861518860e-02,4.998151362553757529e-41,4.270071163773536682e-02,3.477165475487709045e-02,3.090790510177612305e-01,3.840706944465637207e-01,1.025018692016601562e-01,4.383183643221855164e-02,7.837076485157012939e-02,-4.315766692161560059e-02,5.467726477949003729e-41,3.850675001740455627e-02,1.976865716278553009e-02,3.455245459917932749e-04,4.933162033557891846e-02,2.727548778057098389e-01,1.008054018020629883e-01,5.007680192111166285e-41,6.212745606899261475e-02,-5.939672514796257019e-02,5.140430852770805359e-02,2.066658809781074524e-02,2.398307435214519501e-02,9.027022123336791992e-02,-4.690728709101676941e-02,7.715393602848052979e-02,1.354608125984668732e-02,1.052130386233329773e-01,4.389292746782302856e-02,4.925984491641029449e-41,1.296205539256334305e-02,1.599196717143058777e-02,1.638312265276908875e-02,1.515885349363088608e-02,-8.466967195272445679e-02,3.194603323936462402e-01,4.575646296143531799e-02,1.040338724851608276e-01,2.776420116424560547e-02,3.601944074034690857e-02,2.445312403142452240e-02,7.277726382017135620e-02,6.422866135835647583e-02,-5.421763888319149729e-41,-1.786717772483825684e-02,7.553100585937500000e-02,1.869685202836990356e-02,-4.374748840928077698e-02,4.904684754983292230e-41,1.144063994288444519e-01,1.496151387691497803e-01,2.389147644862532616e-03,1.067094728350639343e-01,8.218821138143539429e-02,1.069056764245033264e-01,2.815616130828857422e-01,-6.208032456651804588e-41,4.599638655781745911e-02,1.652676239609718323e-02,3.690596669912338257e-02,9.435153752565383911e-02,7.558795064687728882e-02,1.077754236757755280e-02,1.867185905575752258e-02,5.270423654172069485e-41,1.461207773536443710e-02,5.958741459848419631e-41,5.517752833125399698e-41,2.587543427944183350e-01,8.757340908050537109e-02,2.362027019262313843e-01,8.223353326320648193e-02,2.596034854650497437e-02,5.771099403500556946e-02,5.329479649662971497e-02,1.270419061183929443e-01,3.860954940319061279e-01,9.119378775358200073e-02,8.904175460338592529e-02,1.555892229080200195e-01,1.489374190568923950e-01,5.241722464561462402e-01,1.336833983659744263e-01,1.416851133108139038e-01,6.223586869605810057e-41,5.035706161397662626e-41,4.967643693089485168e-02,2.766083478927612305e-01,-1.345855649560689926e-02,3.085499703884124756e-01,4.909956455230712891e-02
-1.386462599039077759e-01,-2.861972153186798096e-01,9.152300655841827393e-02,5.639190971851348877e-02,4.940137606130710102e-41,5.219416390070646144e-41,1.889958977699279785e-02,1.585311815142631531e-02,4.236267507076263428e-02,-5.802752822637557983e-02,7.007947564125061035e-02,1.052505373954772949e-01,-1.736706942319869995e-01,-4.847551882266998291e-02,-1.769274026155471802e-01,-4.517620056867599487e-02,1.100708618760108948e-01,3.677507489919662476e-02,-1.303923875093460083e-01,-5.634256824851036072e-02,-6.454626470804214478e-02,-7.345695048570632935e-02,1.006512716412544250e-01,-5.034688115119934082e-02,-1.132879629731178284e-01,-5.168829515508520248e-41,-1.038397997617721558e-01,-5.493457987904548645e-02,-4.818634316325187683e-02,-6.855472922325134277e-02,-3.128641843795776367e-02,4.929207478108976529e-41,1.308671198785305023e-02,-7.747701555490493774e-02,4.306839406490325928e-02,5.187747044776905278e-41,1.278954092413187027e-02,1.508396491408348083e-02,1.846577413380146027e-02,1.579476706683635712e-02,8.244259655475616455e-02,6.640715152025222778e-02,4.033069312572479248e-02,1.876993775367736816e-01,-6.013901531696319580e-02,-5.410651117563247681e-02,2.054688706994056702e-02,7.315212488174438477e-02,6.376318633556365967e-02,-1.510092914104461670e-01,-2.219165116548538208e-02,-3.334947824478149414e-01,-6.610471010208129883e-02,-4.279934242367744446e-02,-5.303354168083702687e-41,1.453940756618976593e-02,-2.556900680065155029e-02,1.145549770444631577e-02,3.008688241243362427e-02,8.269874751567840576e-02,-4.817986860871315002e-02,3.343991562724113464e-02,6.031608979993310118e-41,-7.947510480880737305e-02,2.057473920285701752e-02,-5.294653773307800293e-02,9.461752325296401978e-02,2.273608930408954620e-02,3.762193396687507629e-02,-1.169268041849136353e-01,-6.325738877058029175e-02,-2.576925605535507202e-02,5.300971960694350498e-41,-4.943360592598657181e-41,1.785298623144626617e-02,-8.636939525604248047e-02,-2.811484038829803467e-01,-9.345257282257080078e-02,-3.489537537097930908e-02,3.205212950706481934e-01,2.503842711448669434e-01,-3.304028511047363281e-02,-2.411287128925323486e-01,5.939009599387645721e-03,-9.778145700693130493e-02,-1.380879133939743042e-01,8.029197901487350464e-02,-1.558407843112945557e-01,2.244789153337478638e-01,3.490656614303588867e-02,4.994087597007215559e-41,5.027158240765281242e-41,5.606650561094284058e-02,1.025174036622047424e-01,-1.676292717456817627e-02,3.187234997749328613e-01,-4.531076923012733459e-02
5.094700826745737425e-41,-4.910710338379888943e-41,-4.242873191833496094e-02,-5.530364519304323052e-41,5.350718056177881504e-41,-4.907207092219076901e-41,2.340605668723583221e-02,6.046883133254450624e-41,7.463245838880538940e-02,3.538737818598747253e-02,1.190220876643569876e-40,-6.209433755116129405e-41,-5.065834078380646193e-41,-5.013425515814898035e-41,-4.973208249888775785e-41,5.674418001436914247e-41,-5.868778098438766375e-41,5.242257555039140662e-41,-5.352960133720801211e-41,-5.072420181162972833e-41,5.745744093271047436e-41,8.855051547288894653e-02,4.970125393267261187e-41,-5.233470350503921509e-02,-6.153241686696704240e-41,-5.278411055418720943e-41,-5.235391192563949059e-41,-5.133376664361102376e-41,-4.945322410448711925e-41,-4.956953187702607907e-41,5.301532480080080424e-41,-5.971353146027342984e-41,5.624391646260518278e-41,5.118242640946394352e-41,4.967322796338611553e-41,-5.007960451804031248e-41,-4.909309039915564126e-41,5.165466399194140687e-41,6.054870534501102082e-41,-4.918277350087242956e-41,-3.411180851705902196e-41,2.764338850975036621e-01,5.207225093431020236e-41,7.524570822715759277e-02,-4.911691247304916315e-41,-5.162243412726193608e-41,5.009221620421923583e-41,-5.520135040514751887e-41,5.065693948534213711e-41,1.155040878802537918e-02,-5.161542763494031199e-41,5.119806155562400818e-02,-5.823095768501777338e-41,-6.204108820951695100e-41,-4.905805793754752084e-41,-5.429611159719368705e-41,8.615914732217788696e-02,-5.470388945031220881e-41,-1.863395981490612030e-02,5.011743957657708254e-41,4.978112794513912644e-41,5.590340093577425223e-41,5.317227022880518376e-41,-4.951908513231038565e-41,-5.065553818687781230e-41,-4.920519427630162663e-41,-5.547460360569085820e-41,4.918697739626540401e-41,3.904992714524269104e-02,-2.370983175933361053e-02,3.216987103223800659e-02,-5.045935640187233791e-41,-5.102127708606658955e-41,-5.000813829635974681e-41,5.665729950958100381e-41,5.062751221759131596e-41,-4.936354100277033096e-41,-6.198783886787260795e-41,-6.274734263553665880e-41,8.675218373537063599e-02,2.238408625125885010e-01,4.970966172345856077e-41,5.925250426551056503e-41,4.966341887413584181e-41,5.069757714080755681e-41,4.931589685498328718e-41,1.863493919372558594e-01,-4.987081104685591474e-41,5.457640439271926880e-02,-5.978219508502534588e-41,-5.690673063623082125e-41,-6.027965603986065594e-41,5.286538586511804882e-41,2.814954519271850586e-02,-1.605975627899169922e-02,5.047056678958693644e-41,4.964660329256394401e-41
5.593142690506074857e-41,5.408451552908063967e-41,8.791212737560272217e-02,5.033464083854742919e-41,-5.163224321651220980e-41,5.151173154858027553e-41,2.290160953998565674e-02,-4.997590843168027602e-41,7.490120083093643188e-02,3.440355509519577026e-02,3.893086314201354980e-01,3.250778317451477051e-01,1.861273646354675293e-01,-5.600849832059861351e-41,5.114178875399852382e-41,6.036793784311311942e-41,-4.904684754983292230e-41,-1.343951374292373657e-01,-5.688571115926594899e-41,6.021379501203738954e-41,5.072700440855837797e-41,-2.326887799426913261e-03,1.031802296638488770e-01,3.496477007865905762e-02,-5.276869627107963644e-41,-5.281073522500938095e-41,-5.159160556104679010e-41,5.356463379881613254e-41,-5.370896754064158869e-41,5.191670680477014766e-41,-6.033710927689797344e-41,-6.273893484475070990e-41,5.185504967233985571e-41,-4.918697739626540401e-41,1.054477094404424846e-40,5.073961609473730132e-41,1.171689759939908981e-02,1.180832646787166595e-02,1.988495141267776489e-02,1.469102595001459122e-02,4.946583579066604260e-41,1.353805810213088989e-01,4.633102193474769592e-02,1.842552274465560913e-01,2.922784723341464996e-02,3.543838858604431152e-02,2.061958797276020050e-02,7.374307513236999512e-02,5.813952162861824036e-02,9.662523865699768066e-02,5.421623758472717247e-41,4.226651787757873535e-01,-4.910289948840591498e-41,5.111376278471202748e-41,6.099431825666631265e-41,1.255338266491889954e-02,4.964800459102826882e-41,-5.533587505772270131e-41,5.442362975744724540e-41,8.458712697029113770e-02,3.115865215659141541e-02,4.387047141790390015e-02,6.053048846497479820e-41,4.968163575417206443e-41,1.138459071516990662e-01,3.818174824118614197e-02,9.474910050630569458e-02,2.477396652102470398e-02,3.593960031867027283e-02,-2.875414863228797913e-02,3.290479257702827454e-02,5.117682121560664425e-41,6.034972096307689679e-41,4.968023445570773962e-41,1.762941032648086548e-01,8.457176387310028076e-02,3.171371221542358398e-01,1.337865293025970459e-01,4.910430078687023980e-41,3.227653205394744873e-01,1.849538832902908325e-01,-4.946583579066604260e-41,-5.686469168230107674e-41,4.931589685498328718e-41,4.955832148931148053e-41,-5.223620285463620595e-41,3.993197083473205566e-01,3.387699127197265625e-01,4.933411373501950980e-41,5.782598242882790125e-41,-5.108293421849688150e-41,-5.511166730343073058e-41,-5.101286929528064065e-41,9.231944382190704346e-02,-1.966026378795504570e-03,2.253400683403015137e-01,4.798779636621475220e-02
-1.390523910522460938e-01,-1.976686269044876099e-01,6.739668897353112698e-04,2.930105850100517273e-02,-1.043088585138320923e-01,5.778254217643383192e-41,-6.519618630409240723e-02,5.308258712708839546e-41,-1.525255106389522552e-02,3.510442003607749939e-02,-2.111312933266162872e-03,-1.490729209035634995e-02,6.328095216304063797e-03,-5.130450055003166199e-02,-5.056725638362534882e-41,5.218715740838483736e-41,-5.348335848788529315e-41,3.416096046566963196e-02,1.082968041300773621e-01,-4.916315532237188212e-41,5.345908924937248230e-02,9.954533725976943970e-02,1.016847789287567139e-01,3.481514006853103638e-02,-4.947424358145199151e-41,-4.925844361794596968e-41,6.211115313273319185e-41,5.347775329402799388e-41,-3.670851886272430420e-02,-3.646101653575897217e-01,-1.066346615552902222e-01,-6.009842455387115479e-02,-6.814292073249816895e-02,-3.354557156562805176e-01,4.409957304596900940e-02,6.475125253200531006e-02,1.361292600631713867e-02,1.324038114398717880e-02,1.823716238141059875e-02,1.565735973417758942e-02,1.525474246591329575e-02,1.615529209375381470e-01,-1.379005163908004761e-01,1.064874753355979919e-01,4.991144870232133443e-41,-5.221609771251678467e-02,5.717998383677416058e-41,-5.791006033668739027e-41,5.960319936275482178e-02,1.623981259763240814e-02,-2.253136783838272095e-02,-2.247358299791812897e-02,-2.727100253105163574e-02,-6.098871306280901338e-41,5.354501562031558510e-41,1.131438463926315308e-01,9.194938838481903076e-02,3.222331777215003967e-02,-4.860379174351692200e-02,8.003910630941390991e-02,3.013256378471851349e-02,1.061898767948150635e-01,3.681018203496932983e-02,5.136739780675481937e-41,-7.186096906661987305e-02,-5.248429998755455017e-02,1.100436039268970490e-02,1.906287670135498047e-01,-1.092361435294151306e-01,-1.142812818288803101e-01,2.676507644355297089e-02,-4.908748520529834199e-41,-6.147776622685837454e-41,-5.441037937998771667e-02,2.647905647754669189e-01,1.958793960511684418e-03,-7.096151262521743774e-02,-1.161424193201694885e-40,2.395951002836227417e-02,3.682778030633926392e-02,7.381512969732284546e-02,-1.746443063020706177e-01,-4.491491913795471191e-01,-9.009689837694168091e-02,-2.941675782203674316e-01,-2.509364113211631775e-02,2.369921803474426270e-01,2.826162874698638916e-01,6.623343378305435181e-02,-7.379133999347686768e-02,-2.128702215850353241e-02,-2.540432661771774292e-02,6.012971710417790051e-41,-3.094392456114292145e-02,-1.670282781124114990e-01,-1.958359591662883759e-02,4.566583782434463501e-02
7.130702584981918335e-02,2.294529974460601807e-01,6.475487351417541504e-02,5.782675370573997498e-02,5.034304862933337809e-41,5.315685594569761077e-41,2.169815450906753540e-02,5.333061695527388809e-41,4.220344871282577515e-02,3.496614098548889160e-02,2.274807691574096680e-01,2.308601140975952148e-01,5.908261612057685852e-02,4.023461043834686279e-02,-1.006003376096487045e-02,-4.998291492400190010e-41,5.084751607649031224e-41,3.850665315985679626e-02,6.486029922962188721e-02,7.150174677371978760e-02,2.732237987220287323e-02,1.403257846832275391e-01,9.912259876728057861e-02,-5.079987192870326846e-41,-5.236513540148735046e-02,4.126529023051261902e-02,1.216446086764335632e-01,3.572577610611915588e-02,-1.284813880920410156e-01,2.166680060327053070e-03,7.623009383678436279e-02,7.611948996782302856e-02,1.196572370827198029e-02,1.041536554694175720e-01,4.476048424839973450e-02,4.998431622246622492e-41,1.294974144548177719e-02,1.578894816339015961e-02,1.819869689643383026e-02,1.368869468569755554e-02,7.885032892227172852e-02,-9.312909096479415894e-02,-4.636558517813682556e-02,-1.186056807637214661e-02,2.798239886760711670e-02,3.389350324869155884e-02,2.178687043488025665e-02,7.364483922719955444e-02,6.497068703174591064e-02,3.729972615838050842e-02,-5.177097176448036669e-41,4.425488784909248352e-02,-2.371184341609477997e-02,-5.110675629239040339e-41,4.956813057856175425e-41,1.138669252395629883e-01,5.048135668039321899e-02,1.146241277456283569e-02,4.363898187875747681e-02,-1.167157143354415894e-01,1.959601640701293945e-01,-1.398321390151977539e-01,-5.188307564162635205e-41,4.629107937216758728e-02,2.212283760309219360e-02,4.067821428179740906e-02,9.651736170053482056e-02,1.837815903127193451e-02,1.077900175005197525e-02,-6.104367971420288086e-02,-6.185891940915472478e-41,-3.585794195532798767e-02,-4.939016567359250248e-41,6.019277553507251728e-41,1.451357156038284302e-01,4.878764972090721130e-02,5.036807060241699219e-02,8.021207526326179504e-03,2.449337020516395569e-02,1.017255485057830811e-01,1.369291990995407104e-01,-1.763145327568054199e-01,-2.235407084226608276e-01,9.522507339715957642e-02,-2.035471647977828979e-01,-2.927677929401397705e-01,1.671746745705604553e-02,4.077443778514862061e-01,2.066758088767528534e-02,3.118691034615039825e-02,4.905105144522589675e-41,-6.076730790544569228e-41,5.443965271115303040e-02,1.815146803855895996e-01,7.844741642475128174e-02,-1.496848911046981812e-01,4.919729009270668030e-02
7.016401737928390503e-02,1.483350154012441635e-02,-5.071579402084377943e-41,-5.794088890290253625e-41,-6.178044669515253502e-41,4.905945923601184565e-41,4.928787088569679084e-41,4.931169295959031273e-41,-5.356042990342315808e-41,-4.907066962372644419e-41,4.926545011026759376e-41,4.914213584540700986e-41,-5.213530936520481912e-41,-5.131265521049499512e-02,5.011323568118410809e-41,1.497777863593580726e-40,-4.956813057856175425e-41,-5.010622918886248401e-41,-1.345455497503280640e-01,-5.053782911587452766e-41,2.880960330367088318e-02,-6.577590107917785645e-02,5.479497385049332192e-41,4.927245660258921785e-41,-4.920099038090865218e-41,-4.910430078687023980e-41,-5.084751607649031224e-41,-5.779935775800572972e-41,-5.702163711030545625e-41,-1.046139368541692184e-40,-5.183823409076795790e-41,-5.945148864744468905e-41,1.473458483815193176e-02,1.041926220059394836e-01,4.484480619430541992e-02,-5.067795896230700937e-41,-4.920379297783730181e-41,-4.993386947775053151e-41,-5.311341569330354144e-41,-5.503739848482151528e-41,-5.099745501217306766e-41,4.623341187834739685e-02,5.838510051609350326e-41,-2.219418585300445557e-01,5.021693176754414455e-41,-4.927946309491084193e-41,-1.484115203566413760e-40,5.930995750254788253e-41,6.452955305576324463e-02,5.257952097839578614e-41,-5.040050186637069559e-41,4.910990598072753907e-41,-4.936213970430600614e-41,6.270530368160691429e-41,5.642048006911010973e-41,5.528963220839998235e-41,5.409440770745277405e-02,1.229068078100681305e-02,3.808487206697463989e-02,-5.125949782500180845e-41,4.978252924360345126e-41,-5.162103282879761126e-41,3.663370758295059204e-02,5.178358345065929004e-41,5.961263797084204301e-41,-5.455815441002242784e-41,5.405508826132981851e-41,-6.165012593797032704e-41,-4.964800459102826882e-41,5.288640534208292107e-41,4.959755784631257541e-41,4.944621761216549516e-41,-5.064152520223456413e-41,2.852136641740798950e-02,-5.723323317841850363e-41,5.059107845751887071e-41,5.715616176288063869e-41,5.082649659952543998e-41,-5.567639058455363186e-41,2.519671246409416199e-02,6.030987575650215149e-02,5.228664959935189937e-41,5.960983537391339338e-41,1.277942160510303424e-40,-5.843134336541622222e-41,-5.046636289419396199e-41,1.502280831336975098e-01,9.875112771987915039e-02,2.071151323616504669e-02,1.364266723394393921e-01,-1.758106052875518799e-02,-2.453156560659408569e-02,5.198116653412908925e-41,5.137209221720695496e-02,-5.653538654318474473e-41,-2.651327550411224365e-01,-4.907767611604806827e-41
7.319547235965728760e-02,-3.730653822422027588e-01,-3.512860974296927452e-03,5.302513389005107796e-41,-5.207785612816750162e-41,6.056692222504724344e-41,2.226521074771881104e-02,5.732151498167096710e-41,7.659083604812622070e-02,-1.137070357799530029e-01,2.709965109825134277e-01,3.262325227260589600e-01,1.007664110511541367e-02,4.477084428071975708e-02,-1.784469038248062134e-01,5.055604599591075028e-41,-4.977779462933540344e-02,9.551460295915603638e-02,1.257802844047546387e-01,5.541855166711786552e-41,7.489325106143951416e-02,3.298778831958770752e-02,2.080493234097957611e-02,-5.257490649819374084e-02,-4.929347607955409010e-41,5.718839162756010948e-41,-5.444324793594779284e-41,-5.091057450738492900e-41,5.235391192563949059e-41,-8.679710328578948975e-02,4.363964870572090149e-02,4.614510387182235718e-02,-6.977383792400360107e-02,-1.513036787509918213e-01,-4.112250357866287231e-02,4.913512935308538577e-41,-6.885394454002380371e-02,1.449085678905248642e-02,-6.381513178348541260e-02,-6.823213398456573486e-02,1.620449572801589966e-01,1.345632970333099365e-01,4.729275405406951904e-02,7.598886638879776001e-02,-5.443124100565910339e-02,3.712107986211776733e-02,2.136996760964393616e-02,7.320383191108703613e-02,-1.531882882118225098e-01,-4.050507396459579468e-02,-5.073541219934432687e-41,1.053417660295963287e-02,4.915194493465728358e-41,-5.121045237875043986e-41,5.587397366802343107e-41,-1.778333336114883423e-01,1.484742909669876099e-01,6.444548815488815308e-02,2.955990284681320190e-02,-1.144219562411308289e-01,1.876358985900878906e-01,2.847200632095336914e-01,5.069897843927188163e-41,4.988062013610618846e-41,2.351081930100917816e-02,-5.247093364596366882e-02,9.526555240154266357e-02,-5.935488268733024597e-02,3.840073570609092712e-02,-2.754693292081356049e-02,1.192930415272712708e-01,4.909168910069131645e-41,5.145007441614998358e-41,-5.067235376844971010e-41,3.435776233673095703e-01,-8.196498965844511986e-04,2.685461342334747314e-01,4.968402907252311707e-02,-5.011043308425545846e-41,2.525625824928283691e-01,2.935681939125061035e-01,-5.902829651121859430e-41,-5.003336166871759352e-41,-5.023514864758036718e-41,5.210448079898967315e-41,-5.160842114261868791e-41,1.110269278287887573e-01,5.320023298263549805e-01,1.275496780872344971e-01,3.370730578899383545e-02,5.239735217803355992e-41,-5.195594316177124254e-41,-3.324941173195838928e-02,2.697653770446777344e-01,-6.502405740320682526e-04,-1.561590470373630524e-02,4.471656307578086853e-02
7.266274839639663696e-02,2.286608964204788208e-01,-8.399802027270197868e-04,5.814833939075469971e-02,-5.003756556411056797e-41,6.068743389297917771e-41,2.333230152726173401e-02,-5.992372622992215240e-41,-1.890092343091964722e-02,3.362543880939483643e-02,1.376943439245223999e-01,2.039189487695693970e-01,8.151149959303438663e-04,-5.214699357748031616e-02,7.622007280588150024e-02,5.762699804689377722e-41,5.486083487831658833e-41,2.078444510698318481e-01,-3.671178966760635376e-02,-8.416931331157684326e-02,-6.355818361043930054e-02,8.285582065582275391e-02,1.046400070190429688e-01,3.524965420365333557e-02,-5.558089166879653931e-02,4.795669391751289368e-02,-5.064109340310096741e-02,3.875466063618659973e-02,1.577446237206459045e-02,-9.136695414781570435e-02,-9.706594049930572510e-02,-9.422985836863517761e-03,1.337762456387281418e-02,1.054155081510543823e-01,4.363645613193511963e-02,-5.137440429907644345e-41,1.272568758577108383e-02,1.531546376645565033e-02,1.853348873555660248e-02,1.545791327953338623e-02,7.943987101316452026e-02,3.118676841259002686e-01,4.430331662297248840e-02,1.046819835901260376e-01,2.973283454775810242e-02,-5.263893678784370422e-02,2.234309539198875427e-02,7.259318232536315918e-02,5.930021032691001892e-02,1.775795370340347290e-01,-6.266186342921284496e-41,-2.319370806217193604e-01,-6.844049692153930664e-02,-4.321319609880447388e-02,5.199097562337936297e-41,1.021605543792247772e-02,8.425600826740264893e-03,5.267897620797157288e-03,-4.801253229379653931e-02,8.401569724082946777e-02,1.976328939199447632e-01,2.054324001073837280e-01,-5.426107913558556662e-41,4.493031650781631470e-02,-6.272760778665542603e-02,3.977807238698005676e-02,4.798938520252704620e-03,3.526272624731063843e-02,3.801342844963073730e-02,6.246496737003326416e-02,2.697607502341270447e-02,-2.422466129064559937e-02,4.987501494224888919e-41,-4.917016181469350620e-41,2.348917908966541290e-02,4.381630569696426392e-02,2.885219454765319824e-01,-3.600560501217842102e-02,5.374688282608985901e-02,3.792493045330047607e-02,1.471559852361679077e-01,5.882506817579269409e-02,-3.308934569358825684e-01,-9.318160265684127808e-02,-2.043459266424179077e-01,-1.279410272836685181e-01,-2.728465013206005096e-02,2.137616723775863647e-01,1.172453910112380981e-02,-1.797083616256713867e-01,6.202707522487370283e-41,5.628455411807060247e-41,5.447765812277793884e-02,2.400663942098617554e-01,-1.087413076311349869e-02,-2.687098085880279541e-01,-1.393382549285888672e-01
-4.910149818994159017e-41,-6.304021401458054557e-41,5.947951461673118539e-41,-5.710010982430764601e-41,-5.200638990648693595e-41,-5.413356097533200827e-41,-4.909168910069131645e-41,5.316386243801923485e-41,-6.111062602920527246e-41,6.073367674230189667e-41,4.910710338379888943e-41,5.296067416069213638e-41,-5.500096472474907003e-41,-5.043693562644314083e-41,-5.653818914011339436e-41,-5.107732902463958224e-41,-5.130714197278885223e-41,4.934112022734113388e-41,-4.906926832526211937e-41,-4.905385404215454638e-41,-4.965360978488556809e-41,-5.751909806514076631e-41,-5.081808880873949108e-41,-5.606735285610025582e-41,-4.979093703438940016e-41,-5.357164029113775662e-41,4.907907741451239309e-41,-4.961157083095582358e-41,5.370756624217726388e-41,-5.009501880114788547e-41,4.971106302192288559e-41,5.415598175076120534e-41,-5.007820321957598766e-41,-5.327176241977224577e-41,4.481483995914459229e-02,5.437878820658885125e-41,-5.049579016194478315e-41,-4.917296441162215584e-41,-5.601270221599158796e-41,5.194893666944961845e-41,5.381967011932324924e-41,1.236066222190856934e-01,-5.563154903369523772e-41,6.090043125955654990e-41,5.410413370758118711e-41,-6.064959883444240765e-41,5.522797507596969040e-41,-6.172719735350819197e-41,6.366781890392303467e-02,-4.983297598831914468e-41,-5.417559992926175278e-41,4.929908127341138937e-41,-1.171121178574822619e-40,-5.006278893646841468e-41,4.906926832526211937e-41,-4.988342273303483809e-41,-5.149771856393702736e-41,4.940557995670007547e-41,-5.944448215512306497e-41,-5.076483946709514803e-41,5.973034704184532765e-41,5.331660397063063991e-41,5.052802002662425394e-41,-4.909449169761996608e-41,5.097923813213684504e-41,-5.382807791010919815e-41,4.970265523113693669e-41,-5.161122373954733754e-41,5.000673699789542199e-41,-5.104509915996011144e-41,4.985819936067699138e-41,-5.999379115313839326e-41,-5.463382452709596796e-41,-5.009361750268356065e-41,1.388420531437672002e-40,5.094700826745737425e-41,-4.962838641252772138e-41,-4.920939817169460108e-41,1.379858597820647370e-40,-5.909976273289915997e-41,3.783506900072097778e-02,5.104229656303146181e-41,-5.070037973773620644e-41,-5.062330832219834150e-41,-6.258479201367498002e-41,-5.440261028048237314e-41,6.483223289251327515e-02,-4.911270857765618870e-41,4.948265137223794041e-41,-5.786521878582899613e-41,-5.722762798456120436e-41,5.433674925265910674e-41,5.131554976357480114e-41,4.889406636357307434e-02,4.985819936067699138e-41,3.084003627300262451e-01,6.114846108774204252e-41
7.021838426589965820e-02,2.283865660429000854e-01,8.819569647312164307e-02,5.818891873108802887e-41,-5.182001721073173528e-41,-5.732712017552826637e-41,-4.921360206708757553e-41,5.891198873867963448e-41,3.400136902928352356e-02,-4.985399546528401693e-41,8.018650859594345093e-02,2.280390560626983643e-01,-1.199960932135581970e-01,-5.226190388202667236e-02,-1.754816770553588867e-01,-5.878587187689040094e-41,2.480007335543632507e-02,-1.395293418318033218e-02,6.934466306120157242e-03,-6.264456361532211304e-02,4.988304153084754944e-02,3.989471495151519775e-02,9.723320603370666504e-02,-5.398782593504222729e-41,-1.166298016905784607e-01,7.247605174779891968e-02,-2.757182531058788300e-02,5.613055825233459473e-02,-2.112409919500350952e-01,1.448169723153114319e-02,4.519261047244071960e-02,-1.564223878085613251e-02,1.500300038605928421e-02,-7.785633206367492676e-02,4.423331841826438904e-02,-4.975029937892398047e-41,1.215082034468650818e-02,1.410798542201519012e-02,1.973075605928897858e-02,1.341546140611171722e-02,-1.009895280003547668e-01,6.656198203563690186e-02,4.846174269914627075e-02,1.888924241065979004e-01,2.785125561058521271e-02,3.586754575371742249e-02,2.338087745010852814e-02,7.236658781766891479e-02,-1.516332030296325684e-01,5.801235512458310192e-41,4.922060855940919962e-41,-2.838682234287261963e-01,5.423445446476339510e-41,5.833745636830645948e-41,-6.026284045828875814e-41,-9.550771117210388184e-02,1.343551576137542725e-01,1.179490145295858383e-02,1.084271594882011414e-01,8.148244768381118774e-02,-7.417296618223190308e-02,-1.477693766355514526e-01,5.148510687775810400e-41,4.246146976947784424e-02,2.031307481229305267e-02,4.480512067675590515e-02,9.489758312702178955e-02,1.086084023118019104e-01,2.674312330782413483e-02,4.545598477125167847e-02,3.119652718305587769e-02,-5.031362136158255693e-41,-5.240856256574815845e-41,-4.973908899120938193e-41,1.999402046203613281e-02,8.591387420892715454e-02,-2.246284037828445435e-01,4.907066962372644419e-41,2.569781057536602020e-02,1.545572131872177124e-01,2.367356270551681519e-01,9.379070252180099487e-02,3.125757575035095215e-01,9.112320095300674438e-02,9.123896807432174683e-02,1.577938795089721680e-01,7.541812211275100708e-02,2.755556702613830566e-01,3.945402335375547409e-03,1.412995606660842896e-01,5.388693244561084046e-41,-5.131414846511047632e-41,5.728409811854362488e-02,3.020285964012145996e-01,-9.535468369722366333e-02,3.564884141087532043e-02,5.043042823672294617e-02
-5.639245409982361339e-41,-5.315125075184031150e-41,-8.251656591892242432e-02,-4.911691247304916315e-41,-5.070458363312918089e-41,-5.785120580118574796e-41,-5.395559607036275650e-41,5.302653518851540278e-41,4.915614883005025803e-41,-5.701463061798383216e-41,4.929207478108976529e-41,5.065974208227078675e-41,1.369488989184643723e-40,5.475994138888520150e-41,-5.007540062264733803e-41,5.098764592292279394e-41,6.157585711936111173e-41,-5.888396276939313814e-41,-4.951067734152443675e-41,-5.237913529799733729e-41,-4.988482403149916291e-41,-5.231467556863839571e-41,4.934812671966275797e-41,-2.082329517986678167e-42,5.003756556411056797e-41,6.128158444185290015e-41,-5.002635517639596943e-41,5.303073908390837723e-41,-4.978112794513912644e-41,-4.908047871297671791e-41,-6.204949600030289990e-41,4.945322410448711925e-41,-5.362068573738912522e-41,-5.202040289113018412e-41,4.509547352790832520e-02,4.905385404215454638e-41,5.365151430360427119e-41,5.243098334117735553e-41,-5.479076995510034747e-41,6.070284817608675070e-41,-5.197135744487881553e-41,-5.579051095992326736e-03,6.288607118350481569e-41,-5.975837301113182399e-41,5.013705775507762998e-41,1.714264463347121716e-40,5.070878752852215535e-41,-4.932570594423356090e-41,-5.637563851825171558e-41,-5.083350309184706406e-41,-5.022674085679441827e-41,5.674838390976211692e-41,4.960176174170554986e-41,-5.691794102394541979e-41,-5.279251834497315833e-41,5.172332761669332290e-41,-5.972754444491667801e-41,5.525319844832753711e-41,2.741808601267223577e-40,-5.088815373195573193e-41,-5.089656152274168083e-41,-5.036687070322689998e-41,-4.904965014676157193e-41,5.790025124743711655e-41,4.982456819753319577e-41,5.084191088263301297e-41,5.062611091912699114e-41,4.913092545769241132e-41,-5.026737851225983797e-41,4.905805793754752084e-41,-5.066814987305673565e-41,-5.065133429148483785e-41,-4.990864610539268480e-41,5.300271311462188089e-41,5.381686752239459961e-41,-5.551524126115627790e-41,5.246881839971412559e-41,5.938702891808574747e-41,5.170651203512142510e-41,-1.019575819373130798e-01,-8.448445051908493042e-02,-4.913653065154971059e-41,-5.115860433557042163e-41,5.580390874480719022e-41,-5.219136130377781181e-41,4.916175402390755730e-41,-2.798117697238922119e-01,-5.166727567812033022e-41,-6.088641827491330173e-41,4.078717401156315304e-40,-4.933411373501950980e-41,4.909449169761996608e-41,-5.740279029260180649e-41,5.308515578508377075e-02,4.921079947015892590e-41,-6.051647548033155002e-41,-5.021833306600846937e-41
-1.377983540296554565e-01,2.242676168680191040e-01,9.046669304370880127e-02,4.998992141632352419e-41,-5.292984559447699040e-41,-4.906926832526211937e-41,-5.026177331840253870e-41,4.996890193935865193e-41,-5.600289312674131424e-41,4.999832920710947309e-41,4.514386132359504700e-02,1.502344291657209396e-02,4.460066929459571838e-02,4.264477640390396118e-02,7.918651401996612549e-02,-4.911691247304916315e-41,5.051961223583830504e-41,6.193318822776394008e-41,6.945469975471496582e-02,7.277885824441909790e-02,3.025993146002292633e-02,1.010131090879440308e-01,9.913418442010879517e-02,-5.917263025304405045e-41,3.289667889475822449e-02,5.974716262341722545e-41,2.399372868239879608e-02,-5.116140693249907126e-41,2.213944680988788605e-02,1.070475727319717407e-01,7.467199116945266724e-02,-1.759468577802181244e-02,1.437596604228019714e-02,1.055729016661643982e-02,4.502148926258087158e-02,-1.444304314194945707e-40,1.308173220604658127e-02,1.496485993266105652e-02,1.993344351649284363e-02,1.255366206169128418e-02,-9.631727635860443115e-02,1.607973128557205200e-01,-4.058773070573806763e-02,1.039583012461662292e-01,-6.042208895087242126e-02,3.609007969498634338e-02,2.076618000864982605e-02,7.241898775100708008e-02,6.328047811985015869e-02,5.310220530558894290e-41,-5.986066779902753564e-41,8.720323443412780762e-02,-4.907207092219076901e-41,4.998852011785919937e-41,-4.908328130990536754e-41,1.045362371951341629e-02,7.546054571866989136e-02,1.152466144412755966e-02,4.209812730550765991e-02,2.822738513350486755e-02,4.794875532388687134e-02,-5.230346518092379717e-41,5.198957432491503815e-41,4.458895325660705566e-02,1.824316382408142090e-02,-5.103809266763848736e-41,5.179899773376686303e-41,5.697814375162124634e-02,4.932010075037626163e-41,5.932537178565545551e-41,-4.910009689147726535e-41,6.213777780355536338e-41,5.187046395544742870e-41,-5.704405788573465332e-41,1.291051208972930908e-01,-4.915614883005025803e-41,9.043841809034347534e-02,-5.274767679411476418e-41,2.450052276253700256e-02,-7.216785103082656860e-02,1.364080756902694702e-01,8.293597958981990814e-03,2.059260159730911255e-01,8.996148407459259033e-02,8.958652615547180176e-02,1.535925716161727905e-01,7.556572556495666504e-02,1.673930883407592773e-01,3.633863106369972229e-02,1.416016668081283569e-01,4.931309425805463754e-41,5.213951326059779357e-41,5.666102468967437744e-02,9.861539304256439209e-02,6.288186728811184124e-41,3.046068847179412842e-01,4.895218834280967712e-02
7.334549725055694580e-02,2.279783785343170166e-01,-4.997030323782297675e-41,2.998229488730430603e-02,7.323681563138961792e-02,5.029260188461768468e-41,2.299976348876953125e-02,-5.071719531930810425e-41,4.992125779157160815e-41,5.135758871750454565e-41,-8.558046072721481323e-02,-3.719359263777732849e-02,-1.255021244287490845e-01,-4.895048961043357849e-02,7.987406849861145020e-02,-5.057986806980427217e-41,5.114178875399852382e-41,2.308739908039569855e-02,6.848899275064468384e-02,-1.034552901983261108e-01,2.931974455714225769e-02,1.422026753425598145e-01,1.023478712886571884e-02,-5.723883837227580290e-41,3.523941338062286377e-02,4.477883502840995789e-02,-4.787753522396087646e-02,-4.718607664108276367e-02,2.036969549953937531e-02,2.361914813518524170e-01,2.531066164374351501e-02,-1.549997273832559586e-02,1.278756838291883469e-02,1.058757081627845764e-01,4.390957206487655640e-02,1.976401917636394501e-02,1.231305021792650223e-02,1.310385763645172119e-02,1.973551325500011444e-02,9.860510937869548798e-03,-9.793528914451599121e-02,3.162829577922821045e-01,-4.531371220946311951e-02,-6.753939203917980194e-03,-5.235671452256814022e-41,3.599753230810165405e-02,-5.195734446023556736e-41,-5.041311355254961894e-41,6.008802726864814758e-02,4.045142233371734619e-02,5.035145642011932699e-41,9.049274772405624390e-02,-2.454261854290962219e-02,5.220677558688538479e-41,4.988612979650497437e-02,1.098186671733856201e-01,5.472926050424575806e-02,1.069531217217445374e-02,4.112203791737556458e-02,-1.409453153610229492e-02,1.153796091675758362e-01,2.122668325901031494e-01,3.600610792636871338e-02,-4.697750881314277649e-02,2.115160971879959106e-02,-5.187234655022621155e-02,8.406434953212738037e-02,2.211316488683223724e-02,-4.939717216591412657e-41,5.309099491787434437e-41,4.910289948840591498e-41,-6.252033228431603844e-41,-3.358136489987373352e-02,3.023811988532543182e-02,-8.484992384910583496e-02,-4.432471841573715210e-02,1.938941031694412231e-01,-5.175275488444414406e-41,2.562223747372627258e-02,-5.663226917386054993e-02,1.084528192877769470e-01,2.748314756900072098e-03,-8.543115109205245972e-03,8.922863006591796875e-02,9.180502593517303467e-02,5.603230372071266174e-02,5.514286085963249207e-02,2.977018952369689941e-01,2.297719195485115051e-02,2.529661543667316437e-02,-2.290122210979461670e-02,5.851458758115768433e-02,5.132357776165008545e-02,3.650521486997604370e-02,8.058770745992660522e-02,3.069630265235900879e-01,4.955941066145896912e-02
-5.243939113196330443e-41,-5.804318369079824789e-41,1.968348957598209381e-02,-5.670354235890372277e-41,-5.087133815038383413e-41,-5.332921565680956327e-41,-5.146829129618620620e-41,5.658583328790043814e-41,-5.095821865517197278e-41,5.678201507290591253e-41,-4.230496659874916077e-02,-3.790555596351623535e-01,-7.330276817083358765e-02,-5.606455025917160619e-41,5.433534795419478193e-41,-4.988902792689213736e-41,5.622429828410463534e-41,-5.097783683367252022e-41,4.386634007096290588e-02,5.559091137822981802e-41,2.303934283554553986e-02,-1.602828353643417358e-01,4.933271243655518498e-41,-5.306156765012352321e-41,-5.288920793901157071e-41,-5.001094089328839644e-41,4.907347222065509382e-41,-6.251612838892306399e-41,-4.910570208533456462e-41,6.162910646100545478e-41,5.079706933177461882e-41,5.733272536938556564e-41,5.421483628626284766e-41,5.637563851825171558e-41,4.915474753158593321e-41,6.046462743715153179e-41,5.145708090847160766e-41,4.905945923601184565e-41,5.464503491481056650e-41,-6.156044283625353874e-41,-5.624111386567653314e-41,-3.618330359458923340e-01,-4.444722831249237061e-02,-8.077888749539852142e-03,5.077464855634542175e-41,-1.357105523347854614e-01,5.488465695221011022e-41,-6.267867901078474277e-41,4.905525534061887120e-41,6.020818981818009027e-41,-1.702677272260189056e-02,-5.863032774735034625e-41,-5.791426423208036472e-41,-5.180180033069551266e-41,5.684227090687187966e-41,-2.397719770669937134e-02,-1.332046985626220703e-01,5.604634806513786316e-02,-3.514581918716430664e-02,-1.556799747049808502e-02,4.914633974079998431e-41,5.071439272237945461e-41,6.272912575550043618e-41,5.313723776719706333e-41,4.907487351911941864e-41,-5.191670680477014766e-41,-4.972507600656613376e-41,6.274454003860800917e-41,1.647324435706325204e-40,5.207925742663182644e-41,-5.109694720314012967e-41,-5.599168273902671570e-41,5.049719146040910797e-41,4.956813057856175425e-41,6.253434526895928661e-41,-6.283282184186047264e-41,5.205263275580965492e-41,5.786662008429332094e-41,-4.908188001144104273e-41,-6.884185969829559326e-02,2.312484756112098694e-02,-5.111936797856932675e-41,5.001374349021704608e-41,5.254729111371631534e-41,5.313443517026841370e-41,-5.207505353123885199e-41,-3.862910671159625053e-03,-1.550331711769104004e-01,-2.086362987756729126e-01,-2.557443082332611084e-01,-4.942239553827197327e-41,5.083770698724003852e-41,4.950647344613146230e-41,-1.157032847404479980e-01,5.039069277712042187e-41,5.401304930740007400e-41,-6.154923244853894021e-41
-4.974609548353100602e-41,-4.982176560060454614e-41,6.282441405107452374e-41,5.272245342175691748e-41,4.948265137223794041e-41,4.918697739626540401e-41,2.108393982052803040e-02,-5.184243798616093236e-41,-5.302412435412406921e-02,-5.697625875473022461e-02,-5.526300753757781083e-41,-4.909028780222699163e-41,5.389113634100381491e-41,5.177097176448036669e-41,5.399763502429250101e-41,4.910710338379888943e-41,-5.299290402537160717e-41,5.011183438271978327e-41,-4.945602670141576888e-41,4.989323182228511181e-41,5.236652361181841394e-41,-5.801235512458310192e-41,5.118803160332124278e-41,1.009509426684241466e-40,-5.736635653252936125e-41,5.191110161091284839e-41,5.100025760910171730e-41,-5.051400704198100577e-41,4.976431236356722864e-41,5.629576450578520101e-41,-5.086293035959788522e-41,5.495612317389067589e-41,5.030381227233228321e-41,5.339647798309715449e-41,4.213621094822883606e-02,-5.098484332599414431e-41,-5.725425265538337588e-41,-6.203828561258830136e-41,-5.157899387486786675e-41,-5.177657695833766595e-41,5.852943425791895942e-41,2.342479974031448364e-01,-5.770547076089596698e-41,1.054336503148078918e-01,-4.917436571008648065e-41,-5.811605121094313838e-41,4.935373191352005724e-41,-4.965501108334989291e-41,6.054787337779998779e-02,5.247302229510710004e-41,4.912111636844213760e-41,-5.240856256574815845e-41,5.072139921470107870e-41,-5.672175923893994540e-41,-5.624111386567653314e-41,5.013005126275600590e-41,-4.948265137223794041e-41,-4.985399546528401693e-41,5.017489281361440004e-41,4.956953187702607907e-41,5.870319526749523674e-41,5.115019654478447272e-41,-5.443904404055481839e-41,5.963926264166421454e-41,-5.891759393253693375e-41,-4.917856960547945510e-41,-4.909729429454861571e-41,4.990023831460673590e-41,9.099634364247322083e-03,1.785391755402088165e-02,-5.251365995057251973e-41,5.049999405733775760e-41,5.373979610685673467e-41,5.489446604146038394e-41,5.776432529639760930e-41,5.713514228591576643e-41,-5.065553818687781230e-41,-5.357724548499505589e-41,5.297328584687105973e-41,-3.090774454176425934e-02,1.140344440937042236e-01,-5.613041128699487259e-41,5.058967715905454589e-41,6.056131703118994417e-41,4.995909285010837821e-41,-4.922200985787352443e-41,1.507931798696517944e-01,6.225128297916567356e-41,5.062611091912699114e-41,5.037948238940582333e-41,-4.915054363619295876e-41,5.816930055258748143e-41,-5.480758553667224528e-41,6.544116884469985962e-02,-5.152013933936622443e-41,3.062222898006439209e-01,5.632238917660737253e-41
6.839359551668167114e-02,2.258675247430801392e-01,6.941131502389907837e-02,5.620853230357170105e-02,-6.625501066446304321e-02,-4.190741851925849915e-02,2.277110330760478973e-02,1.522861327975988388e-02,-1.126511767506599426e-01,2.962565422058105469e-02,2.397339493036270142e-01,2.375547140836715698e-01,1.088818814605474472e-02,-4.143132641911506653e-02,-4.348151851445436478e-03,3.624852374196052551e-02,1.077874675393104553e-01,9.279488772153854370e-02,1.271203607320785522e-01,-9.733496606349945068e-02,7.545024156570434570e-02,2.931082248687744141e-01,1.015376448631286621e-01,-5.372264981269836426e-02,-7.351064682006835938e-02,-1.808341778814792633e-02,1.449220627546310425e-01,5.486541241407394409e-02,-8.400495350360870361e-02,3.090307116508483887e-01,-4.662343114614486694e-02,-1.675972715020179749e-02,1.428160350769758224e-02,1.312231179326772690e-02,4.509325325489044189e-02,9.947852045297622681e-02,1.396013516932725906e-02,-6.752789020538330078e-02,2.056278102099895477e-02,1.612015627324581146e-02,1.617355495691299438e-01,1.103598475456237793e-01,-1.374460905790328979e-01,1.878556907176971436e-01,2.845802716910839081e-02,3.497443720698356628e-02,2.083479054272174835e-02,7.282253354787826538e-02,6.652684509754180908e-02,9.844862669706344604e-02,-4.102481156587600708e-02,3.492784500122070312e-02,1.391563117504119873e-01,4.232835024595260620e-02,4.756158962845802307e-02,-9.301912039518356323e-02,1.504519730806350708e-01,1.387073099613189697e-01,1.112256497144699097e-01,8.196305483579635620e-02,2.942897938191890717e-02,2.036158144474029541e-01,3.743709251284599304e-02,1.225182265043258667e-01,1.999898813664913177e-02,4.014416038990020752e-02,9.550596773624420166e-02,-1.372452527284622192e-01,3.384076058864593506e-02,-1.147313639521598816e-01,-6.043476983904838562e-02,5.887753143906593323e-02,-3.412382677197456360e-02,2.956476248800754547e-02,-1.667377054691314697e-01,8.379632234573364258e-02,3.182726204395294189e-01,4.758178815245628357e-02,-8.050277829170227051e-02,3.008629977703094482e-01,3.191179335117340088e-01,-4.667490720748901367e-02,-2.351541072130203247e-01,9.117135405540466309e-02,-1.074878275394439697e-01,-1.282539814710617065e-01,3.757785558700561523e-01,3.383751809597015381e-01,1.665382534265518188e-01,3.374571725726127625e-02,5.968410521745681763e-02,-2.037833817303180695e-02,5.570924282073974609e-02,4.549655616283416748e-01,3.550690039992332458e-02,-2.497473806142807007e-01,4.796837642788887024e-02
7.273638248443603516e-02,2.269678413867950439e-01,8.301923982799053192e-03,4.994227726853648041e-41,-6.191076745233474301e-41,-1.024671476068235987e-40,-7.085125893354415894e-02,5.750648637896184296e-41,7.555321604013442993e-02,3.530306741595268250e-02,1.102697029709815979e-01,4.168028011918067932e-03,-1.547120809555053711e-01,3.807614371180534363e-02,-1.778119951486587524e-01,-5.271544692943529339e-41,6.066501311754998063e-41,-1.026692315936088562e-01,1.071722656488418579e-01,-2.550852596759796143e-01,5.058545619249343872e-02,-1.219260692596435547e-01,2.091257646679878235e-02,3.554591909050941467e-02,-9.345360845327377319e-02,-4.912532026383511206e-41,-1.049884632229804993e-01,4.952048643077471047e-41,-4.267576336860656738e-02,-8.808077126741409302e-02,-5.117261732021366980e-41,5.047056678958693644e-41,1.615623012185096741e-02,1.088699847459793091e-01,4.161446541547775269e-02,5.733692926477854009e-41,1.288822386413812637e-02,1.194782368838787079e-02,1.941115409135818481e-02,1.509450934827327728e-02,-8.532140403985977173e-03,7.497456669807434082e-02,-4.451175779104232788e-02,1.055790558457374573e-01,-5.911671370267868042e-02,3.580068424344062805e-02,1.554939989000558853e-02,7.120475172996520996e-02,6.355208903551101685e-02,-5.406769994750874186e-41,-2.224157191812992096e-02,6.198692135512828827e-03,-2.360791712999343872e-02,5.182982629998200900e-41,5.201619899573720967e-41,-1.579295843839645386e-01,3.115332918241620064e-03,-1.307220607995986938e-01,4.370568692684173584e-02,-1.161513701081275940e-01,-7.982573588378727436e-04,-5.106471733846065888e-41,4.918837869472972882e-41,-8.441398292779922485e-02,-2.317699417471885681e-02,-5.342818051576614380e-02,1.266676746308803558e-02,-3.010487183928489685e-02,3.922982141375541687e-02,-2.877904474735260010e-02,-1.410836428403854370e-01,-6.544509530067443848e-02,5.764381362846567503e-41,-5.612340479467324851e-41,3.631202876567840576e-02,-4.731611162424087524e-02,-2.972415648400783539e-02,-4.938315918127087840e-41,2.289690449833869934e-02,3.721831366419792175e-02,7.179464399814605713e-02,-8.415056020021438599e-02,3.140618205070495605e-01,-4.799298010766506195e-03,-9.636063128709793091e-02,-3.708002716302871704e-02,-9.068555384874343872e-02,2.897676527500152588e-01,6.632700562477111816e-02,3.232334554195404053e-02,4.922341115633784925e-41,5.030381227233228321e-41,5.647715553641319275e-02,-1.368038952350616455e-01,-1.095984503626823425e-01,3.321625292301177979e-02,4.912585392594337463e-02
7.100640982389450073e-02,2.263647913932800293e-01,9.202172607183456421e-02,5.640090629458427429e-02,-2.963734865188598633e-01,-5.697259166405408765e-41,2.126897685229778290e-02,3.224167972803115845e-02,-1.460588537156581879e-02,-5.740073323249816895e-02,2.280393838882446289e-01,5.103947520256042480e-01,-7.221531122922897339e-02,4.289622232317924500e-02,7.585651427507400513e-02,4.953029552002498419e-41,5.235531322410381540e-41,1.175696328282356262e-01,1.899316161870956421e-02,-1.349815875291824341e-01,5.127074941992759705e-02,1.840495467185974121e-01,1.019103527069091797e-01,-4.940698125516440029e-41,6.218222156167030334e-02,-1.652729324996471405e-02,1.058145463466644287e-01,-3.317080438137054443e-02,-2.253940515220165253e-02,2.933888137340545654e-01,-7.363556325435638428e-02,-1.018392145633697510e-01,1.423802971839904785e-02,1.049507558345794678e-01,4.488134756684303284e-02,1.786139607429504395e-02,1.285712420940399170e-02,1.543254405260086060e-02,1.916761882603168488e-02,1.357429940253496170e-02,8.011204004287719727e-02,3.183808624744415283e-01,4.708302021026611328e-02,-9.894923307001590729e-03,3.040887042880058289e-02,3.633021190762519836e-02,2.283135615289211273e-02,7.347052544355392456e-02,6.016270816326141357e-02,1.070379745215177536e-02,-2.314169704914093018e-02,8.585418015718460083e-02,-2.603356726467609406e-02,4.502137377858161926e-02,-3.581744059920310974e-02,1.133709475398063660e-01,8.937028795480728149e-02,-1.169426366686820984e-01,4.559180513024330139e-02,8.051892369985580444e-02,1.088165193796157837e-01,1.197346970438957214e-01,3.678936883807182312e-02,1.256665438413619995e-01,1.901463605463504791e-02,3.923613578081130981e-02,9.383177757263183594e-02,1.102589368820190430e-01,3.852821886539459229e-02,6.021473184227943420e-02,-5.088955503042005675e-41,5.824097245931625366e-02,-3.252613916993141174e-02,2.878363057971000671e-02,2.472460716962814331e-01,8.937060832977294922e-02,3.572302758693695068e-01,4.671108722686767578e-02,5.393427610397338867e-02,2.071731835603713989e-01,1.526520401239395142e-01,4.956419765949249268e-02,5.865394696593284607e-02,8.779735118150711060e-02,8.682991564273834229e-02,4.705730080604553223e-02,1.622343659400939941e-01,4.012297391891479492e-01,-2.157623507082462311e-02,1.370896250009536743e-01,-2.137198485434055328e-02,5.822312459349632263e-02,5.725914612412452698e-02,1.108105853199958801e-01,-1.664988510310649872e-02,3.091660737991333008e-01,4.793217405676841736e-02
-1.370750218629837036e-01,-4.937096834182739258e-01,-1.767034758813679218e-03,2.952177263796329498e-02,-6.712504476308822632e-02,5.084331218109733778e-41,2.361132204532623291e-02,3.107287548482418060e-02,-5.783111229538917542e-02,4.969985263420828705e-41,-5.158319777026084120e-41,1.091412082314491272e-01,-5.034444992779770291e-41,-1.343887150287628174e-01,5.051680963890965541e-41,-5.303494297930135168e-41,1.107437014579772949e-01,-5.373133812099695206e-03,-1.306670457124710083e-01,8.175472915172576904e-02,-6.424216181039810181e-02,4.700667038559913635e-02,1.000866442918777466e-01,-4.911130727919186388e-41,3.701742738485336304e-02,-4.289377108216285706e-02,3.528475016355514526e-02,-5.259719491004943848e-02,-1.260227803140878677e-02,2.307880856096744537e-02,-5.083650350570678711e-02,-4.611613601446151733e-02,1.482369750738143921e-02,-1.609140038490295410e-01,4.393189400434494019e-02,5.630277099810682509e-41,1.392285712063312531e-02,1.303014345467090607e-02,-6.535021960735321045e-02,1.541052199900150299e-02,8.041107654571533203e-02,6.064005941152572632e-02,-1.404783427715301514e-01,1.851281076669692993e-01,-6.073137372732162476e-02,-5.326952785253524780e-02,2.133099175989627838e-02,-5.601542536169290543e-03,-1.526941508054733276e-01,6.464858353137969971e-02,6.290391087532043457e-02,-2.740954756736755371e-01,-2.853333950042724609e-02,-4.065100848674774170e-02,4.506276547908782959e-02,-1.426098495721817017e-01,6.572850048542022705e-02,1.002912223339080811e-02,1.074786260724067688e-01,-1.154524534940719604e-01,7.878068089485168457e-02,-4.945742799988009370e-41,-4.610810056328773499e-02,-3.670841455459594727e-02,-1.483361423015594482e-01,3.997717425227165222e-02,2.780059352517127991e-03,-1.461736410856246948e-01,2.790281362831592560e-02,-4.721744358539581299e-02,-5.657930672168731689e-02,-2.618560940027236938e-02,-3.226912766695022583e-02,2.838118374347686768e-02,8.668970316648483276e-02,-5.025616812454523943e-41,1.444696914404630661e-02,-3.047042060643434525e-03,5.417609959840774536e-02,4.778768401592969894e-03,2.846898138523101807e-01,-1.381561607122421265e-01,1.453446745872497559e-01,-8.512652711942791939e-04,-2.036731839179992676e-01,-1.271415948867797852e-01,2.956774830818176270e-01,1.589026115834712982e-02,9.539788961410522461e-02,3.318936750292778015e-02,-2.338948287069797516e-02,-2.387112937867641449e-02,-5.029120058615335986e-41,4.527725279331207275e-02,-4.410936310887336731e-02,-1.372374892234802246e-01,4.953571781516075134e-02
7.213466614484786987e-02,-3.135731220245361328e-01,-3.939031809568405151e-02,5.708197131752967834e-02,-4.922060855940919962e-41,-4.969985263420828705e-41,2.250152453780174255e-02,1.413245126605033875e-02,7.414436340332031250e-02,3.492022305727005005e-02,-2.067990787327289581e-02,2.658446431159973145e-01,4.479878395795822144e-02,4.241880774497985840e-02,-2.949695335701107979e-03,3.584742546081542969e-02,5.156638218868894339e-41,1.297887414693832397e-01,6.827417761087417603e-02,1.207718476653099060e-01,2.974614873528480530e-02,9.621327370405197144e-02,1.002280861139297485e-01,3.492596745491027832e-02,-1.892197318375110626e-02,-1.649492420256137848e-02,6.304530054330825806e-02,5.342122912406921387e-02,2.706872858107089996e-02,-1.762451021932065487e-03,1.284894198179244995e-01,-9.685131721198558807e-03,1.410357933491468430e-02,-7.787434756755828857e-02,4.628317803144454956e-02,5.128892509275262961e-41,1.311317272484302521e-02,1.358656957745552063e-02,1.964068599045276642e-02,1.503512635827064514e-02,7.994429767131805420e-02,1.616218239068984985e-01,4.664229974150657654e-02,1.055608838796615601e-01,2.948165312409400940e-02,-5.357704684138298035e-02,2.079075202345848083e-02,7.223212718963623047e-02,6.595364212989807129e-02,9.798905253410339355e-02,-5.112637447089095083e-41,4.158678054809570312e-01,1.026612445712089539e-01,4.172329977154731750e-02,-1.812397394803788655e-40,1.099106371402740479e-01,-1.076607685536146164e-02,1.141955330967903137e-02,4.232709109783172607e-02,8.284655958414077759e-02,2.732476294040679932e-01,-1.850090622901916504e-01,4.991845519464295852e-41,1.221151426434516907e-01,1.787353865802288055e-02,-5.277821421623229980e-02,2.455643611028790474e-03,-1.358436346054077148e-01,3.879285603761672974e-02,6.493420898914337158e-02,3.165655583143234253e-02,1.654412411153316498e-02,-5.970512366948748094e-41,-5.384489349168109595e-41,3.391756415367126465e-01,-8.517857640981674194e-02,2.397723495960235596e-01,-1.217455863952636719e-01,5.367271974682807922e-02,2.063380032777786255e-01,2.540763318538665771e-01,2.288946509361267090e-02,3.849451541900634766e-01,9.046441316604614258e-02,9.292481839656829834e-02,1.542088687419891357e-01,2.412978708744049072e-01,4.558529853820800781e-01,3.646364435553550720e-02,1.410895884037017822e-01,-5.016508372436412632e-41,-5.577448147705636906e-41,-3.402436524629592896e-02,2.270683497190475464e-01,1.543974736705422401e-03,2.538291215896606445e-01,4.818997532129287720e-02
-3.501371666789054871e-02,-2.973474860191345215e-01,5.019707232713699341e-02,2.737195044755935669e-02,-1.998130530118942261e-01,-4.559668153524398804e-02,2.113732695579528809e-02,-5.549422178419140564e-41,-1.357104536145925522e-02,3.551957756280899048e-02,1.558341532945632935e-01,1.189574133604764938e-02,1.057018563151359558e-01,3.631598129868507385e-02,7.950591295957565308e-02,3.567228466272354126e-02,1.082972511649131775e-01,7.098812609910964966e-02,2.249800041317939758e-02,-2.474774122238159180e-01,7.601284980773925781e-02,1.989065408706665039e-01,7.270193193107843399e-03,-4.617108404636383057e-02,-2.309157280251383781e-04,-1.322470512241125107e-02,-2.645785361528396606e-02,-3.277242928743362427e-02,-1.185903549194335938e-01,2.249266505241394043e-01,6.338973529636859894e-03,-9.998144954442977905e-02,1.261876337230205536e-02,1.085006352514028549e-02,4.553765803575515747e-02,-3.049477562308311462e-02,1.151820365339517593e-02,1.646306551992893219e-02,1.743676885962486267e-02,1.500624977052211761e-02,-8.985471725463867188e-02,4.421329498291015625e-01,-4.423444718122482300e-02,1.157506629824638367e-01,2.949247322976589203e-02,-5.315595865249633789e-02,2.311066538095474243e-02,7.300290465354919434e-02,6.001626700162887573e-02,9.335748851299285889e-03,-2.186619676649570465e-02,-2.526241540908813477e-01,-1.126964017748832703e-01,-4.318843781948089600e-02,-3.572345525026321411e-02,2.867828123271465302e-02,1.474514901638031006e-01,1.346794068813323975e-01,-5.882483907043933868e-03,-1.631120592355728149e-02,1.085586026310920715e-01,-5.701753869652748108e-02,-4.300178214907646179e-02,-3.668812289834022522e-02,1.080877482891082764e-01,3.903488442301750183e-02,9.655889123678207397e-02,-1.440851688385009766e-01,-2.161655016243457794e-02,-2.204529047012329102e-01,-6.113963574171066284e-02,-2.357059903442859650e-02,5.405721440911293030e-02,-5.316168069839477539e-02,3.395657539367675781e-01,-4.495210200548171997e-02,3.412322103977203369e-01,9.611247479915618896e-02,2.391429804265499115e-02,2.522204220294952393e-01,-1.838948130607604980e-01,3.500565886497497559e-02,1.277773529291152954e-01,9.104470908641815186e-02,9.385792165994644165e-02,-1.247955188155174255e-01,2.443277239799499512e-01,3.294287025928497314e-01,7.069923728704452515e-02,1.394377499818801880e-01,-2.033667638897895813e-02,-2.420316636562347412e-02,-1.221875473856925964e-01,2.305720746517181396e-01,-1.777980774641036987e-01,2.094963379204273224e-02,4.867817461490631104e-02
6.636477261781692505e-02,2.267286479473114014e-01,9.284868091344833374e-02,5.817293375730514526e-02,6.072246635458729813e-41,5.099044851985144358e-41,2.354417741298675537e-02,1.876344904303550720e-02,7.531910389661788940e-02,3.554445132613182068e-02,3.945697546005249023e-01,4.608309566974639893e-01,1.846252828836441040e-01,-5.130647867918014526e-02,7.917895913124084473e-02,3.489654138684272766e-02,5.894141600643045564e-41,3.722716122865676880e-02,1.856087893247604370e-02,-1.664383858442306519e-01,4.719976708292961121e-02,2.075234800577163696e-01,1.012288331985473633e-01,-5.303948372602462769e-02,1.550306081771850586e-01,7.185894250869750977e-02,1.487959176301956177e-01,-3.217356279492378235e-02,2.344366163015365601e-02,8.342848718166351318e-02,1.259837895631790161e-01,-1.575787737965583801e-02,1.321320421993732452e-02,1.040516570210456848e-01,4.185635596513748169e-02,5.095261346131467352e-41,1.373913791030645370e-02,1.451235171407461166e-02,1.363612618297338486e-02,1.131074782460927963e-02,8.200498670339584351e-02,2.346235066652297974e-01,4.639166966080665588e-02,1.038729771971702576e-01,3.071094676852226257e-02,3.627365082502365112e-02,1.980672962963581085e-02,7.240948081016540527e-02,5.734066292643547058e-02,1.755708009004592896e-01,-2.172542735934257507e-02,5.391563475131988525e-02,1.926355436444282532e-02,4.243617504835128784e-02,-4.930188387034003901e-41,1.120662242174148560e-01,9.070149809122085571e-02,-7.322578877210617065e-02,4.183203354477882385e-02,2.494826354086399078e-02,2.674770951271057129e-01,1.273320466279983521e-01,5.085872646420491077e-41,1.273072808980941772e-01,1.118860170245170593e-01,4.589375108480453491e-02,9.387847036123275757e-02,2.105815894901752472e-02,3.759981319308280945e-02,-2.869099564850330353e-02,1.142356842756271362e-01,-1.058226358145475388e-02,-4.972367470810180894e-41,5.723043058148985399e-41,1.912366896867752075e-01,-1.661336049437522888e-03,2.003401070833206177e-01,4.830443114042282104e-02,5.757068470120429993e-02,2.073299586772918701e-01,1.468717902898788452e-01,1.447476446628570557e-01,3.028940856456756592e-01,8.979101479053497314e-02,8.895691484212875366e-02,1.245198920369148254e-01,2.397491782903671265e-01,4.355819821357727051e-01,-2.268907241523265839e-02,1.422139555215835571e-01,4.906506442986914492e-41,5.013285385968465553e-41,5.041626095771789551e-02,3.545289039611816406e-01,9.373705834150314331e-02,3.003493249416351318e-01,4.855135455727577209e-02
-3.031728044152259827e-02,3.425438329577445984e-02,9.327126294374465942e-02,5.538658425211906433e-02,-5.253047553214441754e-41,5.918103804382999936e-41,2.325246296823024750e-02,1.602464169263839722e-02,-1.378458645194768906e-02,3.284802287817001343e-02,3.976815044879913330e-01,1.930392831563949585e-01,1.839131116867065430e-01,-5.203647166490554810e-02,-8.741933852434158325e-03,3.722806274890899658e-02,-5.163224321651220980e-41,1.603632271289825439e-01,1.092815697193145752e-01,3.070577234029769897e-02,5.143286660313606262e-02,1.619736552238464355e-01,1.024770811200141907e-01,3.378842025995254517e-02,1.527534872293472290e-01,6.964730471372604370e-02,5.976393446326255798e-02,5.610593035817146301e-02,1.191881150007247925e-01,1.038146689534187317e-01,4.405106976628303528e-02,-1.215833239257335663e-02,1.496428623795509338e-02,-7.839030027389526367e-02,4.410151392221450806e-02,-4.998151362553757529e-41,1.110364776104688644e-02,1.515730842947959900e-02,1.969506032764911652e-02,1.421722397208213806e-02,-3.851339279208332300e-04,1.320116072893142700e-01,4.699574410915374756e-02,1.037513688206672668e-01,-6.364912539720535278e-02,3.638776019215583801e-02,2.156285196542739868e-02,7.386027276515960693e-02,6.408774852752685547e-02,9.824527800083160400e-02,-2.143738232553005219e-02,4.193104803562164307e-01,-6.928221881389617920e-02,-4.333690553903579712e-02,-4.979794352671102425e-41,9.908315725624561310e-03,9.157647192478179932e-02,1.173498332500457764e-01,-4.851210862398147583e-02,8.181350678205490112e-02,1.942213326692581177e-01,2.841762900352478027e-01,-5.042152134333556785e-41,1.240721642971038818e-01,-7.089800387620925903e-02,-5.325969308614730835e-02,9.510507434606552124e-02,-6.162035465240478516e-02,3.783660009503364563e-02,6.306254118680953979e-02,1.144706383347511292e-01,5.545012652873992920e-02,-5.092178489509952754e-41,-6.025723526443145887e-41,3.395707607269287109e-01,8.451280742883682251e-02,5.090075135231018066e-01,5.008036270737648010e-02,5.275082960724830627e-02,1.237525269389152527e-01,1.503823399543762207e-01,6.017992645502090454e-02,1.274406462907791138e-01,9.029018878936767578e-02,8.815257251262664795e-02,4.583400860428810120e-02,2.400556057691574097e-01,2.485258281230926514e-01,6.546546518802642822e-02,-7.206577062606811523e-02,5.128612249582397998e-41,5.654099173704204399e-41,5.975596234202384949e-02,1.996366083621978760e-01,-2.245017094537615776e-03,2.902710139751434326e-01,4.953176900744438171e-02
-1.337736696004867554e-01,2.283800244331359863e-01,-3.788151219487190247e-02,3.072804771363735199e-02,-4.953730201234660827e-41,-5.209046781434642498e-41,-5.651576836468419729e-41,-4.914213584540700986e-41,5.920766271465217088e-41,-5.028979928768903504e-41,-2.051955461502075195e-02,1.968715712428092957e-02,-3.229342773556709290e-02,-5.035796388983726501e-02,7.978672534227371216e-02,-4.404878616333007812e-02,5.812586030019341210e-41,-6.441409140825271606e-02,6.245263293385505676e-02,8.731209672987461090e-03,-6.485375016927719116e-02,3.226990625262260437e-02,1.487049739807844162e-02,-5.176256397369441778e-41,9.032464772462844849e-02,5.185925356773283016e-41,2.456063963472843170e-02,-4.984698897296239285e-41,-8.689721673727035522e-02,1.051610186696052551e-01,1.283731758594512939e-01,7.672894746065139771e-02,1.339531689882278442e-02,2.619478665292263031e-02,4.543824493885040283e-02,5.006839413032571394e-41,1.428485382348299026e-02,-6.145545095205307007e-02,1.841389574110507965e-02,1.573876850306987762e-02,8.223130553960800171e-02,2.632349431514739990e-01,4.682284221053123474e-02,-1.183280199766159058e-01,2.778189629316329956e-02,3.577114269137382507e-02,2.178227901458740234e-02,7.291866838932037354e-02,-1.531883031129837036e-01,4.969705003727963742e-41,5.963225614934259045e-41,-2.226807475090026855e-01,1.846967078745365143e-02,3.875282406806945801e-02,-5.129593158507425370e-41,1.430282089859247208e-02,-3.426047414541244507e-02,9.387409314513206482e-03,4.323577508330345154e-02,-1.167077943682670593e-01,3.676546737551689148e-02,2.506491169333457947e-02,1.254526463171435731e-40,4.960187152028083801e-02,-7.026185840368270874e-02,3.809803724288940430e-02,4.967366810888051987e-03,-5.422416329383850098e-02,5.647232811229012796e-41,5.248283138435737376e-41,-5.978499768195399551e-41,1.572201959788799286e-02,-5.106191474153200925e-41,-5.637844111518036521e-41,1.836963295936584473e-01,-5.318348061651978229e-41,6.437646597623825073e-02,-1.226073727011680603e-01,2.369013987481594086e-02,4.825460258871316910e-03,1.336639933288097382e-02,3.904015291482210159e-03,2.208392173051834106e-01,-5.237555131316184998e-03,-1.965864449739456177e-01,6.743292510509490967e-02,5.966217815876007080e-02,2.009803801774978638e-01,2.317910827696323395e-02,2.790966816246509552e-02,4.930889036266166309e-41,4.906506442986914492e-41,-2.848786488175392151e-02,8.007601648569107056e-02,5.390234672871841345e-41,-3.787336349487304688e-01,4.944505169987678528e-02
-3.387707844376564026e-02,2.297051697969436646e-01,1.852782210335135460e-03,5.679913237690925598e-02,4.545587673783302307e-02,-5.135899001596887047e-41,1.606365106999874115e-02,1.544127054512500763e-02,7.693303376436233521e-02,-5.637057498097419739e-02,1.984488219022750854e-01,-5.295000597834587097e-02,-8.442892879247665405e-02,5.199237692184368778e-41,7.314278185367584229e-02,3.691431879997253418e-02,-5.772368764093218960e-41,9.481176733970642090e-02,4.912952415922808651e-41,6.250631929967279027e-41,-5.163364451497653461e-41,-1.490561366081237793e-01,9.908907115459442139e-02,3.611493483185768127e-02,5.001654608714569571e-41,4.905945923601184565e-41,4.943220462752224699e-41,-5.159300685951111492e-41,-6.020258462432279100e-41,2.804586291313171387e-01,4.222337901592254639e-02,4.617442563176155090e-02,1.415598951280117035e-02,1.270354073494672775e-02,4.270975291728973389e-02,-6.388304382562637329e-02,1.472178567200899124e-02,1.621947996318340302e-02,1.964217238128185272e-02,1.559652015566825867e-02,-1.678258627653121948e-01,9.388063848018646240e-02,4.730966314673423767e-02,-1.375181693583726883e-02,2.770124375820159912e-02,3.624273464083671570e-02,2.211999893188476562e-02,7.389064878225326538e-02,-4.054173082113265991e-02,1.899988204240798950e-02,-5.749107209585426997e-41,-1.610948592424392700e-01,1.974090188741683960e-02,4.304975643754005432e-02,-5.112357187396230120e-41,1.159666702151298523e-01,5.139675363898277283e-02,4.947704617838064114e-41,-1.290615200996398926e-01,8.176781237125396729e-02,1.178982257843017578e-01,1.249697431921958923e-01,3.913918137550354004e-02,-4.975170067738830529e-41,1.127713471651077271e-01,3.211953118443489075e-02,9.476593881845474243e-02,1.122682020068168640e-01,3.732240945100784302e-02,6.298304349184036255e-02,-5.818292871117591858e-02,-2.621619589626789093e-02,-5.141924584993483760e-41,-5.506695806980133057e-02,3.018666990101337433e-02,8.907546848058700562e-02,5.707529783248901367e-01,9.082374721765518188e-02,5.430632084608078003e-02,-4.886077344417572021e-02,1.499762088060379028e-01,-5.054483935236930847e-02,2.261814028024673462e-01,-6.049606017768383026e-03,9.216834604740142822e-02,-4.660747572779655457e-02,6.690952926874160767e-02,-6.597620993852615356e-02,3.549310192465782166e-02,-6.493874639272689819e-02,-2.060895599424839020e-02,-1.830559968948364258e-02,5.509234592318534851e-02,-5.530394241213798523e-02,9.342143684625625610e-02,-2.819494605064392090e-01,4.807786643505096436e-02
-1.382715255022048950e-01,2.273215055465698242e-01,-5.372017792835618723e-41,5.039349537404907150e-41,-5.467306088409706284e-41,-4.937335009202060468e-41,-4.982737079446184541e-41,-5.022814215525874309e-41,5.182001721073173528e-41,5.003476296718191833e-41,2.824240922927856445e-02,9.711010009050369263e-02,-5.485197156667709351e-02,3.988346830010414124e-02,-1.694052517414093018e-01,-6.140910260210645850e-41,-5.537791401165244583e-41,5.372998701760646095e-41,6.892799586057662964e-02,-1.323459595441818237e-01,3.070409223437309265e-02,-7.397949695587158203e-02,1.015992909669876099e-01,4.904824884829724712e-41,-6.022341176867485046e-02,-5.392757010107626016e-41,-6.639505177736282349e-02,-4.918837869472972882e-41,5.613601648085217186e-41,-1.201502680778503418e-01,5.800674993072580265e-41,-5.528542831300700790e-41,1.224264316260814667e-02,-7.896081358194351196e-02,4.476193338632583618e-02,-5.042852783565719193e-41,1.232981868088245392e-02,1.581303216516971588e-02,1.843750663101673126e-02,1.356198545545339584e-02,4.919678648551567773e-41,1.601262688636779785e-01,4.645915329456329346e-02,-2.256186455488204956e-01,-6.224489212036132812e-02,3.675399720668792725e-02,-6.563761085271835327e-02,7.418479770421981812e-02,6.275125592947006226e-02,-4.961437342788447321e-41,-4.996750064089432711e-41,8.746861666440963745e-02,5.230346518092379717e-41,5.407330514136604113e-41,5.057286157748264809e-41,1.206027995795011520e-02,-3.439651429653167725e-02,-6.912656128406524658e-02,3.868287429213523865e-02,-1.159936711192131042e-01,4.643138870596885681e-02,5.223900545156485559e-41,-5.536810492240217211e-41,4.478106647729873657e-02,-1.077229753136634827e-01,3.919147700071334839e-02,9.260208904743194580e-02,1.923401206731796265e-01,5.244499632582060370e-41,6.258759461060362966e-41,-6.063138195440618502e-41,-5.295086507144186266e-41,-4.906226183294049529e-41,-5.725004875999040143e-41,-1.563644707202911377e-01,-5.582632952023638729e-41,-9.416913241147994995e-02,-5.078305634713137065e-41,-5.127911600350235589e-41,3.165889531373977661e-02,7.266954332590103149e-02,5.057005898055399846e-41,5.148931077315107845e-41,4.978673313899642571e-41,5.626213334264140540e-41,-5.249824566746494675e-41,1.510161459445953369e-01,2.101217806339263916e-01,-1.480543017387390137e-01,-8.050958812236785889e-02,-5.174294579519387034e-41,-5.056305248823237437e-41,5.434669181704521179e-02,7.921046018600463867e-02,-5.875644460913957978e-41,-2.868349552154541016e-01,4.907811805605888367e-02
7.169707119464874268e-02,2.331852316856384277e-01,1.322148740291595459e-02,-5.456415936350822449e-02,6.033991187382662307e-41,4.916876051622918138e-41,2.178572677075862885e-02,5.909836143443483515e-41,-1.550600305199623108e-02,-5.711545050144195557e-02,9.118959307670593262e-02,-1.350382268428802490e-01,9.392873942852020264e-02,-5.148799717426300049e-02,7.851169258356094360e-02,5.245620671353520223e-41,-2.724012110770298401e-40,8.130510896444320679e-02,-1.796616166830062866e-01,-6.345797330141067505e-02,5.279909446835517883e-02,9.429942816495895386e-02,9.736278653144836426e-02,-5.048205330967903137e-02,3.733402490615844727e-02,4.699731245636940002e-02,3.506575897336006165e-02,-5.277290195226669312e-02,-5.650107190012931824e-02,1.799068530090153217e-03,-2.419228851795196533e-02,-1.000644918531179428e-02,1.337047852575778961e-02,1.080083660781383514e-02,4.298040270805358887e-02,5.999519245160271807e-41,1.468515116721391678e-02,1.338015217334032059e-02,1.947673782706260681e-02,1.376812160015106201e-02,8.167944848537445068e-02,1.593932956457138062e-01,4.695035889744758606e-02,1.064794287085533142e-01,2.989715337753295898e-02,-1.365944296121597290e-01,1.623871363699436188e-02,7.233879715204238892e-02,6.683396548032760620e-02,9.887949377298355103e-02,-2.176048420369625092e-02,5.895246565341949463e-02,-1.940497756004333496e-02,-4.987921883764186364e-41,4.920239167937297699e-41,1.125445812940597534e-01,9.118486940860748291e-02,-4.802294820547103882e-02,4.303743317723274231e-02,8.215512335300445557e-02,3.111009486019611359e-02,2.986388839781284332e-02,5.883631862160609436e-41,4.362278804183006287e-02,2.126657590270042419e-02,3.971429914236068726e-02,9.595242142677307129e-02,5.648650228977203369e-02,3.735931217670440674e-02,6.209124997258186340e-02,2.904055640101432800e-02,5.053782911587452766e-41,4.928366699030381638e-41,5.678902156522753662e-41,6.376435514539480209e-03,-9.986657823901623487e-05,-2.086521834135055542e-01,-1.243581101298332214e-01,2.534200437366962433e-02,2.163991145789623260e-02,1.512318551540374756e-01,9.902919828891754150e-02,3.842123448848724365e-01,8.645565062761306763e-02,9.043756127357482910e-02,1.571634262800216675e-01,1.504013836383819580e-01,4.752530455589294434e-01,-1.384677886962890625e-01,3.663059696555137634e-02,5.040750835869231968e-41,-6.205510119416019917e-41,-3.147437795996665955e-02,6.606467533856630325e-03,-1.608667522668838501e-02,3.062973022460937500e-01,4.831983521580696106e-02
7.205250859260559082e-02,-1.798693090677261353e-01,2.550246194005012512e-03,5.629961192607879639e-02,-5.842573817155892296e-41,5.146548869925755656e-41,2.275615371763706207e-02,-5.806140057083447052e-41,-1.490684039890766144e-02,3.599640354514122009e-02,-1.134679615497589111e-01,-1.523260474205017090e-01,9.732819162309169769e-03,-5.185051634907722473e-02,7.891149818897247314e-02,-4.455026239156723022e-02,5.421904018165582211e-41,-1.341898292303085327e-01,-9.205523878335952759e-02,-5.932649970054626465e-02,5.027766525745391846e-02,1.220555901527404785e-01,1.029479801654815674e-01,-5.967569640173665978e-41,3.083229809999465942e-02,-4.925143712562434559e-41,2.544312737882137299e-02,5.211288858977562205e-41,2.541436068713665009e-02,1.065001189708709717e-01,4.428382590413093567e-02,7.215561717748641968e-02,1.434331852942705154e-02,1.857748068869113922e-02,4.376255720853805542e-02,6.268568550310636685e-41,1.403873879462480545e-02,1.381719205528497696e-02,1.860878244042396545e-02,1.438377425074577332e-02,8.170783519744873047e-02,1.860040575265884399e-01,4.633371531963348389e-02,1.032950729131698608e-01,2.938846684992313385e-02,3.734723106026649475e-02,-6.509801000356674194e-02,7.271934300661087036e-02,6.445089727640151978e-02,3.648495674133300781e-02,-2.299833670258522034e-02,3.051077425479888916e-01,2.029690146446228027e-02,4.201512411236763000e-02,4.997871102860892565e-41,1.110188364982604980e-01,8.751586079597473145e-02,-1.110673397779464722e-01,-4.758578538894653320e-02,-2.237205952405929565e-01,3.782277926802635193e-02,-5.191390420784149803e-41,-4.928226569183949157e-41,7.997987419366836548e-02,2.149923332035541534e-02,-4.780160263180732727e-02,9.310226142406463623e-02,1.942930519580841064e-01,-4.950638860464096069e-02,6.251778453588485718e-02,2.516848593950271606e-02,1.468401681631803513e-02,-4.953029552002498419e-41,5.204702756195235565e-41,1.271692365407943726e-01,5.946690293055226204e-41,8.920934796333312988e-02,-5.072280051316540352e-41,2.446910738945007324e-02,-2.164125889539718628e-01,1.108312532305717468e-01,6.880422681570053101e-02,3.857561647891998291e-01,9.052778780460357666e-02,8.918800950050354004e-02,1.582483053207397461e-01,-9.867116063833236694e-02,3.409841060638427734e-01,5.554173141717910767e-02,2.182992734014987946e-02,6.179165708286713356e-41,-5.193352238634204547e-41,5.514851585030555725e-02,1.800905317068099976e-01,-1.893942680908367038e-05,3.024824857711791992e-01,4.953661561012268066e-02
7.276463508605957031e-02,1.385473161935806274e-01,-8.422213722951710224e-04,5.359455570578575134e-02,-5.945709384130198832e-41,-5.202460678652315858e-41,2.166393771767616272e-02,1.809954270720481873e-02,7.580138742923736572e-02,3.553536534309387207e-02,5.669945105910301208e-02,4.614823162555694580e-01,1.019774973392486572e-01,4.317583143711090088e-02,7.899657636880874634e-02,3.605207055807113647e-02,-6.068182869912187844e-41,1.171210259199142456e-01,-1.843135505914688110e-01,-2.285669595003128052e-01,5.103059485554695129e-02,-5.611592531204223633e-02,9.802524745464324951e-02,3.648610785603523254e-02,1.510902345180511475e-01,-9.710276126861572266e-02,-2.406832948327064514e-02,5.490111932158470154e-02,1.163934320211410522e-01,1.036942154169082642e-01,3.631888329982757568e-02,-1.661987602710723877e-02,1.303305290639400482e-02,1.024765521287918091e-01,4.302557557821273804e-02,-5.982983923281238966e-41,1.332681626081466675e-02,1.587216742336750031e-02,1.971702091395854950e-02,1.296628359705209732e-02,8.137176930904388428e-02,3.173686265945434570e-01,4.720969125628471375e-02,1.058812886476516724e-01,2.897769771516323090e-02,3.476444259285926819e-02,2.121896855533123016e-02,7.218619436025619507e-02,-1.511041969060897827e-01,9.267882257699966431e-02,-2.046660520136356354e-02,-1.543537527322769165e-01,1.861579902470111847e-02,4.415944218635559082e-02,-4.911551117458483834e-41,1.129623726010322571e-01,3.361831186339259148e-03,-4.373966902494430542e-02,4.408513754606246948e-02,8.188038319349288940e-02,1.897763758897781372e-01,1.280970424413681030e-01,-4.908888650376266681e-41,1.271094679832458496e-01,-6.155926734209060669e-02,3.975794091820716858e-02,1.325377542525529861e-02,2.101510763168334961e-02,-4.975190013647079468e-02,6.397087126970291138e-02,2.827954851090908051e-02,-2.201331779360771179e-02,5.182982629998200900e-41,5.076343816863082321e-41,1.136969123035669327e-02,8.851090073585510254e-02,2.432695478200912476e-01,1.368212401866912842e-01,-3.499931469559669495e-02,2.091434448957443237e-01,1.497667282819747925e-01,6.912187486886978149e-02,2.200579643249511719e-01,8.977998048067092896e-02,9.072083979845046997e-02,1.314408928155899048e-01,2.423701882362365723e-01,2.937759160995483398e-01,-2.024121768772602081e-02,-1.787651777267456055e-01,-5.043273173105016638e-41,-5.681985013144268259e-41,5.669673532247543335e-02,1.919692307710647583e-01,7.922446727752685547e-02,-4.049188271164894104e-02,4.996582865715026855e-02
7.033472508192062378e-02,-2.960706949234008789e-01,9.255315363407135010e-02,-5.732571887706394155e-41,-5.119223549871421723e-41,5.079006283945299474e-41,2.229585684835910797e-02,4.952469032616768492e-41,7.584436982870101929e-02,3.664818406105041504e-02,-4.908608390683401718e-41,-1.614868193864822388e-01,-3.318174555897712708e-02,-5.155838280916213989e-02,4.921640466401622516e-41,-5.108573681542553114e-41,5.245480541507087742e-41,-5.411394279683146083e-41,6.864700000733137131e-03,-4.939857346437845138e-41,-1.239791586995124817e-01,1.400098055601119995e-01,5.068076155923565900e-41,-5.209339037537574768e-02,-5.460579855780947162e-41,1.849125427553742110e-40,-4.907487351911941864e-41,5.366552728824751937e-41,-4.918697739626540401e-41,-5.215352624524104175e-41,-5.815668886640855808e-41,4.937475139048492949e-41,1.496564969420433044e-02,1.033422052860260010e-01,4.527943208813667297e-02,5.159020426258246528e-41,-5.285978067126074955e-41,-5.884192381546339363e-41,4.984418637603374321e-41,5.062190702373401669e-41,5.443764274209049357e-41,5.197912827134132385e-02,-5.055884859283939992e-41,-1.180067881941795349e-01,5.334603123838146107e-41,4.976851625896020309e-41,1.403862840514531486e-40,-4.980354872056832352e-41,-1.518385261297225952e-01,3.499843180179595947e-02,5.990170314908027649e-02,-1.600222289562225342e-02,4.964380069563529437e-41,-5.347354939863501943e-41,-4.905945923601184565e-41,-5.249824566746494675e-41,9.058333933353424072e-03,4.082137346267700195e-02,4.215237498283386230e-02,-1.149795055389404297e-01,-5.078866154098866992e-41,5.612200349620892369e-41,-4.486391320824623108e-02,-4.996189544703702785e-41,-5.314564555798301223e-41,5.937021333651384966e-41,4.936914619662763023e-41,-6.188834667690554594e-41,3.886248171329498291e-02,-2.880995161831378937e-02,3.056932426989078522e-02,4.964520199409961919e-41,-5.174995228751549443e-41,-5.369587615132331848e-02,-4.966622147106449144e-41,5.976257690652479844e-41,-5.078585894406002028e-41,5.173734060133657108e-41,5.004176945950354242e-41,-4.711370915174484253e-02,1.183001995086669922e-01,5.987047688827780936e-41,-6.075189362233811929e-41,-4.913653065154971059e-41,-5.911797961293538259e-41,4.933691633194815943e-41,1.645360374823212624e-03,1.091907545924186707e-01,6.073971092700958252e-02,2.846767567098140717e-02,-2.212621457874774933e-02,-2.095313183963298798e-02,6.161088958096923216e-41,9.980907291173934937e-02,-1.751796156167984009e-02,-4.084002971649169922e-02,5.538772310090271955e-41
-1.361769437789916992e-01,2.081363461911678314e-02,9.420283883810043335e-02,5.631678398275007326e-41,-1.598158627748489380e-01,-4.839881509542465210e-02,2.193539217114448547e-02,5.904371079432616728e-41,-1.930567808449268341e-02,3.529294580221176147e-02,-2.539123892784118652e-01,1.831282079219818115e-01,-7.868001610040664673e-02,-5.060270056128501892e-02,7.823458313941955566e-02,5.771668114861056552e-41,-4.917156311315783102e-41,-2.108774781227111816e-01,-1.291941106319427490e-01,-1.344382911920547485e-01,-6.327284127473831177e-02,-2.184718400239944458e-01,-7.157155126333236694e-02,3.495213761925697327e-02,3.330885246396064758e-02,4.764211922883987427e-02,-5.216036364436149597e-02,3.660773113369941711e-02,-8.263102918863296509e-02,8.322088979184627533e-03,-1.061274632811546326e-01,-7.111437153071165085e-03,1.430040970444679260e-02,1.071238815784454346e-01,4.195879772305488586e-02,-5.847743898630142212e-02,1.400873251259326935e-02,1.324058230966329575e-02,1.885153539478778839e-02,1.512321177870035172e-02,-1.129697728902101517e-02,1.551222801208496094e-01,4.510854929685592651e-02,1.051931157708168030e-01,-6.067768856883049011e-02,3.547801822423934937e-02,2.174790576100349426e-02,6.970217078924179077e-02,6.327519565820693970e-02,8.442226797342300415e-02,6.329432874917984009e-02,5.717616900801658630e-02,-2.713791839778423309e-02,5.023234605065171754e-41,-3.738116100430488586e-02,-7.387140393257141113e-02,6.271683424711227417e-02,8.260998129844665527e-02,-4.818920046091079712e-02,-1.173316836357116699e-01,-1.292566210031509399e-01,-4.578701034188270569e-02,-4.737294465303421021e-02,4.481927305459976196e-02,-6.862212717533111572e-02,4.049064964056015015e-02,-7.825235277414321899e-02,-2.174749970436096191e-01,3.438170626759529114e-02,-2.806592360138893127e-02,2.826132997870445251e-02,-5.114038745553419900e-41,-3.433633595705032349e-02,2.986063063144683838e-02,-1.345488429069519043e-01,3.916052635759115219e-03,-1.996996551752090454e-01,-1.345937699079513550e-01,2.591510117053985596e-02,3.407003358006477356e-02,1.512183845043182373e-01,7.990187965333461761e-03,-7.344524562358856201e-02,8.470173180103302002e-02,9.142364561557769775e-02,1.576000303030014038e-01,-1.393477059900760651e-02,-3.480763435363769531e-01,-1.193544864654541016e-01,-7.237098366022109985e-02,-2.297125011682510376e-02,-2.148963324725627899e-02,5.669486522674560547e-02,-6.607123464345932007e-02,2.839747467078268528e-04,-3.354159593582153320e-01,-4.552493616938591003e-02
4.914353714387133468e-41,-6.272211926317881209e-41,4.208349809050559998e-02,-1.489229942961199342e-40,-5.332220916448793918e-41,5.846357323009569302e-41,-5.029680578001065913e-41,5.075503037784487431e-41,-6.016615086425034576e-41,-5.249684436900062193e-41,-5.841856077313423157e-02,1.583491824567317963e-02,-6.107699486606147685e-41,-4.980074612363967388e-41,-5.760037337607160570e-41,-5.012024217350573218e-41,4.925283842408867041e-41,-5.207645482970317681e-41,-5.531205298382917942e-41,9.541670978069305420e-02,-5.444885312980509211e-41,-4.969284614188666297e-41,-5.011884087504140736e-41,-5.222639376538593223e-41,-4.936774489816330541e-41,-4.906646572833346974e-41,5.166026918579870614e-41,5.512427898960965394e-41,5.846352875232696533e-02,-5.218715740838483736e-41,-4.914633974079998431e-41,-1.338660422969497748e-41,5.023935254297334163e-41,-5.139262117911266608e-41,-5.784840320425709832e-41,-4.957093317549040388e-41,5.640786838293118637e-41,5.954257304762580216e-41,5.163504581344085943e-41,5.091337710431357864e-41,5.816789925412315661e-41,1.399668455123901367e-01,5.140663416375591425e-41,4.993527077621485632e-41,5.607015545302890546e-41,-5.971633405720207948e-41,-5.195033796791394327e-41,-5.304054817315865095e-41,4.959475524938392577e-41,5.892880432025153228e-41,-5.871860955060280972e-41,5.108153292003255669e-41,4.965080718795691846e-41,-5.574505420930554790e-41,5.076764206402379766e-41,-2.246796153485774994e-02,6.156184413471786356e-41,5.066254467919943638e-41,-4.937895528587790395e-41,4.935653451044870687e-41,-5.144867311768565876e-41,5.026597721379551315e-41,5.045655380494368827e-41,5.126930691425208217e-41,-4.904824884829724712e-41,-5.051120444505235614e-41,-4.909309039915564126e-41,5.476694788120682558e-41,-6.097049618277279076e-41,5.021132657368684529e-41,-4.977972664667480163e-41,-4.928646958723246602e-41,5.003196037025326870e-41,5.755553182521321155e-41,5.340208317695445376e-41,-4.920379297783730181e-41,5.508224003567990942e-41,5.044954731262206419e-41,5.347775329402799388e-41,7.744835317134857178e-02,3.691523522138595581e-02,5.070458363312918089e-41,4.906366313140482010e-41,4.957373577241905352e-41,-5.148230428082945437e-41,5.516211404814642400e-41,4.145437851548194885e-02,6.209433755116129405e-41,-4.980635131749697315e-41,4.919818778398000254e-41,5.853083555638328424e-41,-5.262996772311147955e-41,-5.019451099211494748e-41,5.505001017100043863e-41,5.087694334424113339e-41,5.373419091299943540e-41,5.253608072600171681e-41
7.013978064060211182e-02,-3.167811334133148193e-01,9.780012769624590874e-04,3.059924952685832977e-02,5.500797121707069412e-41,5.041731744794259339e-41,2.347729727625846863e-02,4.930748906419733827e-41,-1.847270131111145020e-02,-5.710957944393157959e-02,-3.903570352122187614e-03,4.423530399799346924e-01,9.525441378355026245e-02,4.392435401678085327e-02,7.973833382129669189e-02,3.814651072025299072e-02,-4.934532412273410834e-41,1.075319014489650726e-02,6.872177869081497192e-02,-3.817396238446235657e-02,3.029292263090610504e-02,6.962109357118606567e-02,1.030977889895439148e-01,3.540704026818275452e-02,3.606928512454032898e-02,4.769100248813629150e-02,1.172849237918853760e-01,3.218474984169006348e-02,1.192127540707588196e-01,1.047671213746070862e-01,3.956408798694610596e-02,7.830490171909332275e-02,1.465508248656988144e-02,1.060447320342063904e-01,4.408721253275871277e-02,4.916035272544323248e-41,1.249731425195932388e-02,1.345682702958583832e-02,2.079067751765251160e-02,1.476617995649576187e-02,2.074870839715003967e-02,6.350284069776535034e-02,4.948658496141433716e-02,-6.533587351441383362e-03,3.004454262554645538e-02,3.539706394076347351e-02,2.039171755313873291e-02,7.231756299734115601e-02,6.354897469282150269e-02,2.408972190020793027e-41,-1.810306683182716370e-02,5.676111578941345215e-02,-6.604845821857452393e-02,-4.363809898495674133e-02,5.369495455599834052e-41,1.099299564957618713e-01,-8.220277726650238037e-02,6.480648368597030640e-02,4.444957152009010315e-02,7.729119062423706055e-02,1.119932085275650024e-01,1.480350494384765625e-01,5.845376414084541930e-41,-1.239487379789352417e-01,2.062242664396762848e-02,4.452154040336608887e-02,6.588627398014068604e-02,3.126782551407814026e-02,3.639559447765350342e-02,6.302479654550552368e-02,2.647238969802856445e-02,1.570793986320495605e-02,-5.475713879195655186e-41,-6.151560128539514460e-41,1.289363354444503784e-01,4.432215169072151184e-02,1.338843256235122681e-01,5.612760869006622296e-41,-3.411388397216796875e-02,-4.790211096405982971e-02,3.809937462210655212e-02,-4.491217806935310364e-02,-2.280026078224182129e-01,-4.243558272719383240e-03,9.022286534309387207e-02,-3.606093302369117737e-02,7.352915406227111816e-02,2.684506773948669434e-01,6.708290427923202515e-02,1.403462141752243042e-01,9.677647454320051655e-41,-5.155657309943866967e-41,-3.272041678428649902e-02,6.125915050506591797e-02,9.449860453605651855e-02,9.366808086633682251e-02,4.771078750491142273e-02
7.129130512475967407e-02,2.275914996862411499e-01,2.531489357352256775e-03,5.811600759625434875e-02,1.111173630271006945e-40,3.128833696246147156e-02,2.246795967221260071e-02,1.584206521511077881e-02,7.496643066406250000e-02,3.627346083521842957e-02,-2.592818625271320343e-02,4.619726240634918213e-01,1.011862307786941528e-01,1.196321696043014526e-01,-9.136220067739486694e-02,3.732832148671150208e-02,1.085695028305053711e-01,4.561784863471984863e-02,1.262265294790267944e-01,-1.289329677820205688e-01,7.502241432666778564e-02,5.501014366745948792e-02,1.076283976435661316e-01,-5.351918935775756836e-02,1.547683924436569214e-01,7.196437567472457886e-02,-7.948461920022964478e-03,5.460289120674133301e-02,-7.924311608076095581e-02,2.978040277957916260e-02,4.067257791757583618e-02,7.643992453813552856e-02,1.356316357851028442e-02,2.392712607979774475e-02,4.489840194582939148e-02,-5.791706682900901436e-41,1.409169286489486694e-02,1.596092805266380310e-02,1.790587604045867920e-02,1.491507794708013535e-02,-1.481840736232697964e-03,3.529054820537567139e-01,4.698121920228004456e-02,1.046025305986404419e-01,2.803232334554195404e-02,3.309860825538635254e-02,2.078780345618724823e-02,7.106161862611770630e-02,6.159375607967376709e-02,1.794493496417999268e-01,-2.210642769932746887e-02,2.011476457118988037e-01,5.374879762530326843e-02,3.598068282008171082e-02,5.111656538164067711e-41,1.135902777314186096e-01,1.465818434953689575e-01,9.231916815042495728e-02,1.055855080485343933e-01,8.304031938314437866e-02,1.112422198057174683e-01,2.825255393981933594e-01,-5.001514478868137090e-41,4.890794306993484497e-02,2.186970971524715424e-02,3.868453204631805420e-02,3.178709652274847031e-03,1.183438897132873535e-01,-1.088919565081596375e-01,-1.135128587484359741e-01,-6.040553748607635498e-02,5.850729346275329590e-02,-5.585575678798720845e-41,-6.227790764998784508e-41,2.531097233295440674e-01,9.047248214483261108e-02,2.579717040061950684e-01,4.914644733071327209e-02,5.530088767409324646e-02,3.937354683876037598e-02,1.478787958621978760e-01,-1.802914589643478394e-02,3.860007226467132568e-01,9.053894132375717163e-02,8.943106979131698608e-02,1.294123083353042603e-01,3.357261717319488525e-01,5.961885452270507812e-01,1.771821677684783936e-01,1.437645703554153442e-01,-4.911410987612051352e-41,-5.248703527975034821e-41,5.617593228816986084e-02,3.510961234569549561e-01,-1.910225488245487213e-03,3.479314446449279785e-01,-4.292827472090721130e-02
7.129799574613571167e-02,2.322922050952911377e-01,6.592151708900928497e-03,2.827224135398864746e-02,4.946023059680874334e-41,5.045094861108638900e-41,2.389140613377094269e-02,1.601379364728927612e-02,-5.838618800044059753e-02,-5.660250037908554077e-02,2.421677261590957642e-01,2.084226310253143311e-01,-7.439517229795455933e-02,4.364782199263572693e-02,7.833021879196166992e-02,3.652748838067054749e-02,5.057706547287562254e-41,-6.192334368824958801e-02,6.885062158107757568e-02,1.504031717777252197e-01,2.989538386464118958e-02,-1.385086867958307266e-02,1.004862934350967407e-01,-1.321606620658664724e-40,-5.505876615643501282e-02,4.585165902972221375e-02,6.889824569225311279e-02,3.550369665026664734e-02,1.199760884046554565e-01,-8.913799375295639038e-02,-5.200779120495126077e-41,-9.648730047047138214e-03,1.667354442179203033e-02,1.021199598908424377e-01,4.375234246253967285e-02,4.928646958723246602e-41,1.385275088250637054e-02,1.618237793445587158e-02,1.899206265807151794e-02,1.537224370986223221e-02,8.107265830039978027e-02,3.163739442825317383e-01,4.784963279962539673e-02,1.031651645898818970e-01,2.818587049841880798e-02,3.499523177742958069e-02,2.248090691864490509e-02,7.486864179372787476e-02,6.163398548960685730e-02,-5.121465627414341431e-41,-4.904684754983292230e-41,8.949605375528335571e-02,-2.568546310067176819e-02,-4.943780982137954626e-41,4.977972664667480163e-41,1.100384145975112915e-01,7.686165720224380493e-02,1.299315225332975388e-02,4.323308914899826050e-02,-1.695172488689422607e-02,2.235638350248336792e-01,-3.150919452309608459e-02,-5.010202529346950955e-41,4.499785974621772766e-02,2.152460999786853790e-02,3.938500583171844482e-02,9.956561028957366943e-02,3.168544918298721313e-02,1.104589644819498062e-02,1.832792535424232483e-02,-6.260020629678255301e-41,5.241697035653410735e-41,-4.910990598072753907e-41,-5.140523286529158943e-41,3.387411534786224365e-01,-8.653459697961807251e-02,1.616319417953491211e-01,5.609330534934997559e-02,5.489115044474601746e-02,1.093706265091896057e-01,1.510698944330215454e-01,1.008844077587127686e-01,3.856199085712432861e-01,9.056901931762695312e-02,-7.377270143479108810e-03,1.571435928344726562e-01,2.427290976047515869e-01,7.978643476963043213e-02,3.737110644578933716e-02,-8.247097581624984741e-02,5.209607300820372425e-41,-2.221898845033429948e-40,5.547223240137100220e-02,1.705121994018554688e-01,-2.442500554025173187e-03,3.015110790729522705e-01,5.133500695228576660e-02
5.316386243801923485e-41,5.042572523872854230e-41,6.182108435061795472e-41,-5.958741459848419631e-41,-5.586976977263045662e-41,-5.633359956432197107e-41,-5.011463697964843291e-41,6.090323385648519954e-41,-5.792827721672361289e-41,-5.460439725934514680e-41,-4.604042321443557739e-02,-4.679984152317047119e-01,6.119190134013611185e-41,5.294806247451321302e-41,-4.949386175995253895e-41,-5.048878366962315907e-41,4.929908127341138937e-41,-5.981582624816914149e-41,-4.935092931659140760e-41,-5.031782525697553138e-41,2.513761289183002847e-40,5.718278643370281021e-41,-5.855886152566978058e-41,4.904824884829724712e-41,-6.270250108467826466e-41,5.022674085679441827e-41,5.017629411207872486e-41,-5.988308857445673271e-41,-4.905245274369022157e-41,-5.083350309184706406e-41,4.958774875706230169e-41,5.822675378962479893e-41,5.081108231641786699e-41,-5.308398842555272028e-41,-5.346093771245609607e-41,5.353941042645828583e-41,-4.939997476284277620e-41,4.911130727919186388e-41,5.369915845139131497e-41,-5.531905947615080351e-41,6.195420770472881234e-41,-1.316926283787819835e-40,-5.438579469891047534e-41,-5.999659375006704289e-41,5.211288858977562205e-41,-4.911831377151348797e-41,6.050106119722397704e-41,5.452732584380728186e-41,5.387572205789624193e-41,4.910009689147726535e-41,-5.401304930740007400e-41,-5.804178239233392308e-41,-5.424005965862069436e-41,5.093439658127845089e-41,1.010364218747479604e-40,-1.297512799501419067e-01,5.257811967993146132e-41,-5.044814601415773937e-41,-5.632098787814304771e-41,5.407050254443739150e-41,5.959442109080582039e-41,-5.107452642771093260e-41,-4.923322024558812297e-41,-5.783298892114952533e-41,5.813286679251503619e-41,5.108293421849688150e-41,5.077184595941677211e-41,-4.945322410448711925e-41,-5.215072364831239211e-41,-5.775171361021868594e-41,-5.042012004487124303e-41,-1.138162638693902921e-40,-5.542275556251083997e-41,-4.962137992020609730e-41,-5.295787156376348674e-41,5.857287451031302875e-41,5.944868605051603942e-41,-4.910570208533456462e-41,5.578008667091366833e-41,-6.131101170960372130e-41,5.542836075636813924e-41,-6.000079764546001734e-41,5.213530936520481912e-41,5.999519245160271807e-41,-5.241136516267680809e-41,-5.658863588482908778e-41,-5.695717738094651466e-41,-5.333482085066686254e-41,-5.105070435381741071e-41,5.243378593810600516e-41,5.338526759538255595e-41,5.415458045229688052e-41,5.018890579825764821e-41,5.086293035959788522e-41,5.369215195906969089e-41,4.907066962372644419e-41,-5.045655380494368827e-41
-1.417188793420791626e-01,1.344072818756103516e-01,9.314806759357452393e-02,5.555787310004234314e-02,-5.076904336248812248e-41,-5.905071728664779137e-41,2.222487330436706543e-02,-5.229225479320919864e-41,-1.123938262462615967e-01,3.543618321418762207e-02,1.434590816497802734e-01,1.349282562732696533e-01,9.545429795980453491e-02,4.283701628446578979e-02,7.978516072034835815e-02,-5.107732902463958224e-41,-4.914353714387133468e-41,1.305163651704788208e-01,3.882485255599021912e-02,-2.357085794210433960e-01,7.520550489425659180e-02,1.088690664619207382e-02,1.024634987115859985e-01,-5.272579565644264221e-02,-1.164022013545036316e-01,-1.872773654758930206e-02,-2.648735605180263519e-02,-3.116008453071117401e-02,1.011737342923879623e-02,3.180057182908058167e-02,3.604202717542648315e-02,7.569743692874908447e-02,-6.984842568635940552e-02,-7.477315515279769897e-02,4.452088475227355957e-02,5.098344202752981949e-41,1.402515731751918793e-02,1.700189709663391113e-02,1.688690856099128723e-02,1.498899143189191818e-02,3.229430643841624260e-03,7.541237026453018188e-02,-4.164963960647583008e-02,-1.343649812042713165e-02,2.839140966534614563e-02,3.748152777552604675e-02,2.268558740615844727e-02,7.240737229585647583e-02,6.358809769153594971e-02,8.300063014030456543e-02,-2.233501709997653961e-02,-2.044992446899414062e-01,-2.227769233286380768e-02,-5.939683800733602119e-41,4.912952415922808651e-41,1.053346600383520126e-02,3.339735092595219612e-03,3.647209703922271729e-02,4.068051278591156006e-02,8.117727935314178467e-02,1.938188523054122925e-01,-1.129461005330085754e-01,4.908888650376266681e-41,4.367740452289581299e-02,1.128637716174125671e-01,-5.413733050227165222e-02,9.687429666519165039e-02,-5.881587043404579163e-02,3.977124392986297607e-02,6.422038376331329346e-02,-6.242378056049346924e-02,-4.192181676626205444e-02,-5.885313420317799216e-41,4.953590071388228346e-41,-1.578548252582550049e-01,8.386641740798950195e-02,2.488518208265304565e-01,-3.803780674934387207e-02,-1.163304001092910767e-01,3.353549540042877197e-02,1.496755927801132202e-01,-1.963920295238494873e-01,2.181675434112548828e-01,-9.174772351980209351e-02,-9.461357444524765015e-02,-1.318392455577850342e-01,7.162262499332427979e-02,4.071121513843536377e-01,-2.481971494853496552e-02,-8.086932450532913208e-02,-4.939156697205682730e-41,5.684787610072917893e-41,5.426585301756858826e-02,1.742109209299087524e-01,4.104076419025659561e-03,-3.288202881813049316e-01,4.810959100723266602e-02
7.036930322647094727e-02,2.298114895820617676e-01,4.310130607336759567e-04,-7.196856290102005005e-02,6.990521401166915894e-02,3.157685959509542788e-41,-6.613822281360626221e-02,-5.322832216737817644e-41,7.601766288280487061e-02,3.389438241720199585e-02,-1.544720977544784546e-01,5.253275483846664429e-02,-5.737152695655822754e-02,4.399373754858970642e-02,7.789749652147293091e-02,-4.777804017066955566e-02,-5.532326337154377796e-41,-6.535734981298446655e-02,3.306490555405616760e-02,7.415001839399337769e-02,7.473731040954589844e-02,2.095019668340682983e-01,1.022804602980613708e-01,-5.304038524627685547e-02,3.558673709630966187e-02,5.104089526456713699e-41,2.478564903140068054e-02,-5.140383156682726461e-41,5.853858590126037598e-02,1.218240484595298767e-01,5.138981858218401644e-41,5.397941814425627839e-41,1.285115722566843033e-02,1.065828278660774231e-01,4.598256945610046387e-02,5.047196808805126126e-41,1.535207312554121017e-02,1.473744865506887436e-02,2.038135379552841187e-02,1.660475879907608032e-02,-1.049507129937410355e-02,1.307628452777862549e-01,4.711384698748588562e-02,1.033202856779098511e-01,2.860496565699577332e-02,3.560655191540718079e-02,2.125617675483226776e-02,7.356694340705871582e-02,6.364390999078750610e-02,5.709030073505737229e-41,-1.878812350332736969e-02,7.291512936353683472e-02,-5.567919318148228150e-41,4.966482017260016663e-41,4.656907543540000916e-02,9.965340606868267059e-03,8.762528747320175171e-02,-6.982564926147460938e-02,2.500746212899684906e-02,-1.606233604252338409e-02,-1.081524640321731567e-01,5.901708612350399576e-41,3.855746984481811523e-02,4.571789875626564026e-02,2.543466351926326752e-02,-5.278615653514862061e-02,9.538731724023818970e-02,-1.356000304222106934e-01,3.757108747959136963e-02,6.301429122686386108e-02,2.727997489273548126e-02,-5.771527985014624070e-41,4.904470592737197876e-02,2.899483963847160339e-02,-2.636106312274932861e-01,5.070178103620053126e-41,-4.705751780420541763e-03,-5.944167955819441533e-41,-6.492384523153305054e-02,9.948548674583435059e-02,7.236921787261962891e-02,5.678448360413312912e-03,3.880175054073333740e-01,9.037719666957855225e-02,8.747486025094985962e-02,-3.161504119634628296e-02,2.413344830274581909e-01,4.499956369400024414e-01,1.213519424200057983e-01,1.405433267354965210e-01,-2.106526494026184082e-02,-2.315089479088783264e-02,5.697061121463775635e-02,2.229946851730346680e-01,-9.321574121713638306e-02,3.042403757572174072e-01,4.797979071736335754e-02
-3.472926840186119080e-02,2.278594821691513062e-01,-4.963679420331367029e-41,4.999272401325217382e-41,5.708469554120007302e-41,-5.106471733846065888e-41,5.884752900932069289e-41,6.183229473833255325e-41,-4.971526691731586004e-41,5.013705775507762998e-41,5.376642077767890619e-41,5.036687070322689998e-41,6.113304680463446954e-41,4.952749292309633455e-41,-5.844675764852379521e-41,-5.977939248809669625e-41,-5.205823794966695418e-41,1.170728815004811670e-40,-5.333482085066686254e-41,-5.117401861867799461e-41,5.452172064994998260e-41,4.912952415922808651e-41,-4.911270857765618870e-41,6.033290538150499899e-41,-4.966061627720719218e-41,-6.212516611737644002e-41,-5.677360728211996363e-41,-5.545918932258328522e-41,5.082929919645408961e-41,-6.222605960680782685e-41,-5.479917774588629638e-41,5.372438182374916168e-41,1.389650721102952957e-02,1.338266115635633469e-02,8.588086813688278198e-02,-5.127771470503803108e-41,-4.954290720620390754e-41,4.594857664521075176e-41,4.923882543944542224e-41,-6.188134018458392185e-41,-6.269969848774961502e-41,2.313382029533386230e-01,-5.388132725175354119e-41,-4.958915005552662651e-41,-6.273473094935773545e-41,-4.917856960547945510e-41,4.954430850466823236e-41,5.433394665573045711e-41,1.236351430416107178e-01,5.361648184199615077e-41,4.928366699030381638e-41,-5.227263661470865120e-41,6.191497134772771746e-41,-6.193879342162123935e-41,-5.079286543638164437e-41,5.030661486926093285e-41,5.475293489656357741e-41,2.837629390257754569e-40,4.936354100277033096e-41,-5.134077313593264784e-41,-5.008100581650463730e-41,-5.073821479627297650e-41,3.801703825592994690e-02,-5.623410737335490906e-41,5.345112862320582235e-41,-5.550543217190600418e-41,-5.151593544397324998e-41,-5.649054499232635058e-41,-5.798012525990363113e-41,-4.958494616013365205e-41,-5.003196037025326870e-41,-4.977692404974615199e-41,5.382387401471622369e-41,2.877642214298248291e-02,-5.863172904581467106e-41,-5.503879978328584009e-41,4.986520585299861547e-41,6.078692608394623972e-41,5.086713425499085967e-41,-5.670214106043939796e-41,7.859782129526138306e-02,6.234096608088246185e-41,-5.101707319067361510e-41,-5.066394597766376120e-41,-4.916455662083620693e-41,-4.956112408624013016e-41,1.221208721399307251e-01,-5.087273944884815894e-41,5.474592840424195333e-41,5.030661486926093285e-41,-2.126318775117397308e-02,-2.371552959084510803e-02,-1.119805628811247818e-40,9.368966519832611084e-02,-5.111096018778337784e-41,3.504904508590698242e-01,5.535269063929459912e-41
-5.710851761509359491e-41,4.909869559301294053e-41,-5.790165254590144137e-41,-4.908608390683401718e-41,-5.965888082016476198e-41,5.092879138742115163e-41,-5.170370943819277547e-41,-5.603932688681375948e-41,4.995769155164405340e-41,5.885313420317799216e-41,-5.860650567345682436e-41,-6.024041968285956106e-41,-5.186345746312580461e-41,-5.866255761202981704e-41,-4.984278507756941840e-41,-4.906506442986914492e-41,4.954290720620390754e-41,-5.013005126275600590e-41,-5.511306860189505540e-41,-5.511166730343073058e-41,-5.220257169149241034e-41,-5.967569640173665978e-41,-5.263837551389742845e-41,-4.941398774748602437e-41,5.014966944125655333e-41,-5.342310265391932601e-41,5.477815826892142412e-41,4.912532026383511206e-41,4.964940588949259364e-41,-6.021099241510873990e-41,4.928787088569679084e-41,4.988342273303483809e-41,5.718839162756010948e-41,-6.147356233146540008e-41,4.528686776757240295e-02,-5.810624212169286466e-41,5.274067030179314010e-41,5.066674857459241083e-41,5.348195718942096833e-41,5.166587437965600540e-41,4.907907741451239309e-41,1.224744990468025208e-01,5.276309107722233717e-41,5.293545078833428967e-41,4.980495001903264833e-41,5.174014319826522071e-41,5.382667661164487333e-41,4.965501108334989291e-41,6.378728151321411133e-02,6.071826245919432368e-41,5.117962381253529388e-41,4.928927218416111565e-41,5.310781049944624217e-41,1.008836803421365554e-40,-4.934952801812708279e-41,5.558530618437251875e-41,-5.007540062264733803e-41,5.022253696140144382e-41,5.058967715905454589e-41,5.530084259611458089e-41,5.503879978328584009e-41,4.919678648551567773e-41,4.986240325606996583e-41,6.117788835549286368e-41,4.942659943366494773e-41,-5.120484718489314059e-41,-5.265378979700500144e-41,-5.699080854409031027e-41,5.797171746911768222e-41,-5.351979224795773839e-41,5.013986035200627961e-41,9.763547050183162942e-41,-4.982737079446184541e-41,-5.048598107269450943e-41,5.670634495583237241e-41,-5.249264047360764748e-41,4.925704231948164486e-41,-4.997871102860892565e-41,4.907347222065509382e-41,-4.959755784631257541e-41,3.825774416327476501e-02,-5.355202211263720918e-41,-5.956078992766202478e-41,-5.576046849241312089e-41,5.714635267363036497e-41,5.108994071081850559e-41,6.585208326578140259e-02,-5.158880296411814047e-41,-4.935092931659140760e-41,5.119083420024989242e-41,6.108400135838310094e-41,-5.174294579519387034e-41,-5.413916616918930754e-41,5.237647891044616699e-02,-4.994928376085810449e-41,3.118578195571899414e-01,-5.049018496808748388e-41
-1.374778300523757935e-01,2.276230007410049438e-01,-9.095043689012527466e-02,5.766341835260391235e-02,4.977972664667480163e-41,-5.764661622539432466e-41,2.148597873747348785e-02,-5.884752900932069289e-41,7.166244089603424072e-02,3.462830558419227600e-02,-1.025062203407287598e-01,-3.190974518656730652e-02,-8.144058287143707275e-02,4.364990070462226868e-02,-9.137234836816787720e-02,3.593529388308525085e-02,-5.234970803024651614e-41,-4.858091473579406738e-02,1.814627088606357574e-02,-2.145228087902069092e-01,5.202430859208106995e-02,7.170655578374862671e-02,1.056563947349786758e-02,3.440064564347267151e-02,-1.457898169755935669e-01,5.163784841036950906e-41,-1.049879863858222961e-01,5.089936411967033047e-41,-8.321643620729446411e-02,-2.320757508277893066e-01,-1.069928929209709167e-01,-4.653529077768325806e-02,1.248808111995458603e-02,2.154453285038471222e-02,4.590918868780136108e-02,2.729309018965446209e-40,1.343034207820892334e-02,1.461650058627128601e-02,1.775176636874675751e-02,1.392585784196853638e-02,-1.758577376604080200e-01,8.000239729881286621e-02,4.634124785661697388e-02,1.052311062812805176e-01,2.761396579444408417e-02,3.646776452660560608e-02,2.006150968372821808e-02,7.264634221792221069e-02,6.458140164613723755e-02,3.154927864670753479e-02,6.332897394895553589e-02,-3.284884989261627197e-02,1.700031943619251251e-02,4.303103312849998474e-02,-5.039489667251339632e-41,-5.334043130278587341e-02,5.246125627309083939e-03,4.595581069588661194e-02,4.060039296746253967e-02,-1.814397796988487244e-02,4.637392610311508179e-02,-3.465329483151435852e-02,6.094807540734359368e-41,-4.492276534438133240e-02,2.161032333970069885e-02,-5.317650735378265381e-02,9.364353120326995850e-02,-6.184688955545425415e-02,-4.610279202461242676e-02,5.828550830483436584e-02,-5.942493304610252380e-02,-2.685688436031341553e-02,6.078692608394623972e-41,5.443063624976886949e-41,1.228829696774482727e-01,1.619216986000537872e-02,3.325371304526925087e-03,-4.938175788280655358e-41,5.206410214304924011e-02,5.956968665122985840e-02,1.488520503044128418e-01,-1.827860437333583832e-02,-4.806677699089050293e-01,8.904296904802322388e-02,9.004262089729309082e-02,-1.597411930561065674e-01,2.364259064197540283e-01,2.256849408149719238e-01,-2.278440445661544800e-02,-8.169101923704147339e-02,-5.651296576775554765e-41,-4.923181894712379815e-41,5.665104091167449951e-02,2.753311395645141602e-01,8.201500773429870605e-02,-3.758187294006347656e-01,-1.417392194271087646e-01
-1.391581445932388306e-01,1.097727268934249878e-01,8.780124038457870483e-02,5.827275663614273071e-02,-1.053781867027282715e+00,-4.703803360462188721e-02,-6.561233103275299072e-02,-5.257811967993146132e-41,-1.992691494524478912e-02,3.527341783046722412e-02,-6.684796810150146484e-01,-7.963894605636596680e-01,-2.666639089584350586e-01,-5.153658613562583923e-02,-9.450155310332775116e-03,3.762266039848327637e-02,1.076842620968818665e-01,-4.241209924221038818e-01,-1.354167331010103226e-02,-4.130650758743286133e-01,-3.856862336397171021e-02,-2.796813249588012695e-01,7.293378934264183044e-03,-1.112560915750688513e-40,-2.257374227046966553e-01,-1.006737723946571350e-01,-2.602519840002059937e-02,-2.598930336534976959e-02,-2.747970819473266602e-01,2.115890383720397949e-01,-2.356419116258621216e-01,-9.441734850406646729e-02,1.519368868321180344e-02,1.061305329203605652e-01,4.442543163895606995e-02,-2.371295243501663208e-01,1.871196366846561432e-02,1.687544025480747223e-02,1.905582286417484283e-02,1.402900647372007370e-02,-7.331618107855319977e-03,2.473957836627960205e-01,4.366117343306541443e-02,1.282027810811996460e-01,-6.041558459401130676e-02,3.183806687593460083e-02,2.158642187714576721e-02,7.311527431011199951e-02,6.369467079639434814e-02,5.123287315417963693e-41,-2.104000002145767212e-02,-1.628527194261550903e-01,-8.991240710020065308e-02,-4.054605215787887573e-02,4.754799231886863708e-02,-8.985904604196548462e-02,1.498729735612869263e-01,-4.163707420229911804e-02,-1.379685699939727783e-01,-1.173390150070190430e-01,-2.868657708168029785e-01,-9.690125286579132080e-02,3.922713175415992737e-02,1.249482110142707825e-01,-1.993571594357490540e-02,-5.352135747671127319e-02,-2.166819870471954346e-01,5.000643432140350342e-02,-2.257154695689678192e-02,-2.913762815296649933e-02,-5.260267108678817749e-02,1.665757596492767334e-02,4.938978701829910278e-02,2.951300702989101410e-02,-2.097483724355697632e-01,-2.761728763580322266e-01,-1.058341264724731445e+00,5.005578244414679059e-41,2.525830268859863281e-02,-1.485386192798614502e-01,4.047797247767448425e-02,6.774125248193740845e-02,3.882095217704772949e-01,8.697722852230072021e-02,9.166652709245681763e-02,1.574449986219406128e-01,2.508789896965026855e-01,1.485648378729820251e-02,1.741020977497100830e-01,4.352920129895210266e-02,-2.020423114299774170e-02,-2.374725788831710815e-02,-1.160657033324241638e-01,-2.997557520866394043e-01,-5.985246598720550537e-02,3.061435818672180176e-01,4.842550307512283325e-02
6.962801516056060791e-02,2.278970628976821899e-01,-5.052146152593195438e-04,6.024079024791717529e-02,-4.950367084920281266e-41,6.174541423354441460e-41,-6.574840098619461060e-02,1.444632560014724731e-02,7.538389414548873901e-02,3.506779298186302185e-02,1.574187576770782471e-01,1.802667230367660522e-01,5.408215802162885666e-03,-5.057990923523902893e-02,7.862100005149841309e-02,4.059609770774841309e-02,1.102879717946052551e-01,-1.234884932637214661e-01,2.519313059747219086e-02,-4.880679026246070862e-02,-1.490737684071063995e-02,1.684368401765823364e-01,1.046802997589111328e-01,3.607789054512977600e-02,-5.450107157230377197e-02,-5.944366008043289185e-02,-5.542160943150520325e-02,-6.211904808878898621e-02,-8.300124853849411011e-02,8.886091411113739014e-02,4.053019359707832336e-02,-1.870915293693542480e-02,1.301422808319330215e-02,1.058011054992675781e-01,4.262957721948623657e-02,5.647513070921877759e-41,1.429448649287223816e-02,1.614387892186641693e-02,1.885448582470417023e-02,1.493419148027896881e-02,8.093471825122833252e-02,3.777790367603302002e-01,-4.358292371034622192e-02,1.844108551740646362e-01,-5.669720470905303955e-02,3.541655093431472778e-02,2.371918596327304840e-02,7.379228621721267700e-02,6.257423013448715210e-02,1.793725937604904175e-01,-2.276615425944328308e-02,1.185062602162361145e-01,1.855420693755149841e-02,3.736804053187370300e-02,5.504580627560746418e-41,7.888217456638813019e-03,1.503829061985015869e-01,3.431928157806396484e-02,1.042324304580688477e-01,8.024889230728149414e-02,-4.841994494199752808e-02,5.566035956144332886e-02,-5.993353531917242612e-41,3.249684348702430725e-03,2.112458460032939911e-02,-5.297527462244033813e-02,-7.965310662984848022e-02,1.239800602197647095e-01,3.755989670753479004e-02,-2.828156948089599609e-02,1.164782345294952393e-01,5.874644219875335693e-02,5.162944061958356016e-41,-5.422884927090609583e-41,1.723880171775817871e-01,-3.136224579066038132e-03,9.050519764423370361e-02,1.359658986330032349e-01,5.432679131627082825e-02,9.559585154056549072e-02,2.447573542594909668e-01,4.220201820135116577e-02,-1.763601899147033691e-01,2.583601744845509529e-03,9.131434559822082520e-02,-1.731544882059097290e-01,3.598935008049011230e-01,4.254635870456695557e-01,2.468627542257308960e-01,2.706468291580677032e-02,-4.972927990195910821e-41,-4.964660329256394401e-41,5.600371584296226501e-02,3.401160836219787598e-01,9.355765581130981445e-02,-7.201663218438625336e-03,-1.403390467166900635e-01
5.844535635005947039e-41,-5.005157854875381614e-41,2.481115236878395081e-02,-5.009642009961221029e-41,7.081387937068939209e-02,-5.049438886348045833e-41,-6.557422131299972534e-02,5.371737533142753760e-41,7.579077035188674927e-02,-5.740244686603546143e-02,-1.145910620689392090e-01,1.070174351334571838e-01,-4.906926832526211937e-41,4.924443063330272151e-41,-1.212339941412210464e-02,5.079426673484596919e-41,-4.904965014676157193e-41,-6.282969564199447632e-02,-2.980842627584934235e-02,7.953736931085586548e-02,-4.069896787405014038e-02,-1.086903735995292664e-01,-2.645220160484313965e-01,3.542150184512138367e-02,-6.062110885977745056e-02,-5.147810038543647992e-41,-6.482800841331481934e-02,-5.004597335489651687e-41,-2.221643552184104919e-02,-6.634598225355148315e-02,-1.327136605978012085e-01,-1.345873810350894928e-02,5.003055907178894388e-41,5.286538586511804882e-41,-2.139810025691986084e-01,-4.942099423980764846e-41,1.216930430382490158e-02,1.230726297944784164e-02,-6.595709174871444702e-02,-6.793088465929031372e-02,7.764364033937454224e-02,-9.173164516687393188e-02,-4.583024606108665466e-02,-3.217898011207580566e-01,-5.989946424961090088e-02,3.280403465032577515e-02,-6.836187839508056641e-02,-7.807991467416286469e-03,6.503594666719436646e-02,6.207079440355300903e-02,-2.428997866809368134e-02,1.397117674350738525e-01,-1.073004379868507385e-01,4.221662878990173340e-02,1.091149075215805309e-40,3.327247127890586853e-02,-1.705922745168209076e-02,-1.370511651039123535e-01,4.282990097999572754e-02,-1.724644377827644348e-02,3.228878974914550781e-02,-1.215674653649330139e-01,4.916035272544323248e-41,-4.137140139937400818e-02,1.972229406237602234e-02,-5.312459170818328857e-02,-1.918796151876449585e-01,-2.298775874078273773e-02,4.100725427269935608e-02,-1.155178844928741455e-01,-1.484973579645156860e-01,1.688801497220993042e-02,5.209607300820372425e-41,5.079286543638164437e-41,-2.520400881767272949e-01,-7.952313171699643135e-04,-1.780182421207427979e-01,6.216720507130618453e-41,-6.500463932752609253e-02,-3.016165196895599365e-01,-7.411549333482980728e-03,-8.905696868896484375e-02,1.461792886257171631e-01,8.583480864763259888e-02,8.934961259365081787e-02,-3.719291090965270996e-02,-5.981137976050376892e-02,-4.274058714509010315e-02,6.489527970552444458e-02,3.525180369615554810e-02,-4.917436571008648065e-41,-4.930748906419733827e-41,-2.060369104146957397e-01,-4.645918905735015869e-01,9.518438600935041904e-04,2.227003127336502075e-01,-1.364988386631011963e-01
7.850218564271926880e-02,2.267358303070068359e-01,-1.303772325627505779e-03,5.769531428813934326e-02,-4.928226569183949157e-41,-4.674706235527992249e-02,2.270521968603134155e-02,1.537236012518405914e-02,8.018301427364349365e-02,3.576353937387466431e-02,3.894896209239959717e-01,4.860867857933044434e-01,3.751815762370824814e-03,3.963924944400787354e-02,7.840718328952789307e-02,3.634937480092048645e-02,1.072055399417877197e-01,1.541349440813064575e-01,1.053899452090263367e-01,2.048094421625137329e-01,-4.089010134339332581e-02,-7.112917955964803696e-03,1.022769212722778320e-01,-5.260798335075378418e-02,6.807863712310791016e-02,7.476100325584411621e-02,1.454366445541381836e-01,5.552090704441070557e-02,2.253059297800064087e-02,1.046436354517936707e-01,3.992105647921562195e-02,7.788690179586410522e-02,1.833237893879413605e-02,1.078825891017913818e-01,4.471572116017341614e-02,-1.591566769810840733e-40,1.404295489192008972e-02,1.368781551718711853e-02,1.801545359194278717e-02,1.658234000205993652e-02,8.181869238615036011e-02,3.412866294384002686e-01,4.684353992342948914e-02,1.875856667757034302e-01,2.897796593606472015e-02,3.611104190349578857e-02,2.148689888417720795e-02,7.058635354042053223e-02,6.470622867345809937e-02,9.801331907510757446e-02,-4.544194042682647705e-02,3.766812682151794434e-01,-5.343431304163392455e-41,4.989603441921376144e-41,5.277430146493693571e-41,1.129579022526741028e-01,1.279540657997131348e-01,1.171210706233978271e-01,1.088298037648200989e-01,8.389972150325775146e-02,1.924089342355728149e-01,2.881936430931091309e-01,-5.427369082176448997e-41,1.252202838659286499e-01,1.981665007770061493e-02,4.084470868110656738e-02,9.150464087724685669e-02,-5.609962716698646545e-02,4.018208011984825134e-02,6.307388842105865479e-02,3.396502137184143066e-02,4.304374754428863525e-02,-5.710571501816494527e-41,-5.314564555798301223e-41,2.620341777801513672e-01,8.661608397960662842e-02,5.825961232185363770e-01,1.373690515756607056e-01,5.394864827394485474e-02,9.499871730804443359e-02,1.110993549227714539e-01,1.488285064697265625e-01,3.837049603462219238e-01,9.101562947034835815e-02,9.053961932659149170e-02,2.232969999313354492e-01,2.104203850030899048e-01,2.456693649291992188e-01,1.064382195472717285e-01,-8.211228251457214355e-02,5.117822251407096906e-41,-5.763680713614405094e-41,5.470383912324905396e-02,3.006792664527893066e-01,9.387763589620590210e-02,2.164608985185623169e-02,5.196683108806610107e-02
-1.371180564165115356e-01,-1.897268593311309814e-01,9.608205407857894897e-02,5.083350309184706406e-41,4.959195265245527614e-41,-5.027298370611713724e-41,5.199097562337936297e-41,4.936073840584168132e-41,-5.465204140713219058e-41,-5.152714583168784851e-41,2.442512214183807373e-01,1.562787294387817383e-01,9.441381692886352539e-02,4.061415791511535645e-02,-1.228890288621187210e-02,-5.152434323475919888e-41,-4.992265909003593297e-41,9.445790201425552368e-02,-3.510003909468650818e-02,-5.382807791010919815e-41,2.789231762290000916e-02,2.053659874945878983e-03,5.550543217190600418e-41,5.219416390070646144e-41,5.060509144216211888e-41,5.712393189820116790e-41,4.985539676374834175e-41,-4.929767997494706456e-41,-4.971386561885153523e-41,4.916595791930053175e-41,-4.907767611604806827e-41,-5.665729950958100381e-41,-6.805232167243957520e-02,-2.554641664028167725e-01,4.488297551870346069e-02,5.756534091446348527e-41,1.252898201346397400e-02,1.542696356773376465e-02,1.834732666611671448e-02,1.407834514975547791e-02,5.416018564615417979e-41,3.185545504093170166e-01,-1.371177136898040771e-01,-2.127668410539627075e-01,-5.950499698519706726e-02,3.246458619832992554e-02,2.308025769889354706e-02,7.348091900348663330e-02,6.375060230493545532e-02,-1.028565876185894012e-02,-2.048277965303585113e-41,-2.789565622806549072e-01,5.451751675455700814e-41,-5.032903564469012992e-41,4.976150976663857901e-41,-2.296415716409683228e-02,-1.015509944409132004e-02,1.037952210754156113e-02,4.280954226851463318e-02,8.634408563375473022e-02,1.133029982447624207e-01,2.027190774679183960e-01,5.872841863985308344e-41,5.285697807433209992e-41,-5.998469144105911255e-02,-5.311138182878494263e-02,5.498040001839399338e-03,2.422745712101459503e-02,-4.982877209292617022e-41,-5.596225547127589454e-41,-4.905665663908319602e-41,5.086433165806221004e-41,5.156918478561759303e-41,5.634761254896521924e-41,-6.098682060837745667e-03,4.705492407083511353e-02,7.259060442447662354e-02,-9.614687412977218628e-02,5.022814215525874309e-41,1.907529383897781372e-01,1.001421138644218445e-01,-5.881810174156987173e-41,-5.352960133720801211e-41,5.299710792076458162e-41,5.252487033828711827e-41,-5.088955503042005675e-41,1.486984640359878540e-01,-5.180227756500244141e-02,3.751802816987037659e-02,1.413663625717163086e-01,-5.150892895165162589e-41,5.097083034135089614e-41,6.088867038488388062e-02,1.010055691003799438e-01,9.545254707336425781e-02,-1.436005979776382446e-01,5.932116789026248106e-41
7.151500880718231201e-02,3.404670208692550659e-02,9.154158085584640503e-02,5.491710081696510315e-02,4.904684754983292230e-41,3.291777893900871277e-02,2.215067856013774872e-02,1.431282237172126770e-02,-1.891439035534858704e-02,3.607761114835739136e-02,7.456302642822265625e-02,4.489815533161163330e-01,-1.622573584318161011e-01,4.394779726862907410e-02,-1.335968915373086929e-02,3.642455115914344788e-02,4.906646572833346974e-41,4.776445403695106506e-02,1.080386415123939514e-01,1.137392520904541016e-01,5.353650078177452087e-02,-2.036245167255401611e-01,1.050319373607635498e-01,3.645858913660049438e-02,-1.557900384068489075e-02,-1.461984217166900635e-02,-2.704649977385997772e-02,-2.883820235729217529e-02,1.184503212571144104e-01,-1.560876667499542236e-01,3.205093555152416229e-03,4.646584019064903259e-02,1.379912625998258591e-02,1.108635589480400085e-01,4.415591061115264893e-02,6.011710541799897716e-41,1.399182900786399841e-02,1.584530621767044067e-02,2.066385187208652496e-02,1.625990122556686401e-02,8.052007108926773071e-02,8.161658421158790588e-03,-4.373272880911827087e-02,5.949267651885747910e-03,2.959675714373588562e-02,-5.289037153124809265e-02,2.119588851928710938e-02,-9.181017987430095673e-03,6.207712739706039429e-02,1.427961420267820358e-02,4.258571192622184753e-02,3.550236225128173828e-01,1.037474945187568665e-01,4.243663698434829712e-02,6.275154653092963325e-41,4.937486257404088974e-03,8.527600020170211792e-02,9.992268867790699005e-03,4.429690539836883545e-02,8.409509062767028809e-02,-1.252480149269104004e-01,-1.351972967386245728e-01,5.232728725481731906e-41,1.292315274477005005e-01,1.102360337972640991e-01,3.401461988687515259e-02,1.293146982789039612e-02,-6.012934073805809021e-02,3.786828368902206421e-02,-2.751994505524635315e-02,3.184208646416664124e-02,-2.467198297381401062e-02,-4.908888650376266681e-41,-6.106298188141822868e-41,9.191070497035980225e-02,4.577851388603448868e-03,-2.452233582735061646e-01,1.341466605663299561e-01,-2.526796795427799225e-02,1.175701692700386047e-01,1.481450945138931274e-01,6.047173216938972473e-02,2.979535758495330811e-01,-5.259753670543432236e-03,-4.089219495654106140e-03,-3.784982487559318542e-02,2.376327663660049438e-01,3.218314647674560547e-01,-1.033397093415260315e-01,-8.028458803892135620e-02,5.065693948534213711e-41,5.333482085066686254e-41,-1.181863695383071899e-01,1.897829174995422363e-01,9.532462060451507568e-02,4.014672245830297470e-03,-1.389647722244262695e-01
7.071311026811599731e-02,2.280066758394241333e-01,8.784956298768520355e-05,4.969705003727963742e-41,-5.468987646566896064e-41,-1.627005607973615357e-40,2.389346808195114136e-02,4.905665663908319602e-41,-5.405842140316963196e-02,-6.106009706854820251e-02,-2.551045082509517670e-02,8.440984040498733521e-02,-1.432253147401752280e-40,4.295384883880615234e-02,-3.035093832295387983e-04,-6.079673517319651344e-41,4.932430464576923608e-41,-4.914493844233565949e-41,-3.734956309199333191e-02,4.471065476536750793e-02,2.912442199885845184e-02,1.399210542440414429e-01,1.012609899044036865e-01,-4.929067348262544047e-41,7.241289317607879639e-02,4.746377840638160706e-02,-1.406374853104352951e-02,5.297468714533538455e-41,-4.733647778630256653e-02,1.508465688675642014e-02,5.158039517333219156e-41,-4.515462368726730347e-02,1.384489331394433975e-02,-7.868986576795578003e-02,4.314459860324859619e-02,-6.101113383823821045e-41,1.404177211225032806e-02,1.459923386573791504e-02,2.034353092312812805e-02,1.484491955488920212e-02,5.212690157441887022e-41,9.638471901416778564e-02,4.245198145508766174e-02,1.024220883846282959e-01,2.928486838936805725e-02,3.587240725755691528e-02,1.663638465106487274e-02,7.009992748498916626e-02,6.319487839937210083e-02,1.315962802618741989e-02,5.313863906566138815e-41,8.923765271902084351e-02,5.920486011772352125e-41,-5.373699350992808504e-41,-4.928506828876814120e-41,1.144341751933097839e-01,5.526928231120109558e-02,1.233283430337905884e-02,4.344994202256202698e-02,-4.916175402390755730e-41,-4.239147156476974487e-02,5.263557291696877882e-41,5.009922269654085992e-41,-4.249212145805358887e-02,1.718446612358093262e-02,5.084050958416868815e-41,5.674558131283346729e-41,5.868771672248840332e-02,1.067857630550861359e-02,1.979215070605278015e-02,-5.039209407558474669e-41,5.113478226167689974e-41,4.926965400566056821e-41,5.016228112743547669e-41,9.674337506294250488e-02,-5.794088890290253625e-41,-9.258283302187919617e-03,-5.316946763187653412e-41,2.689506858587265015e-02,1.093249842524528503e-01,-4.755003005266189575e-02,9.812386333942413330e-02,2.265052348375320435e-01,8.853297680616378784e-02,9.126192331314086914e-02,-3.131536766886711121e-02,1.621790528297424316e-01,6.935342401266098022e-02,2.121607027947902679e-02,1.377722769975662231e-01,-5.966728861095071088e-41,4.995909285010837821e-41,5.460955947637557983e-02,1.285811513662338257e-01,4.947564487991631632e-41,3.008668422698974609e-01,-5.311518535017967224e-02
7.190086692571640015e-02,2.278357446193695068e-01,-2.655740361660718918e-03,-5.081609636545181274e-02,5.306717284398082248e-41,-5.848038881166759082e-41,1.742292381823062897e-02,-5.033464083854742919e-41,4.180348664522171021e-02,-5.735646560788154602e-02,-1.706190556287765503e-01,6.173871085047721863e-02,-2.804156392812728882e-02,4.386047646403312683e-02,8.011019974946975708e-02,3.664327040314674377e-02,-5.111516408317635230e-41,-6.202825158834457397e-02,-1.354184746742248535e-01,-2.389963418245315552e-01,-6.471209228038787842e-02,9.872910380363464355e-02,1.255028601735830307e-02,-5.821414210344587558e-41,1.270734369754791260e-01,-4.305963963270187378e-02,3.676667064428329468e-02,3.607381135225296021e-02,-8.119956403970718384e-02,-1.822548359632492065e-02,-4.440169781446456909e-02,-1.587314903736114502e-02,1.356216054409742355e-02,1.075667440891265869e-01,4.341147840023040771e-02,4.968724094802936370e-41,1.254482008516788483e-02,1.649369113147258759e-02,1.821064203977584839e-02,1.265387143939733505e-02,-2.075382741168141365e-03,1.649670153856277466e-01,4.658221825957298279e-02,1.023535430431365967e-01,2.815425768494606018e-02,3.625518828630447388e-02,2.005065977573394775e-02,7.208267599344253540e-02,6.405036151409149170e-02,5.007399932418301321e-41,-5.346093771245609607e-41,7.649682462215423584e-02,-2.300538681447505951e-02,5.681704753451403296e-41,5.692634881473136869e-41,1.176228933036327362e-02,7.304313033819198608e-02,1.138173975050449371e-02,4.371257126331329346e-02,7.829625159502029419e-02,6.359107792377471924e-02,5.028979928768903504e-41,4.908188001144104273e-41,4.715168103575706482e-02,-6.996174156665802002e-02,-5.394212156534194946e-02,-1.647842526435852051e-01,-4.633977636694908142e-02,1.124858576804399490e-02,1.696702837944030762e-02,4.916876051622918138e-41,4.999272401325217382e-41,4.930328516880436382e-41,-4.992686298542890742e-41,-2.550209164619445801e-01,-4.905665663908319602e-41,9.078589826822280884e-02,4.956813057856175425e-41,2.383534610271453857e-02,3.588339313864707947e-02,1.482146382331848145e-01,1.288924738764762878e-02,3.031312823295593262e-01,8.628416061401367188e-02,9.266646206378936768e-02,-2.307829260826110840e-02,1.642344743013381958e-01,1.009355485439300537e-01,3.984718024730682373e-02,1.394855082035064697e-01,-5.948932370598145911e-41,5.978359638348967070e-41,-3.177265822887420654e-02,1.224024668335914612e-01,2.232906641438603401e-03,3.061995506286621094e-01,4.841949045658111572e-02
4.978112794513912644e-41,5.725425265538337588e-41,6.068182869912187844e-41,1.224818935727749609e-40,-4.964520199409961919e-41,-4.986240325606996583e-41,5.445866221905536583e-41,-5.213390806674049431e-41,-5.242257555039140662e-41,-4.962137992020609730e-41,-1.471587419509887695e-01,-2.208595424890518188e-01,4.398558661341667175e-02,-5.264538200621905254e-41,-5.706087346730655113e-41,5.722622668609687954e-41,4.843027622553000279e-41,-8.024166524410247803e-02,-5.093719917820710053e-41,-9.579872339963912964e-02,5.061069663601941815e-41,-5.328717670287981876e-41,5.640786838293118637e-41,1.210497665422349979e-40,-8.564852923154830933e-02,4.394157975912094116e-02,-3.703550249338150024e-02,-5.275359004735946655e-02,2.079443447291851044e-02,-2.534436583518981934e-01,3.756816685199737549e-02,-4.389910772442817688e-02,-5.672876573126156948e-41,-5.356463379881613254e-41,-5.168409125969222803e-41,-5.452872714227160668e-41,-4.915194493465728358e-41,5.455955570848675266e-41,5.614862816703109521e-41,-4.998151362553757529e-41,-2.693850398063659668e-01,5.380005194082270180e-41,-6.251752968738738880e-41,-5.051260574351668096e-41,5.301112090540782979e-41,-5.051540834044533059e-41,5.390655062411138790e-41,-5.120624848335746541e-41,4.958915005552662651e-41,-4.905945923601184565e-41,-5.827860183280481716e-41,-5.223900545156485559e-41,1.216971664327530633e-40,-5.692634881473136869e-41,5.364731040821129674e-41,-1.294110864400863647e-01,5.005438114568246577e-41,5.185224707541120608e-41,-5.132255625589642522e-41,-1.698914170265197754e-02,-1.690115183591842651e-01,-3.185228258371353149e-02,-5.000393440096677236e-41,-5.652978134932744546e-41,2.267687022686004639e-02,-5.282461270689964294e-02,9.364937245845794678e-02,-4.179675877094268799e-02,-5.048037587883721016e-41,-1.253167203661040658e-40,-5.715896435980928832e-41,4.905665663908319602e-41,4.916315532237188212e-41,-5.002775647486029425e-41,-3.405668139457702637e-01,-1.690146476030349731e-01,-4.626489579677581787e-01,-7.344634272158145905e-03,5.187606914930472797e-41,-5.232308335942434461e-41,-4.946163189527306815e-41,5.143045623764943614e-41,5.017629411207872486e-41,4.934252152580545870e-41,-5.393597789186220906e-41,5.995315349767297356e-41,5.168409125969222803e-41,4.927946309491084193e-41,5.118382770792826833e-41,5.043973822337179047e-41,-5.217314442374158918e-41,5.255850150143091388e-41,-5.329978838905874211e-41,-6.164031684872005332e-41,5.909976273289915997e-41,5.461140375166677089e-41,5.966168341709341161e-41
7.121681421995162964e-02,2.278135418891906738e-01,1.798450388014316559e-02,5.714612454175949097e-02,-5.735794874174341235e-41,-5.033604213701175400e-41,2.129767462611198425e-02,-5.160842114261868791e-41,-1.095318123698234558e-01,-5.604940652847290039e-02,-9.660930186510086060e-02,1.533782184123992920e-01,1.449580676853656769e-02,4.207234457135200500e-02,7.745084911584854126e-02,5.677921247597726290e-41,-5.460439725934514680e-41,-1.056699007749557495e-01,1.963649503886699677e-02,1.422289311885833740e-01,-3.329969942569732666e-02,-3.403201103210449219e-01,1.001558378338813782e-01,3.467569872736930847e-02,-5.743705853819847107e-02,-4.297257587313652039e-02,-5.444487929344177246e-02,3.660179302096366882e-02,-8.464504778385162354e-02,1.069168448448181152e-01,-1.108763813972473145e-01,-9.885294362902641296e-03,1.458001788705587387e-02,2.179947122931480408e-02,4.276907444000244141e-02,4.976150976663857901e-41,9.166629984974861145e-03,1.440799050033092499e-02,2.018502540886402130e-02,1.381865050643682480e-02,8.154048770666122437e-02,3.177051842212677002e-01,4.681008309125900269e-02,1.051941439509391785e-01,2.604668028652667999e-02,3.180033341050148010e-02,1.833474449813365936e-02,6.924325972795486450e-02,6.002371758222579956e-02,-6.605315953493118286e-02,-2.131147682666778564e-02,-6.331626325845718384e-02,-1.858219876885414124e-02,5.546619581490490930e-41,5.137580559754076827e-41,1.152509525418281555e-01,7.486868649721145630e-02,-4.284933209419250488e-02,4.267368838191032410e-02,-1.686265319585800171e-02,2.568731643259525299e-02,-2.498569190502166748e-01,-1.243175945610404713e-40,1.269909292459487915e-01,-7.116743922233581543e-02,-4.872854053974151611e-02,-6.759550422430038452e-02,1.879761181771755219e-02,-5.054122209548950195e-02,-1.106765195727348328e-01,3.192637860774993896e-02,5.638965150289496375e-41,-5.793107981365226253e-41,5.243238463964168034e-41,1.666842848062515259e-01,-8.501891791820526123e-02,9.092447161674499512e-02,5.334042604452416180e-41,2.652712166309356689e-02,2.462736703455448151e-02,7.166508585214614868e-02,9.689584374427795410e-02,3.087492585182189941e-01,8.905440568923950195e-02,9.004653245210647583e-02,1.078566685318946838e-01,1.499913334846496582e-01,3.709113001823425293e-01,7.941495627164840698e-02,2.741843275725841522e-02,5.315405334876896113e-41,5.314284296105436260e-41,5.477920174598693848e-02,4.360430315136909485e-02,-8.995752781629562378e-02,1.976389735937118530e-01,4.839225858449935913e-02
6.985919922590255737e-02,-2.779771685600280762e-01,8.839594572782516479e-02,-5.789604735204414210e-41,9.580493718385696411e-02,-5.119083420024989242e-41,2.213411778211593628e-02,5.085312127034761150e-41,-5.246600881218910217e-02,-5.783650651574134827e-02,-7.004731893539428711e-02,9.698561578989028931e-02,2.855555154383182526e-02,-5.233420059084892273e-02,5.124968873575153473e-41,5.573244252312662454e-41,-5.257251448607416205e-41,-1.559382379055023193e-01,-1.392163634300231934e-01,-1.369118392467498779e-01,-6.364100426435470581e-02,-9.898470342159271240e-02,-2.638253867626190186e-01,-4.916735921776485657e-41,3.428524360060691833e-02,5.030100967540363358e-41,-6.514681875705718994e-02,4.958774875706230169e-41,5.876934900879859924e-02,-1.831204816699028015e-02,5.012444606889870663e-41,-5.849720439323948863e-41,1.578846946358680725e-02,1.085449308156967163e-01,4.256918281316757202e-02,5.174154449672954553e-41,-6.870266050100326538e-02,1.706136576831340790e-02,-6.615202873945236206e-02,-6.634984910488128662e-02,-1.423742175102233887e-01,8.858541399240493774e-02,-4.586470499634742737e-02,-5.877725314348936081e-03,-5.977324768900871277e-02,-1.361084729433059692e-01,2.203980833292007446e-02,7.031712681055068970e-02,-1.511239111423492432e-01,-5.208626391895345053e-41,-5.243798983349897961e-41,9.042813628911972046e-02,-5.781196944418465308e-41,-4.958774875706230169e-41,-3.600637987256050110e-02,-1.774960458278656006e-01,-1.001011580228805542e-01,9.480370208621025085e-03,4.157551378011703491e-02,-1.191265881061553955e-01,-6.604357808828353882e-02,-4.912532026383511206e-41,3.779660165309906006e-02,-4.458702355623245239e-02,-7.200350612401962280e-02,-5.183889344334602356e-02,-7.524405419826507568e-02,1.104441657662391663e-01,9.420153684914112091e-03,-7.075311243534088135e-02,-5.216333533449131547e-41,-5.270143394479204522e-41,4.606898128986358643e-02,-5.237817019224166870e-02,3.396446257829666138e-02,5.695157218708921540e-41,-1.940556764602661133e-01,5.668392418040317534e-41,-6.443861871957778931e-02,2.073302865028381348e-01,1.502738147974014282e-01,3.182901302352547646e-03,3.093568086624145508e-01,8.649040013551712036e-02,-1.105734482407569885e-01,5.785487219691276550e-02,2.398490011692047119e-01,-2.552515827119350433e-02,3.936393558979034424e-02,1.388389915227890015e-01,-2.355869859457015991e-02,-2.124757878482341766e-02,5.063592000837726486e-41,-2.611082047224044800e-02,-1.239231135696172714e-02,1.730359643697738647e-01,4.785397276282310486e-02
-5.489586733992470875e-41,5.077324725788109693e-41,4.977131885588885273e-41,5.001654608714569571e-41,5.530224389457890570e-41,-6.189815576615581966e-41,-5.113197966474825010e-41,5.026597721379551315e-41,-5.032483174929715547e-41,5.244779892274925333e-41,5.128191860043100553e-41,5.139402247757699089e-41,-5.973595223570262692e-41,5.276869627107963644e-41,5.336985331227498296e-41,-4.919118129165837846e-41,-5.260194175382498321e-41,5.870039267056658710e-41,5.428069731408611406e-41,5.572263343387635083e-41,-4.966061627720719218e-41,-5.019871488750792193e-41,5.052802002662425394e-41,5.888956796325043741e-41,-5.082089140566814071e-41,6.074348583155217039e-41,5.005718374261111541e-41,-6.165012593797032704e-41,5.093159398434980126e-41,4.998431622246622492e-41,5.666150340497397826e-41,5.644990733686093089e-41,4.956953187702607907e-41,4.985679806221266657e-41,5.350297666638584058e-41,5.136039131443319528e-41,4.962418251713474693e-41,5.246741710124980077e-41,-5.055884859283939992e-41,-4.907767611604806827e-41,-4.910710338379888943e-41,-4.978953573592507535e-41,-5.048317847576585980e-41,-5.187887174623337760e-41,-5.092458749202817717e-41,-5.307838323169542101e-41,-5.106471733846065888e-41,5.265378979700500144e-41,6.412517279386520386e-02,-5.543676854715408814e-41,5.742100717263802912e-41,-4.906226183294049529e-41,5.574085031391257345e-41,5.388132725175354119e-41,6.175382202433036350e-41,5.712112930127251826e-41,-5.553626073812115015e-41,-5.132956274821804931e-41,4.977272015435317754e-41,-5.335163643223876034e-41,-5.012584736736303144e-41,-6.240542581024140344e-41,-6.216580377284185972e-41,-5.580671134173583985e-41,5.175135358597981925e-41,-5.018189930593602413e-41,-5.620888400099706235e-41,-6.182528824601092917e-41,5.013005126275600590e-41,-5.942066008122954308e-41,-5.986206909749186045e-41,5.314004036412571296e-41,5.372438182374916168e-41,-5.557970099051521948e-41,-5.234270153792489205e-41,-5.855605892874113094e-41,-5.140803546222023906e-41,-6.275715172478693252e-41,5.738737600949423351e-41,-5.081388491334651663e-41,-5.629716580424952582e-41,5.141504195454186315e-41,-5.288500404361859626e-41,-5.827720053434049235e-41,-5.320870398887762900e-41,5.137580559754076827e-41,5.165886788733438132e-41,-4.923742414098109742e-41,-5.776292399793328448e-41,5.635602033975116814e-41,-5.949492889983875838e-41,5.223760415310053077e-41,6.183369603679687807e-41,-5.352820003874368729e-41,-4.952188772923903529e-41,6.484130769968032837e-02,-4.924022673790974706e-41
7.299713790416717529e-02,1.297068446874618530e-01,7.638419512659311295e-03,-5.437318301273155199e-41,4.832218214869499207e-02,4.904684754983292230e-41,1.759407110512256622e-02,-4.935793580891303169e-41,-1.829378120601177216e-02,3.487266227602958679e-02,-6.072307005524635315e-03,1.667211391031742096e-02,1.992343692108988762e-03,-5.159811675548553467e-02,7.881951332092285156e-02,4.968443835110071407e-41,7.656647264957427979e-02,-8.156007528305053711e-02,1.254262179136276245e-01,2.066365927457809448e-01,-9.731891006231307983e-02,-3.795035928487777710e-02,9.854239970445632935e-02,-4.935763403773307800e-02,3.861159086227416992e-02,-4.445848986506462097e-02,-5.164310336112976074e-02,3.657745569944381714e-02,2.443620190024375916e-02,1.450188457965850830e-01,-4.684365913271903992e-02,-1.027692034840583801e-01,-6.993248313665390015e-02,1.022643595933914185e-01,-3.644033148884773254e-02,1.008610576391220093e-01,1.243539713323116302e-02,1.558839436620473862e-02,1.940843276679515839e-02,-7.248065620660781860e-02,-1.846874654293060303e-01,1.373022347688674927e-01,-4.102982953190803528e-02,-1.223776042461395264e-01,-6.087673455476760864e-02,3.588232398033142090e-02,2.249824255704879761e-02,7.314054667949676514e-02,-4.449938982725143433e-02,4.804430902004241943e-02,6.285643577575683594e-02,7.662881910800933838e-02,-5.002215128100299498e-41,5.119363679717854205e-41,4.975870716970992937e-41,8.987909182906150818e-03,7.192496955394744873e-02,-1.246379166841506958e-01,-4.996044933795928955e-02,-1.157757863402366638e-01,3.491015732288360596e-02,4.834130778908729553e-02,-4.696988314390182495e-02,4.910220578312873840e-02,1.680927909910678864e-02,4.020077735185623169e-02,1.191909518092870712e-02,2.780322358012199402e-02,-4.761360958218574524e-02,6.424622982740402222e-02,-5.777131021022796631e-02,-5.824777326658967119e-41,6.071405856380134923e-41,2.960531972348690033e-02,1.869148910045623779e-01,4.379072785377502441e-02,-1.786549538373947144e-01,-5.283315600043857803e-41,2.421596460044384003e-02,3.204777836799621582e-02,1.502671837806701660e-01,7.616090588271617889e-03,3.024853765964508057e-01,9.030879288911819458e-02,8.845750987529754639e-02,-3.304343298077583313e-02,-2.971596550196409225e-03,1.852203458547592163e-01,-2.788504119962453842e-03,-7.313525676727294922e-02,-2.670579776167869568e-02,-2.254188060760498047e-02,-1.179301962256431580e-01,3.353666663169860840e-01,9.495409578084945679e-02,3.064126372337341309e-01,4.753417149186134338e-02
7.145981490612030029e-02,2.305490821599960327e-01,9.145384281873703003e-02,-2.385677024722099304e-02,-4.208741709589958191e-02,-4.904965014676157193e-41,2.371472306549549103e-02,1.573827303946018219e-02,7.169878482818603516e-02,-5.414275079965591431e-02,3.185245692729949951e-01,3.960842192173004150e-01,9.930652379989624023e-02,-4.113786667585372925e-02,7.853204011917114258e-02,3.636432439088821411e-02,1.081374213099479675e-01,8.091550320386886597e-02,1.241339519619941711e-01,1.935800313949584961e-01,7.434213906526565552e-02,3.110134601593017578e-01,1.013157293200492859e-01,3.857069462537765503e-02,6.669189780950546265e-02,7.233294844627380371e-02,-6.972979754209518433e-02,5.378485098481178284e-02,1.512078568339347839e-02,3.492484390735626221e-01,4.210270196199417114e-02,7.694451510906219482e-02,1.332334801554679871e-02,1.076245829463005066e-01,4.503506049513816833e-02,9.974824637174606323e-02,1.177920773625373840e-02,1.665188744664192200e-02,1.794569380581378937e-02,1.535775419324636459e-02,1.627137809991836548e-01,9.534394741058349609e-02,4.653425887227058411e-02,1.122543364763259888e-01,3.159254044294357300e-02,3.516308218240737915e-02,2.039123512804508209e-02,7.153835892677307129e-02,6.397973001003265381e-02,1.803937703371047974e-01,-2.229559421539306641e-02,4.190669059753417969e-01,1.352990567684173584e-01,4.938910529017448425e-02,-5.155377050251002004e-41,1.143446788191795349e-01,1.475735604763031006e-01,1.684855818748474121e-01,1.094452142715454102e-01,8.406998962163925171e-02,1.110687777400016785e-01,1.162153035402297974e-01,3.681685030460357666e-02,4.878992214798927307e-02,-6.603904068470001221e-02,3.878568112850189209e-02,9.442728012800216675e-02,1.092849001288414001e-01,3.757810965180397034e-02,6.251524388790130615e-02,3.289789706468582153e-02,5.799670889973640442e-02,5.207225093431020236e-41,2.899939566850662231e-02,1.874939054250717163e-01,9.088961035013198853e-02,1.875129193067550659e-01,1.356015652418136597e-01,5.459539592266082764e-02,1.820806711912155151e-01,2.556588053703308105e-01,-1.718979328870773315e-02,2.916496694087982178e-01,9.016606211662292480e-02,9.091557562351226807e-02,1.304009258747100830e-01,3.339230418205261230e-01,4.788497984409332275e-01,9.579338133335113525e-02,1.425572186708450317e-01,-2.195751853287220001e-02,-2.246526256203651428e-02,5.984172597527503967e-02,4.838778376579284668e-01,9.164862334728240967e-02,-1.346530616283416748e-01,4.780159890651702881e-02
-3.467206284403800964e-02,-3.742597401142120361e-01,3.612396831158548594e-04,-6.215038948973428673e-41,1.287710815668106079e-01,5.723043058148985399e-41,2.326633594930171967e-02,-5.175275488444414406e-41,-5.271799862384796143e-02,3.410096466541290283e-02,-1.806722432374954224e-01,-2.857292592525482178e-01,1.278740167617797852e-02,-5.167135223746299744e-02,7.760871946811676025e-02,5.609678012385107698e-41,-4.972647730503045858e-41,3.103176318109035492e-02,2.193692699074745178e-02,-2.121017426252365112e-01,7.673109322786331177e-02,-1.736603975296020508e-01,-2.611599266529083252e-01,4.974469418506668120e-41,3.720489144325256348e-02,-3.571418300271034241e-02,-5.406228825449943542e-02,3.626136854290962219e-02,-8.053949475288391113e-02,1.393058747053146362e-01,-1.060931533575057983e-01,-1.011939644813537598e-01,1.348670106381177902e-02,1.031307801604270935e-01,4.307829216122627258e-02,2.365568093955516815e-02,8.864346891641616821e-03,1.612046547234058380e-02,-6.719356030225753784e-02,1.592337340116500854e-02,-1.472538430243730545e-02,1.571479886770248413e-01,4.701507464051246643e-02,1.043310239911079407e-01,5.295086507144186266e-41,-5.351823568344116211e-02,5.127491210810938144e-41,-6.022360410128766326e-41,-1.456283628940582275e-01,9.821072965860366821e-02,-4.448025301098823547e-02,8.963400870561599731e-02,-2.378679625689983368e-02,-4.967883315724341480e-41,-3.603821247816085815e-02,-1.726866811513900757e-01,-1.800427399575710297e-02,1.282325293868780136e-02,4.688985273241996765e-02,-1.716027408838272095e-02,3.340409323573112488e-02,-2.601544559001922607e-01,-4.631953313946723938e-02,1.247371137142181396e-01,-7.359232008457183838e-02,-5.006782710552215576e-02,9.536188840866088867e-02,-1.424018889665603638e-01,-6.640990823507308960e-02,1.781311072409152985e-02,-5.104369786149578663e-41,5.080407582409624291e-41,4.839785024523735046e-02,2.826139703392982483e-02,-3.564612269401550293e-01,-1.395836588926613331e-04,5.671066418290138245e-02,4.965474829077720642e-02,2.499728649854660034e-02,1.171178892254829407e-01,-6.595879793167114258e-03,8.998986333608627319e-03,-2.594310939311981201e-01,-9.110896289348602295e-02,-2.043816745281219482e-01,-2.107102870941162109e-01,7.832669466733932495e-02,3.409907519817352295e-01,-3.683479502797126770e-02,2.480435557663440704e-02,-2.373018674552440643e-02,-2.402981743216514587e-02,5.653984472155570984e-02,1.401591002941131592e-01,9.324538707733154297e-02,-2.858026325702667236e-01,4.542529582977294922e-02
-4.906086053447617047e-41,5.112637447089095083e-41,9.327797591686248779e-02,-5.219976909456376071e-41,-5.299010142844295754e-41,5.676239689440536509e-41,5.101286929528064065e-41,-4.915194493465728358e-41,-5.202740938345180821e-41,5.296768065301376046e-41,-4.985819936067699138e-41,-5.353941042645828583e-41,5.160421724722571345e-41,-5.180525779724121094e-02,5.028559539229606059e-41,5.034444992779770291e-41,-4.960876823402717394e-41,4.922060855940919962e-41,-8.280707895755767822e-02,4.992265909003593297e-41,-1.270721405744552612e-01,-2.599253877997398376e-02,-5.530925038690052979e-41,-4.996469804396567748e-41,-5.528963220839998235e-41,4.951067734152443675e-41,-4.982176560060454614e-41,5.053222392201722839e-41,-5.036827200169122480e-41,-4.909869559301294053e-41,4.991425129924998407e-41,-5.029400318308200949e-41,-5.692915141166001832e-41,-5.477815826892142412e-41,4.574787244200706482e-02,5.127210951118073181e-41,-5.013845905354195480e-41,-5.147249519157918065e-41,-5.426388173251421625e-41,5.343151044470527491e-41,-4.132569301140318024e-41,2.330707311630249023e-01,-5.016087982897115187e-41,-2.171316295862197876e-01,-5.292984559447699040e-41,-5.027718760151011169e-41,3.098270904622170544e-41,5.336985331227498296e-41,-4.906226183294049529e-41,-4.974189158813803157e-41,6.375160068273544312e-02,4.951207863998876157e-41,5.142344974532781205e-41,4.904965014676157193e-41,-6.205650249262452399e-41,5.780216035493437936e-41,9.010253101587295532e-02,1.181796789169311523e-01,4.369457811117172241e-02,5.141364065607753833e-41,5.305175856087324949e-41,-4.920239167937297699e-41,5.202881068191613303e-41,5.174294579519387034e-41,4.923322024558812297e-41,-5.122306406492936321e-41,4.930048257187571419e-41,-5.486644007217388759e-41,5.357864678345938071e-41,5.971773535566640429e-41,5.055324339898210065e-41,-5.527421792529240936e-41,-5.667972028501020088e-41,-4.968023445570773962e-41,4.935653451044870687e-41,5.072840570702270278e-41,-5.161402633647598717e-41,-5.187326655237607833e-41,5.973174834030965247e-41,9.552915394306182861e-02,9.986653923988342285e-02,-5.300131181615755607e-41,-5.389534023639678936e-41,4.970685912652991114e-41,-5.344131953395554863e-41,6.231574270852461514e-41,1.632076501846313477e-01,-2.522337436676025391e-01,6.708475947380065918e-02,-8.228388428688049316e-02,5.172472891515764772e-41,-5.218996000531348699e-41,5.926651725015381320e-41,-1.312899291515350342e-01,5.881810174156987173e-41,-5.042572523872854230e-41,-4.911971506997781279e-41
7.121549546718597412e-02,2.283579558134078979e-01,2.617994323372840881e-03,5.537465959787368774e-02,-5.240295737189085918e-41,6.126476886028100234e-41,2.409344539046287537e-02,1.580366306006908417e-02,7.619589567184448242e-02,3.470189869403839111e-02,-2.724931016564369202e-02,3.563192486763000488e-01,1.872911304235458374e-01,3.526580706238746643e-02,-8.837395161390304565e-02,3.728920593857765198e-02,1.190789416432380676e-02,1.280559599399566650e-01,1.230469495058059692e-01,4.394690319895744324e-02,7.589054107666015625e-02,1.699564903974533081e-01,1.023662164807319641e-01,3.506743907928466797e-02,-1.086978539824485779e-01,-1.017285734415054321e-01,6.181887909770011902e-02,-2.582894824445247650e-02,1.588689908385276794e-02,1.035353764891624451e-01,9.582755714654922485e-02,7.586271315813064575e-02,1.515316031873226166e-02,-7.667073607444763184e-02,4.482850432395935059e-02,5.016087982897115187e-41,1.077946461737155914e-02,1.633113250136375427e-02,1.934494450688362122e-02,1.385529804974794388e-02,8.029028028249740601e-02,2.313656657934188843e-01,4.759225994348526001e-02,1.873902529478073120e-01,3.007962182164192200e-02,3.615267574787139893e-02,2.156995981931686401e-02,7.167688012123107910e-02,-1.548220664262771606e-01,9.458865225315093994e-02,-2.165287174284458160e-02,2.751029431819915771e-01,-3.185392916202545166e-02,4.203139245510101318e-02,5.596645936666886900e-41,3.009509667754173279e-02,1.322006434202194214e-01,1.198204383254051208e-01,1.059600561857223511e-01,8.433209359645843506e-02,3.322906047105789185e-02,2.565263211727142334e-02,5.037808109094149852e-41,1.284449845552444458e-01,1.134061142802238464e-01,3.334710374474525452e-02,9.399449080228805542e-02,1.746217720210552216e-02,-4.135587811470031738e-02,5.990813672542572021e-02,1.173325181007385254e-01,5.828820168972015381e-02,4.947284228298766669e-41,-4.946023059680874334e-41,3.369809091091156006e-01,8.551388978958129883e-02,1.388016045093536377e-01,-4.992406038850025779e-41,-1.163637414574623108e-01,7.818569988012313843e-02,2.444612532854080200e-01,6.361185014247894287e-02,-5.712906271219253540e-02,-9.070079028606414795e-02,-1.084420457482337952e-01,4.129693657159805298e-02,3.664405047893524170e-01,3.180933296680450439e-01,1.885453611612319946e-01,2.176356688141822815e-02,-5.307137673937379693e-41,-4.975029937892398047e-41,-1.203182935714721680e-01,2.289858162403106689e-01,8.965096622705459595e-02,-3.979965448379516602e-01,4.964574053883552551e-02
7.327702641487121582e-02,2.308085113763809204e-01,9.170737862586975098e-02,-5.007259802571868840e-41,1.496526878327131271e-02,-5.802636810922635009e-41,-6.465965509414672852e-02,-5.394158308571950833e-41,-5.294040217995643616e-02,-5.890362337231636047e-02,-1.539521366357803345e-01,-8.224906027317047119e-02,-5.539332829476001881e-41,-4.511832818388938904e-02,7.840810716152191162e-02,5.758355779449970790e-41,5.185925356773283016e-41,3.788813576102256775e-02,6.888587772846221924e-02,5.157198738254624266e-41,3.039104118943214417e-02,1.986488467082381248e-03,1.013283953070640564e-01,-5.403687138129359589e-41,-5.334182734298848662e-41,-4.965080718795691846e-41,5.070738623005783053e-41,5.836968623298593027e-41,-5.554606982737142387e-41,1.436862647533416748e-01,5.449929987452078552e-41,5.262155993232553065e-41,1.398585271090269089e-02,1.049723848700523376e-01,4.109314456582069397e-02,-5.006278893646841468e-41,1.178784668445587158e-02,1.674250513315200806e-02,2.007402852177619934e-02,1.590856909751892090e-02,-5.064853169455618821e-41,2.360249012708663940e-01,-4.442581161856651306e-02,1.052072420716285706e-01,2.873354963958263397e-02,3.443199768662452698e-02,2.230734936892986298e-02,-1.002417039126157761e-02,6.360033154487609863e-02,-5.236652361181841394e-41,5.017209021668575041e-41,-2.255197316408157349e-01,-6.152681167310974313e-41,-5.240155607342653437e-41,5.001372471451759338e-02,1.125845592468976974e-02,-1.295833662152290344e-02,1.129768602550029755e-02,4.343720898032188416e-02,4.906786702679779456e-41,4.745268076658248901e-02,4.910990598072753907e-41,3.124436177313327789e-02,-5.457496999159432564e-41,-1.083527952432632446e-01,-5.302208662033081055e-02,-1.140897199511528015e-01,-3.335363417863845825e-02,-5.048110708594322205e-02,-3.000620566308498383e-02,-5.143606143150673541e-41,4.936213970430600614e-41,5.331630632281303406e-02,3.011397086083889008e-02,-1.816447079181671143e-01,-4.965781368027854254e-41,-9.516638703644275665e-03,5.615143076395974485e-41,-6.603410840034484863e-02,2.970208413898944855e-02,1.502163708209991455e-01,3.009509295225143433e-03,1.429528892040252686e-01,8.690564334392547607e-02,-2.011498361825942993e-01,-7.229815237224102020e-03,7.998631149530410767e-02,-1.413059532642364502e-01,3.436334803700447083e-02,1.403495073318481445e-01,-1.809011027216911316e-02,-2.286440692842006683e-02,5.510674789547920227e-02,1.938977278769016266e-02,4.901636391878128052e-03,3.065223693847656250e-01,-1.417162716388702393e-01
7.425472885370254517e-02,2.297442555427551270e-01,-6.635576486587524414e-02,-5.295787156376348674e-41,-1.609078198671340942e-01,-5.255990279989523870e-41,-6.458985805511474609e-02,5.991391714067187868e-41,-5.316803231835365295e-02,-5.708326771855354309e-02,-6.419891864061355591e-02,-1.799313277006149292e-01,-6.275154653092963325e-41,4.331847280263900757e-02,7.663220912218093872e-02,-4.919258259012270327e-41,-5.114739394785582309e-41,-1.055648177862167358e-01,1.098737940192222595e-01,-1.086466480046510696e-02,-3.327840194106101990e-02,-6.350734084844589233e-02,1.307887025177478790e-02,-5.515090366043182546e-41,2.778002433478832245e-02,5.984805611284861228e-41,2.491895295679569244e-02,5.459458817009487308e-41,6.106195971369743347e-02,-3.614223301410675049e-01,4.322246089577674866e-02,-4.510694369673728943e-02,1.414090115576982498e-02,1.076388731598854065e-01,4.380380734801292419e-02,-5.240890011191368103e-02,1.371232606470584869e-02,1.587247103452682495e-02,1.687208563089370728e-02,1.289875898510217667e-02,-4.929627867648273974e-41,1.359897702932357788e-01,4.534829780459403992e-02,-2.096595019102096558e-01,2.644857577979564667e-02,3.585205599665641785e-02,-6.470634043216705322e-02,-1.715010851621627808e-01,6.303882598876953125e-02,5.559791787055144211e-41,-2.296728640794754028e-02,-1.264138370752334595e-01,-5.181441201687443601e-41,-5.245620671353520223e-41,4.781285673379898071e-02,-1.764702349901199341e-01,-1.483765244483947754e-02,1.100333407521247864e-02,4.088698700070381165e-02,-4.907767611604806827e-41,-2.643991410732269287e-01,-5.088955503042005675e-41,3.351233154535293579e-02,4.416622966527938843e-02,1.145879849791526794e-01,-5.336603894829750061e-02,-7.770185172557830811e-02,3.202098980545997620e-02,8.841266855597496033e-03,-6.881338357925415039e-02,-6.211956092351914075e-41,5.404107527668657034e-41,4.874244332313537598e-02,2.942115254700183868e-02,-2.890922725200653076e-01,-5.555167502122872314e-41,-9.078776091337203979e-02,-5.268041446782717296e-41,2.553547546267509460e-02,4.456894099712371826e-02,1.494923681020736694e-01,4.171140957623720169e-03,2.303690612316131592e-01,9.097063541412353516e-02,9.068691730499267578e-02,-3.189232572913169861e-02,1.629880815744400024e-01,3.280995190143585205e-01,2.142011746764183044e-02,1.401852220296859741e-01,-2.203015983104705811e-02,-2.368839830160140991e-02,5.552373826503753662e-02,1.188313867896795273e-02,-1.728877238929271698e-02,3.045439720153808594e-01,-1.423948258161544800e-01
7.195594906806945801e-02,-3.112444877624511719e-01,1.069155484437942505e-01,3.027563169598579407e-02,-2.627058140933513641e-02,-5.578709316323529241e-41,-6.463069468736648560e-02,-4.916455662083620693e-41,4.285261407494544983e-02,3.578657656908035278e-02,1.349502056837081909e-01,2.702741920948028564e-01,-8.134693652391433716e-02,3.858845680952072144e-02,8.213795721530914307e-02,-6.300237895604377551e-41,-5.006979542879003876e-41,-4.119089618325233459e-02,2.127840556204319000e-02,6.818826496601104736e-02,5.151783674955368042e-02,2.346018254756927490e-01,9.895756095647811890e-02,5.753311104978401448e-41,1.270721107721328735e-01,-4.212509468197822571e-02,-4.648527503013610840e-02,3.759586066007614136e-02,1.891968958079814911e-02,-2.284105122089385986e-01,-1.813676208257675171e-02,-9.066811762750148773e-03,1.474202331155538559e-02,-7.713025063276290894e-02,4.211032390594482422e-02,1.766389980912208557e-02,1.288302615284919739e-02,1.411782205104827881e-02,1.926304399967193604e-02,1.491712685674428940e-02,-9.789308160543441772e-02,3.184573054313659668e-01,4.379667341709136963e-02,-2.117238342761993408e-01,2.977790124714374542e-02,3.499992564320564270e-02,2.162175253033638000e-02,7.081355154514312744e-02,6.684183329343795776e-02,5.071859661777242907e-41,-2.079435437917709351e-02,9.009360522031784058e-02,-2.504846826195716858e-02,5.677360728211996363e-41,5.786241618890034649e-41,1.096380203962326050e-01,9.597314149141311646e-02,1.122764274477958679e-01,4.351465404033660889e-02,-1.642484217882156372e-02,4.741907864809036255e-02,5.378183506078647918e-41,5.873122123678173308e-41,4.172180965542793274e-02,-7.096591591835021973e-02,-5.355865880846977234e-02,9.511124342679977417e-02,2.275796420872211456e-02,5.812750197947025299e-03,1.891290582716464996e-02,4.904824884829724712e-41,4.912672156229943687e-41,5.210307950052534833e-41,-5.213951326059779357e-41,1.240659356117248535e-01,-5.030241097386795839e-41,-1.524548325687646866e-02,5.558530618437251875e-41,2.576217055320739746e-02,3.144836053252220154e-02,1.513877362012863159e-01,1.006772965192794800e-01,3.862512111663818359e-01,8.872488886117935181e-02,8.957850188016891479e-02,1.549605429172515869e-01,2.529335618019104004e-01,2.028326094150543213e-01,1.467089354991912842e-01,2.816199511289596558e-02,5.467165958563273802e-41,6.026564305521740777e-41,5.583476647734642029e-02,1.693301051855087280e-01,-1.394176576286554337e-02,3.034396171569824219e-01,4.925931245088577271e-02
6.036793784311311942e-41,-5.626633723803437985e-41,5.972894574338100283e-41,-5.003616426564624315e-41,-5.231887946403137016e-41,-4.979514092978237462e-41,2.364021353423595428e-02,5.181441201687443601e-41,-1.086504831910133362e-01,3.427104279398918152e-02,5.829121351898374052e-41,5.131554976357480114e-41,5.674418001436914247e-41,5.489026214606740949e-41,5.145988350540025730e-41,-5.416579084001147906e-41,5.010062399500518474e-41,5.825898365430426972e-41,-5.258200317621231079e-02,-5.246321320585682632e-41,2.450265549123287201e-02,8.175702393054962158e-02,4.908748520529834199e-41,3.571605682373046875e-02,-4.949105916302388931e-41,-4.973628639428073230e-41,-5.557689839358656985e-41,5.066254467919943638e-41,5.026597721379551315e-41,-5.225441973467242857e-41,-5.174995228751549443e-41,-4.977692404974615199e-41,-4.925283842408867041e-41,-5.042712653719286711e-41,4.420449584722518921e-02,-4.919818778398000254e-41,-4.947003968605901705e-41,-5.053082262355290358e-41,5.651716966314852210e-41,-4.972927990195910821e-41,-4.906926832526211937e-41,1.227084025740623474e-01,5.454274012691485485e-41,5.466185049638246430e-41,-4.918277350087242956e-41,5.273786770486449046e-41,5.438579469891047534e-41,6.043660146786503545e-41,6.378336995840072632e-02,4.899649322032928467e-02,6.324391812086105347e-02,-1.828323677182197571e-02,5.758355779449970790e-41,5.771247725321759107e-41,-5.021132657368684529e-41,6.262823226606904935e-41,1.413933932781219482e-02,1.194877028465270996e-01,5.558390488590819394e-41,-5.628455411807060247e-41,-4.947564487991631632e-41,5.286678716358237363e-41,5.308679102248136991e-41,-5.209747430666804906e-41,5.309239621633866918e-41,-5.285697807433209992e-41,4.910149818994159017e-41,4.935653451044870687e-41,3.742868825793266296e-02,-2.834121137857437134e-02,-5.955538898706436157e-02,-4.992966558235755705e-41,-5.154956660711704559e-41,4.916175402390755730e-41,2.525055754805460873e-40,1.782970127052967497e-40,-4.942379683673629809e-41,5.918384064075864899e-41,-5.299430532383593199e-41,2.086322009563446045e-02,5.504929646849632263e-02,5.086012776266923559e-41,5.128612249582397998e-41,-4.991565259771430888e-41,5.211709248516859650e-41,-5.651156446929122284e-41,6.364000588655471802e-02,2.543442547321319580e-01,3.331014886498451233e-02,-5.397941814425627839e-41,-5.130714197278885223e-41,5.868077449206603966e-41,5.008520971189761175e-41,5.319961346685886383e-03,-1.347570680081844330e-02,-2.518493533134460449e-01,-5.208065872509615126e-41
7.071524858474731445e-02,2.281293421983718872e-01,-4.224416613578796387e-02,5.587360635399818420e-02,-3.491663336753845215e-01,3.416328132152557373e-02,2.246123738586902618e-02,1.699171587824821472e-02,-1.480254624038934708e-02,3.463897854089736938e-02,-1.089618504047393799e-01,2.347805947065353394e-01,-8.025944232940673828e-02,-1.296327561140060425e-01,7.327321171760559082e-02,-4.938175788280655358e-41,1.071993708610534668e-01,3.595534712076187134e-02,8.689408004283905029e-02,-1.977714747190475464e-01,-1.214694976806640625e-01,1.606902629137039185e-01,-1.702741384506225586e-01,4.966622147106449144e-41,-1.664166450500488281e-01,-1.721409149467945099e-02,-7.175995409488677979e-02,5.484102293848991394e-02,2.224193699657917023e-02,6.764614582061767578e-02,4.514573886990547180e-02,-1.566903665661811829e-02,1.531293895095586777e-02,1.054542660713195801e-01,4.796395078301429749e-02,1.410179771482944489e-02,1.135760452598333359e-02,1.539257820695638657e-02,1.974355801939964294e-02,1.321494113653898239e-02,-8.881811983883380890e-03,3.583880364894866943e-01,4.697372019290924072e-02,1.023755967617034912e-01,-5.917735025286674500e-02,3.425802290439605713e-02,-6.570548564195632935e-02,7.066124677658081055e-02,-1.507674902677536011e-01,1.331207435578107834e-02,-2.049360424280166626e-02,-2.852504849433898926e-01,-1.114818826317787170e-01,4.361801594495773315e-02,-3.639403358101844788e-02,3.085728175938129425e-02,5.249655991792678833e-02,1.450477391481399536e-01,-6.137916818261146545e-02,-1.164494380354881287e-01,3.239611908793449402e-02,3.019946627318859100e-02,3.807436302304267883e-02,1.263712495565414429e-01,2.394767105579376221e-02,-5.417760461568832397e-02,1.605717651546001434e-02,1.102840006351470947e-01,3.514150530099868774e-02,6.109359115362167358e-02,-5.330275371670722961e-02,6.015532463788986206e-02,-3.348438814282417297e-02,2.686800807714462280e-02,3.404706418514251709e-01,4.852216807194054127e-04,-5.650927871465682983e-02,-5.508924652800153351e-41,5.613044649362564087e-02,-1.146915331482887268e-01,1.497089713811874390e-01,1.477978229522705078e-01,3.850189447402954102e-01,8.865995705127716064e-02,8.917448669672012329e-02,2.192886471748352051e-01,8.649580180644989014e-02,-1.240171771496534348e-02,3.098680675029754639e-01,-1.756426692008972168e-01,5.932392552495002747e-02,-2.365840598940849304e-02,5.682328343391418457e-02,9.312143176794052124e-02,1.429007109254598618e-02,-2.322691865265369415e-02,-4.449648782610893250e-02
7.212071120738983154e-02,2.243667989969253540e-01,-1.910907216370105743e-03,3.214355558156967163e-02,4.912391896537078724e-41,5.627894892421330320e-41,-6.424572318792343140e-02,1.691646873950958252e-02,4.221570864319801331e-02,-5.595641955733299255e-02,4.596869274973869324e-02,5.017581209540367126e-02,5.005578244414679059e-41,4.221190884709358215e-02,7.873084396123886108e-02,-5.505701666332206272e-41,5.772368764093218960e-41,5.228710547089576721e-02,6.883828341960906982e-02,1.516701132059097290e-01,3.292208164930343628e-02,3.454111889004707336e-02,9.973828494548797607e-02,5.726266044616932479e-41,-5.412587895989418030e-02,-4.339976981282234192e-02,7.379436492919921875e-02,3.782825544476509094e-02,7.888727821409702301e-03,9.569802321493625641e-03,-1.360410638153553009e-02,7.454902678728103638e-02,1.215452887117862701e-02,1.067189425230026245e-01,4.638842120766639709e-02,5.130433937586020260e-41,1.193813513964414597e-02,1.458625774830579758e-02,1.930246688425540924e-02,1.331544294953346252e-02,1.232263166457414627e-03,6.045874580740928650e-02,4.356469959020614624e-02,1.035848036408424377e-01,2.782603353261947632e-02,3.757575526833534241e-02,2.121910452842712402e-02,7.268249988555908203e-02,6.057643890380859375e-02,-1.062660677436081778e-40,2.937962360303411471e-41,7.623180747032165527e-02,6.409425288438796997e-02,4.909589299608429090e-41,-5.072700440855837797e-41,1.114492639899253845e-01,-3.243474662303924561e-02,7.855451665818691254e-03,-4.841764643788337708e-02,-6.150558590888977051e-02,4.762754961848258972e-02,-4.906226183294049529e-41,5.943327176740846643e-41,-3.495894744992256165e-02,6.238503381609916687e-02,3.879493102431297302e-02,4.735006019473075867e-02,3.186735883355140686e-02,1.261887606233358383e-02,1.860540919005870819e-02,5.530364519304323052e-41,-5.024635903529496571e-41,-4.968023445570773962e-41,-5.973455093723830210e-41,1.245251074433326721e-01,5.435356483423100455e-41,-1.631399095058441162e-01,5.132255625589642522e-41,-3.044214844703674316e-02,3.055220842361450195e-02,1.499260067939758301e-01,-3.870614990592002869e-02,3.852077126502990723e-01,8.988843858242034912e-02,8.939697593450546265e-02,1.565725356340408325e-01,8.621172606945037842e-02,4.355703294277191162e-01,2.158541046082973480e-02,-7.367724180221557617e-02,4.978393054206777608e-41,4.923322024558812297e-41,5.673719942569732666e-02,1.258763968944549561e-01,9.160207957029342651e-02,3.116287291049957275e-01,4.897219315171241760e-02
-4.923322024558812297e-41,5.078305634713137065e-41,-5.152154063783054925e-41,1.629205646562605319e-40,-5.524198806061293857e-41,-6.183789993218985252e-41,-5.015387333664952779e-41,5.140102896989861498e-41,-5.989710155909998088e-41,-5.616824634553164265e-41,-4.014271497726440430e-02,-3.660956025123596191e-01,5.715335916595198905e-41,-4.968443835110071407e-41,5.411534409529578564e-41,-5.054483560819615175e-41,-6.127037405413830161e-41,-5.759476818221430643e-41,-4.935653451044870687e-41,5.338106369998958150e-41,6.052628456958182374e-41,5.257952097839578614e-41,-5.085031867341896187e-41,-5.175695877983711851e-41,-6.185331421529742551e-41,-5.205263275580965492e-41,-4.927245660258921785e-41,-5.557829969205089467e-41,5.308819232094569473e-41,-9.690967202186584473e-02,-5.248143008589304894e-41,-5.816649795565883180e-41,-4.910149818994159017e-41,4.953730201234660827e-41,-5.047897458037288535e-41,4.301663986830393700e-40,5.790445514283009100e-41,5.002915777332461907e-41,-4.966902406799314108e-41,-1.196666849579464034e-40,-5.336705071534633333e-41,1.931492686271667480e-01,5.466044919791813949e-41,-1.868105493485927582e-02,-4.906506442986914492e-41,5.029960837693930876e-41,4.951908513231038565e-41,-5.871580695367416009e-41,4.909869559301294053e-41,-5.535409193775892394e-41,-5.480338164127927083e-41,4.904684754983292230e-41,5.506682575257233644e-41,5.618366062863921564e-41,-5.575906719394879607e-41,-1.291585862636566162e-01,-5.025336552761658980e-41,5.236512231335408912e-41,-4.972087211117315931e-41,-4.923181894712379815e-41,-5.103388877224551291e-41,4.927105530412489303e-41,5.177517565987334114e-41,5.257391578453848687e-41,-5.248843657821467303e-41,-5.071018882698648016e-41,1.754061339733946520e-40,-6.033430667996932381e-41,-5.299010142844295754e-41,5.039629797097772114e-41,-5.245200281814222778e-41,-4.906226183294049529e-41,-5.838089662070052881e-41,-4.998992141632352419e-41,6.121852601095828338e-41,-6.206350898494614807e-41,4.982737079446184541e-41,4.931309425805463754e-41,4.907767611604806827e-41,1.070713996887207031e-01,1.213757544755935669e-01,-6.251893098585171362e-41,5.071859661777242907e-41,1.286181795480533349e-40,5.262155993232553065e-41,5.260194175382498321e-41,2.046214193105697632e-01,-5.951734967526795545e-41,-2.087234062611815027e-41,-5.329418319520144284e-41,-5.948511981058848466e-41,5.245620671353520223e-41,5.333622214913118735e-41,5.741680327724505466e-41,-4.956813057856175425e-41,5.100586280295901656e-41,5.076343816863082321e-41
-1.367111504077911377e-01,-9.198971837759017944e-02,8.701936900615692139e-02,5.684224143624305725e-02,-8.418630957603454590e-01,-4.555139318108558655e-02,1.915620081126689911e-02,1.461256202310323715e-02,-1.951104402542114258e-02,-5.785775184631347656e-02,-2.448555678129196167e-01,-1.504731327295303345e-01,-1.703690141439437866e-01,-5.520285293459892273e-02,7.657451182603836060e-02,3.471982106566429138e-02,1.056606993079185486e-01,-4.663546755909919739e-02,-1.105562597513198853e-01,-3.176675140857696533e-01,-1.198369190096855164e-01,-3.811181783676147461e-01,1.172207668423652649e-02,-4.910438880324363708e-02,-1.012905407696962357e-02,-1.014234498143196106e-01,-1.944184675812721252e-02,-2.006984874606132507e-02,-1.570434123277664185e-01,1.446441560983657837e-01,-1.317443698644638062e-01,3.329612687230110168e-02,1.129765622317790985e-02,1.066678017377853394e-01,-1.259495019912719727e-01,-6.213705614209175110e-02,1.433497201651334763e-02,1.110277604311704636e-02,1.831361837685108185e-02,1.528983935713768005e-02,-9.513765573501586914e-02,-7.166032213717699051e-03,-4.137699678540229797e-02,-3.525426611304283142e-02,2.904523350298404694e-02,3.432363644242286682e-02,2.182745374739170074e-02,7.142517715692520142e-02,6.540365517139434814e-02,-7.089650630950927734e-02,-2.154765650629997253e-02,-2.286080420017242432e-01,-1.120763942599296570e-01,-4.232660681009292603e-02,-2.894409559667110443e-02,-9.783641248941421509e-02,-1.337457746267318726e-01,1.071357075124979019e-02,1.760725677013397217e-02,-6.788137555122375488e-02,-5.238436907529830933e-02,-1.348928660154342651e-01,-4.657402634620666504e-02,6.297265738248825073e-02,-7.139185816049575806e-02,-5.338281020522117615e-02,6.132599432021379471e-03,-6.157390773296356201e-02,-4.302970692515373230e-02,-2.567359618842601776e-02,1.150343045592308044e-01,-2.514475397765636444e-02,-3.212355822324752808e-02,2.988053485751152039e-02,3.101490065455436707e-02,-8.497951924800872803e-02,-2.998436093330383301e-01,-3.764528036117553711e-02,5.435823276638984680e-02,-2.072652280330657959e-01,1.753232926130294800e-01,4.158290103077888489e-02,3.133754134178161621e-01,7.943780161440372467e-03,9.031390398740768433e-02,1.454929262399673462e-01,-9.739049524068832397e-02,-1.340992301702499390e-01,5.936593189835548401e-02,-1.784894615411758423e-01,-1.724903844296932220e-02,-2.399929240345954895e-02,5.379567667841911316e-02,-3.861155509948730469e-01,-9.874239563941955566e-02,-2.528510391712188721e-01,-1.413739025592803955e-01
-4.933691633194815943e-41,5.985085870977726192e-41,-4.910289948840591498e-41,-5.090216671659898010e-41,-6.101113383823821045e-41,-5.082229270413246553e-41,5.255569890450226424e-41,-5.003896686257489279e-41,-4.997730973014460083e-41,-5.185084577694688126e-41,-6.246598437428474426e-02,-9.090322256088256836e-02,-5.032483174929715547e-41,4.317357018589973450e-02,6.242924788413492533e-41,-5.394018178725518351e-41,-5.156498089022461858e-41,4.954570980313255718e-41,-1.299740970134735107e-01,-1.351788192987442017e-01,-6.292797625064849854e-02,-1.756958663463592529e-01,4.909729429454861571e-41,-6.003302751013948814e-41,-6.055673956871032715e-02,-5.041451485101394376e-41,2.267718873918056488e-02,5.712112930127251826e-41,-6.279498678332370258e-41,-7.527501881122589111e-02,-5.745043444038885027e-41,-5.134637832978994711e-41,5.830802910055563832e-41,4.941258644902169955e-41,4.382017999887466431e-02,-5.897224457264560161e-41,5.607576064688620473e-41,4.980915391442562279e-41,-5.114879524632014791e-41,-6.208452846191102033e-41,-6.113725070002744399e-41,-3.226653635501861572e-01,-5.213390806674049431e-41,-3.211085200309753418e-01,5.624391646260518278e-41,-5.029260188461768468e-41,5.785120580118574796e-41,4.976010846817425419e-41,-1.504561752080917358e-01,5.041031095562096931e-41,-5.656901770632854034e-41,-5.036406810629825035e-41,9.362635559539832778e-41,5.259073136611038467e-41,-1.490364994717302444e-40,8.351851254701614380e-02,-3.324119746685028076e-02,1.264756079763174057e-02,4.182839393615722656e-02,5.431152588030126003e-41,-4.724824056029319763e-02,6.255676604438848368e-41,-4.941258644902169955e-41,4.003231972455978394e-02,-7.415968179702758789e-02,4.905665663908319602e-41,-2.603780702531229096e-40,-3.523567691445350647e-02,-5.524338935907726339e-41,-5.869478747670928783e-41,-4.907347222065509382e-41,-5.115299914171312236e-41,5.161262503801166236e-41,4.933971892887680907e-41,-3.948162123560905457e-02,-1.593570626614825221e-40,8.436895906925201416e-02,4.912111636844213760e-41,-4.997730973014460083e-41,-6.815960258245468140e-02,-2.270778454840183258e-02,6.229192063463109325e-41,5.364310651281832229e-41,5.056024989130372474e-41,-4.906366313140482010e-41,-5.042712653719286711e-41,-3.184893131256103516e-01,-3.669549822807312012e-01,-6.454449146986007690e-02,-8.334045857191085815e-02,-5.601410351445591278e-41,4.955832148931148053e-41,4.904824884829724712e-41,5.143663287162780762e-02,-5.576467238780609534e-41,-7.850835472345352173e-02,5.736495523406503643e-41
6.986226141452789307e-02,2.289028912782669067e-01,9.190244227647781372e-02,2.706790529191493988e-02,1.581495404243469238e-01,-5.856306542106275503e-41,2.267387695610523224e-02,-5.053923041433885248e-41,-1.873010396957397461e-02,3.392682224512100220e-02,3.439562320709228516e-01,3.763260245323181152e-01,1.058437228202819824e-01,4.285782948136329651e-02,7.775776088237762451e-02,3.395906698444761690e-41,-4.951908513231038565e-41,1.188685894012451172e-01,1.087561994791030884e-01,7.204447686672210693e-02,5.268888175487518311e-02,2.521175444126129150e-01,1.028106361627578735e-01,3.528291359543800354e-02,1.310575753450393677e-01,4.810445383191108704e-02,1.222929656505584717e-01,2.951383776962757111e-02,1.173503026366233826e-01,4.288214147090911865e-01,7.545253634452819824e-02,7.529029995203018188e-02,1.408472005277872086e-02,1.087351217865943909e-01,4.561718180775642395e-02,1.008684560656547546e-01,1.269971393048763275e-02,-6.885292381048202515e-02,1.790000870823860168e-02,1.680585928261280060e-02,8.030223846435546875e-02,2.416130900382995605e-01,-1.337096393108367920e-01,1.022562980651855469e-01,2.867534197866916656e-02,3.667974844574928284e-02,2.037078514695167542e-02,7.301279902458190918e-02,-4.560231789946556091e-02,4.447185620665550232e-02,5.304755466548027504e-41,7.183960825204849243e-02,6.466349214315414429e-02,4.910430078687023980e-41,4.745021462440490723e-02,1.185980737209320068e-01,8.907408267259597778e-02,2.872188342735171318e-03,4.225108399987220764e-02,8.626577258110046387e-02,1.538674384355545044e-01,2.064307928085327148e-01,3.683306649327278137e-02,4.635169357061386108e-02,9.709862619638442993e-02,4.199543595314025879e-02,9.236896038055419922e-02,5.912716314196586609e-02,3.586687147617340088e-02,6.413576006889343262e-02,1.151365265250205994e-01,-5.058967715905454589e-41,4.907294362783432007e-02,2.878304757177829742e-02,1.552693098783493042e-01,9.047895669937133789e-02,5.427005887031555176e-01,1.344662159681320190e-01,-6.453714519739151001e-02,2.081941962242126465e-01,1.500104218721389771e-01,9.934277087450027466e-02,-3.473948687314987183e-02,7.308740168809890747e-03,9.033004939556121826e-02,1.589784175157546997e-01,2.368926405906677246e-01,4.076360762119293213e-01,1.007028147578239441e-01,1.409534811973571777e-01,-2.187526784837245941e-02,5.718764662742614746e-02,5.451947823166847229e-02,3.910348415374755859e-01,8.066703379154205322e-02,-3.920977190136909485e-02,4.555854573845863342e-02
5.835006805448538283e-41,-4.932430464576923608e-41,-7.781191915273666382e-02,4.912111636844213760e-41,-4.924583193176704632e-41,-4.905945923601184565e-41,-4.906226183294049529e-41,-5.011884087504140736e-41,5.507383224489396052e-41,4.990584350846403516e-41,-1.696322113275527954e-01,-2.748549282550811768e-01,-3.077208250761032104e-02,-5.105886608362197876e-02,-5.589078924959532887e-41,5.705526827344925186e-41,1.082586422562599182e-01,4.273960316190692066e-41,-2.348178476095199585e-01,9.387795627117156982e-02,-9.668651968240737915e-02,-5.517337843775749207e-02,5.451891805302133296e-41,5.238754308878328620e-41,5.121325497567908949e-41,5.035005512165500218e-41,4.950647344613146230e-41,5.400183891968547546e-41,5.983328446745872498e-02,-4.970826042499423596e-41,-4.964520199409961919e-41,-4.952889422156065937e-41,-5.270703913864934449e-41,4.945182280602279443e-41,4.908188001144104273e-41,-5.047477068497991089e-41,-5.900307313886074759e-41,2.861101139535195255e-40,5.025196422915226498e-41,5.122306406492936321e-41,5.543116335329678887e-41,2.515868544578552246e-01,-5.215072364831239211e-41,-1.041108965873718262e-01,5.724164096920445253e-41,-5.611359570542297479e-41,-4.905245274369022157e-41,-5.333341955220253772e-41,4.906786702679779456e-41,5.047196808805126126e-41,5.947531072133821094e-41,5.138701598525536681e-41,5.091057450738492900e-41,5.118663030485691797e-41,-4.925984491641029449e-41,8.274285495281219482e-02,5.064617469906806946e-02,1.265498809516429901e-02,1.070510670542716980e-01,-1.172911748290061951e-01,6.261982447528310045e-41,-4.910710338379888943e-41,-5.057286157748264809e-41,5.097643553520819541e-41,-5.253327812907306717e-41,-5.381406492546594997e-41,-5.275047939104341382e-41,-5.954817824148310143e-41,5.134777962825427193e-41,4.917856960547945510e-41,6.049965989875965222e-41,-4.939717216591412657e-41,4.907347222065509382e-41,5.621869309024733607e-41,-5.123707704957261138e-41,5.043413302951449120e-41,-5.034164733086905327e-41,-5.134077313593264784e-41,-5.106892123385363333e-41,-2.363401800394058228e-01,5.340088531374931335e-02,-4.983998248064076876e-41,-5.107172383078228297e-41,5.147109389311485583e-41,-5.147529778850783028e-41,5.101567189220929028e-41,-1.872596442699432373e-01,-4.224244058132171631e-01,8.258665353059768677e-02,3.536965698003768921e-02,-5.025196422915226498e-41,5.999238985467406844e-41,4.917156311315783102e-41,-1.039237007498741150e-01,-5.863032774735034625e-41,5.037387719554852407e-41,5.328717670287981876e-41
7.026237249374389648e-02,2.299540936946868896e-01,9.224292635917663574e-02,5.733592435717582703e-02,6.057404354214668274e-02,6.058654040354779088e-41,-3.764517605304718018e-02,1.490299776196479797e-02,7.546570897102355957e-02,3.537756577134132385e-02,2.288272082805633545e-01,2.633403539657592773e-01,8.558954112231731415e-03,4.181325808167457581e-02,7.811440527439117432e-02,3.369450196623802185e-02,-5.226703142085135193e-41,4.484855011105537415e-02,1.081246584653854370e-01,-4.651545360684394836e-02,5.459212511777877808e-02,3.260416686534881592e-01,1.029240041971206665e-01,3.544976934790611267e-02,1.252908855676651001e-01,5.401304930740007400e-41,-7.726298063062131405e-04,-5.065974208227078675e-41,-1.151428595185279846e-01,1.407798472791910172e-02,-4.567490890622138977e-02,-5.483451858162879944e-02,1.348064467310905457e-02,-1.664235889911651611e-01,4.448442161083221436e-02,1.006028205156326294e-01,1.477501448243856430e-02,1.513972412794828415e-02,2.001299709081649780e-02,1.467844098806381226e-02,1.638557910919189453e-01,2.355682551860809326e-01,4.730607941746711731e-02,1.032494083046913147e-01,2.896339073777198792e-02,3.616299480199813843e-02,2.154777944087982178e-02,7.177875190973281860e-02,6.079906225204467773e-02,4.402406513690948486e-02,-2.142838016152381897e-02,1.093350499868392944e-01,-2.645071223378181458e-02,-9.023583680391311646e-02,-3.570234775543212891e-02,1.111763268709182739e-01,1.496475338935852051e-01,-2.074079960584640503e-02,1.079028844833374023e-01,-1.192613691091537476e-01,5.382475629448890686e-02,2.844223082065582275e-01,3.744296357035636902e-02,7.223257422447204590e-02,7.579295337200164795e-02,-5.300460383296012878e-02,9.471173584461212158e-02,1.460076123476028442e-01,3.843938931822776794e-02,6.385935842990875244e-02,2.833959087729454041e-02,-2.965660020709037781e-02,-3.432626649737358093e-02,2.989812381565570831e-02,1.108473688364028931e-01,8.837053179740905762e-02,2.763358056545257568e-01,3.292259760200977325e-03,5.428466200828552246e-02,-1.324856877326965332e-01,1.493070721626281738e-01,1.310570091009140015e-01,3.848988711833953857e-01,-6.862804759293794632e-03,8.978080749511718750e-02,-4.576591402292251587e-02,1.658065021038055420e-01,4.843115508556365967e-01,1.342789381742477417e-01,1.398186832666397095e-01,5.939021706581115723e-02,5.912868306040763855e-02,5.681626871228218079e-02,3.654138445854187012e-01,-5.891894921660423279e-02,3.088394105434417725e-01,4.448560625314712524e-02
-3.543196246027946472e-02,2.288983315229415894e-01,8.199413307011127472e-03,5.783821642398834229e-02,5.000393440096677236e-41,4.917016181469350620e-41,2.226065099239349365e-02,1.474747247993946075e-02,7.614361494779586792e-02,3.474855795502662659e-02,6.093995273113250732e-02,5.358278751373291016e-01,1.048579439520835876e-01,4.231280833482742310e-02,7.696647942066192627e-02,3.197332099080085754e-02,-1.416642682509173818e-40,1.231869012117385864e-01,1.042137816548347473e-01,1.242372319102287292e-01,5.278744176030158997e-02,3.056084811687469482e-01,1.024461612105369568e-01,-5.300077050924301147e-02,6.011062115430831909e-02,7.139043509960174561e-02,6.079226732254028320e-02,5.454952642321586609e-02,1.195602416992187500e-01,2.545925378799438477e-01,1.287933737039566040e-01,7.562825828790664673e-02,1.456027943640947342e-02,1.079721599817276001e-01,4.755795747041702271e-02,6.033710927689797344e-41,1.166374981403350830e-02,1.650520786643028259e-02,1.965077221393585205e-02,1.292502786964178085e-02,-7.077018730342388153e-03,3.170208632946014404e-01,-1.427651047706604004e-01,1.046410799026489258e-01,2.965030446648597717e-02,3.681020066142082214e-02,1.981840096414089203e-02,7.181311398744583130e-02,-4.565902054309844971e-02,1.802826672792434692e-01,-2.260322310030460358e-02,2.140628844499588013e-01,1.049773767590522766e-01,4.326097667217254639e-02,-5.136319391136184492e-41,1.131718084216117859e-01,8.900728076696395874e-02,4.158404096961021423e-02,4.212535172700881958e-02,8.518607169389724731e-02,2.980810031294822693e-02,1.305836886167526245e-01,5.246461450432115114e-41,4.706009849905967712e-02,2.068997174501419067e-02,-4.635307192802429199e-02,-7.951296120882034302e-02,1.122877225279808044e-01,3.839180245995521545e-02,6.279245018959045410e-02,2.985505759716033936e-02,5.820114165544509888e-02,4.985539676374834175e-41,5.009221620421923583e-41,2.585615813732147217e-01,8.911732584238052368e-02,4.789374172687530518e-01,-3.558583930134773254e-02,5.267229676246643066e-02,2.063069790601730347e-01,1.484861820936203003e-01,1.503864228725433350e-01,2.076630145311355591e-01,8.957897871732711792e-02,9.125690162181854248e-02,4.559801891446113586e-02,1.601019948720932007e-01,5.044484734535217285e-01,6.814717501401901245e-02,1.400140821933746338e-01,-4.927385790105354266e-41,-5.348616108481394278e-41,5.194163322448730469e-02,2.817783355712890625e-01,9.485158324241638184e-02,3.547922372817993164e-01,4.819754883646965027e-02
5.993811786174774170e-02,2.306787818670272827e-01,-3.732213377952575684e-02,5.840989202260971069e-02,-4.934112022734113388e-41,1.087496578693389893e-01,2.161438763141632080e-02,1.427101902663707733e-02,7.617858052253723145e-02,-5.779239535331726074e-02,3.076680004596710205e-01,3.193258345127105713e-01,9.936208277940750122e-02,7.642610371112823486e-02,7.699941098690032959e-02,-4.276995733380317688e-02,3.976575285196304321e-02,-2.563812136650085449e-01,1.242512091994285583e-01,-1.316048502922058105e-01,7.712014019489288330e-02,1.286263763904571533e-01,1.014957353472709656e-01,3.411524742841720581e-02,6.480003893375396729e-02,-1.004720777273178101e-01,-1.130755096673965454e-01,-3.303305059671401978e-02,3.676049783825874329e-02,3.652004059404134750e-03,-4.266827553510665894e-02,7.559334486722946167e-02,1.572648994624614716e-02,1.294857542961835861e-02,4.373985528945922852e-02,-5.464503491481056650e-41,1.419124566018581390e-02,-6.858152151107788086e-02,-6.654384732246398926e-02,-6.755179166793823242e-02,8.470519632101058960e-02,4.170552492141723633e-01,4.678786173462867737e-02,1.027445048093795776e-01,-5.035986421090527589e-41,3.376382216811180115e-02,-4.966902406799314108e-41,5.292424040061969113e-41,-4.213357344269752502e-02,-1.468463987112045288e-01,-2.304469235241413116e-02,-8.181590586900711060e-02,8.029922097921371460e-02,4.375062882900238037e-02,-5.924409647472461612e-41,1.223976351320743561e-02,8.457114547491073608e-02,9.249468147754669189e-02,1.098971366882324219e-01,8.119961619377136230e-02,-2.223607897758483887e-02,1.475379317998886108e-01,5.278551185265153424e-41,1.237193495035171509e-01,1.125245541334152222e-01,3.870638459920883179e-02,-7.563963532447814941e-02,2.217699401080608368e-02,3.745224326848983765e-02,-2.864504233002662659e-02,3.062115982174873352e-02,5.887606367468833923e-02,5.005438114568246577e-41,-5.357023899267343180e-41,3.443358093500137329e-02,-4.196822643280029297e-02,3.213139474391937256e-01,1.204389855265617371e-01,5.476143211126327515e-02,7.715842127799987793e-02,3.807678073644638062e-02,-2.162210494279861450e-01,-3.988294899463653564e-01,9.003618359565734863e-02,9.176101535558700562e-02,3.823537379503250122e-02,3.642120957374572754e-01,3.544792234897613525e-01,-3.243658691644668579e-02,3.452013805508613586e-02,5.372578312221348650e-41,-4.908328130990536754e-41,5.475980415940284729e-02,6.185095757246017456e-02,1.509995665401220322e-03,-4.262597486376762390e-02,-1.403747946023941040e-01
7.238668948411941528e-02,-9.073493629693984985e-02,-3.525416832417249680e-04,5.687301605939865112e-02,-7.205713074654340744e-03,-4.911551117458483834e-41,-6.484895199537277222e-02,-4.912111636844213760e-41,7.698946446180343628e-02,-5.580454319715499878e-02,1.456353366374969482e-01,5.290434360504150391e-01,8.024073205888271332e-03,-5.143406242132186890e-02,-9.658253751695156097e-03,-4.540957137942314148e-02,-4.950647344613146230e-41,-5.473627150058746338e-02,-8.949071168899536133e-02,-4.400443658232688904e-02,-3.991677984595298767e-02,4.582032561302185059e-02,-2.652382850646972656e-01,3.576887398958206177e-02,-1.042528152465820312e-01,-1.791952922940254211e-02,-1.083720251917839050e-01,-3.277268260717391968e-02,2.348287962377071381e-02,2.851281762123107910e-01,-4.164458066225051880e-02,7.054114341735839844e-02,-7.008095830678939819e-02,-1.523777246475219727e-01,4.496838524937629700e-02,1.027118563652038574e-01,1.338580530136823654e-02,1.341898925602436066e-02,1.472886744886636734e-02,1.355752442032098770e-02,5.442999675869941711e-02,-1.909487247467041016e-01,-4.738399758934974670e-02,-2.226464003324508667e-01,-5.882073938846588135e-02,-4.805664345622062683e-02,2.247268892824649811e-02,7.307689636945724487e-02,6.192122027277946472e-02,-6.322326511144638062e-02,-2.444074861705303192e-02,-1.942353546619415283e-01,-4.509295150637626648e-02,-1.066177936581537068e-40,-5.162383542572626089e-41,-7.275123149156570435e-02,3.570311935618519783e-03,-1.256986558437347412e-01,4.387224838137626648e-02,-1.985392160713672638e-02,-8.913409709930419922e-02,-1.747431755065917969e-01,-5.029680578001065913e-41,1.246441677212715149e-01,-7.322335243225097656e-02,3.829594328999519348e-02,-7.588736712932586670e-02,-1.273259893059730530e-02,-5.071994662284851074e-02,-2.844109013676643372e-02,3.035680763423442841e-02,1.553162652999162674e-02,-6.171738826425791825e-41,-5.322551957044952680e-41,2.412859909236431122e-02,9.313841909170150757e-02,1.422460228204727173e-01,-7.754544168710708618e-02,-6.445272266864776611e-02,1.248831488192081451e-02,-6.942338775843381882e-03,-8.020580559968948364e-02,-3.841501772403717041e-01,-1.782143115997314453e-01,-8.520470932126045227e-03,7.521869987249374390e-02,-8.222594042308628559e-04,8.970715850591659546e-02,-2.135983668267726898e-02,1.404255330562591553e-01,5.468847516720463583e-41,1.253419437384619125e-40,-1.199766173958778381e-01,-1.063657924532890320e-02,9.478124231100082397e-02,-1.443717181682586670e-01,-4.693377763032913208e-02
7.094477862119674683e-02,2.276019454002380371e-01,9.321378916501998901e-02,-4.905105144522589675e-41,7.080762833356857300e-02,5.728508122159852186e-41,2.211363241076469421e-02,-5.763120194228675168e-41,-1.921906322240829468e-02,3.096460923552513123e-02,-2.449759393930435181e-01,1.380104124546051025e-01,-1.282764077186584473e-01,-5.127746984362602234e-02,7.510642707347869873e-02,4.909309039915564126e-41,-5.159160556104679010e-41,-9.373724460601806641e-02,6.761792302131652832e-02,-1.287498027086257935e-01,3.004168532788753510e-02,-2.624283172190189362e-02,-8.594341576099395752e-02,5.136179261289752010e-41,3.279406949877738953e-02,4.947284228298766669e-41,2.265914715826511383e-02,5.022533955833009346e-41,-4.088864475488662720e-02,2.599649690091609955e-02,4.908468260836969236e-41,-4.954290720620390754e-41,1.494735199958086014e-02,1.044588312506675720e-01,4.313038289546966553e-02,-6.295413523912429810e-02,1.405856851488351822e-02,1.465664058923721313e-02,1.976390182971954346e-02,1.410726085305213928e-02,5.843554726080919667e-41,2.385248094797134399e-01,4.752027988433837891e-02,-1.219113543629646301e-02,2.975243702530860901e-02,3.699211031198501587e-02,-5.900796875357627869e-02,7.416330277919769287e-02,6.338345259428024292e-02,5.952996136144687881e-41,-2.147360891103744507e-02,7.324673235416412354e-02,-5.192791719248474620e-41,-5.841452778384432442e-41,4.431133344769477844e-02,-7.513333112001419067e-02,9.116195142269134521e-02,6.725310534238815308e-02,4.418577626347541809e-02,8.152476698160171509e-02,-4.342151805758476257e-02,5.993914051302972539e-41,3.984884545207023621e-02,4.543403536081314087e-02,1.694029197096824646e-02,3.797801584005355835e-02,3.685139585286378860e-03,2.868467569351196289e-02,-5.014232546091079712e-02,6.338641792535781860e-02,-6.021957471966743469e-02,-5.551383996269195308e-41,-3.329887613654136658e-02,3.069954924285411835e-02,1.292218416929244995e-01,-5.146408740079323175e-41,-1.029284112155437469e-02,2.206582652818359697e-40,2.529963664710521698e-02,3.636762499809265137e-02,1.503275185823440552e-01,9.742004424333572388e-02,3.851000964641571045e-01,8.930821716785430908e-02,8.910337835550308228e-02,1.584991812705993652e-01,2.403976917266845703e-01,3.458741903305053711e-01,1.022807508707046509e-01,3.324149176478385925e-02,-1.992599852383136749e-02,-2.371299639344215393e-02,5.426496639847755432e-02,9.226280450820922852e-02,-7.153477519750595093e-02,3.034386634826660156e-01,4.992702230811119080e-02
-1.387060135602951050e-01,-1.061431318521499634e-02,8.000179193913936615e-03,-4.940137606130710102e-41,9.816967695951461792e-02,1.374673793502645547e-40,1.812395267188549042e-02,6.215179078819861155e-41,-5.188843235373497009e-02,-5.913293734192848206e-02,4.908667132258415222e-02,1.112503930926322937e-01,-5.518173222664697144e-41,-5.127675831317901611e-02,7.903691381216049194e-02,5.086012776266923559e-41,-5.181301071841011120e-41,-5.272525601868556711e-41,1.082095205783843994e-01,5.521256079286211741e-41,-3.355070948600769043e-02,-2.096795141696929932e-01,7.778546772897243500e-03,5.095261346131467352e-41,-5.131134586818182669e-41,-2.580519148023437132e-40,4.924162803637407187e-41,4.910430078687023980e-41,-5.098624462445846913e-41,5.471499636769294739e-02,5.089656152274168083e-41,5.426528303097854107e-41,1.458420511335134506e-02,1.043506860733032227e-01,4.455123469233512878e-02,-5.248983787667899784e-41,1.497183367609977722e-02,1.743555255234241486e-02,1.716792397201061249e-02,1.361645013093948364e-02,4.922621375326649888e-41,1.594277173280715942e-01,4.897937551140785217e-02,-1.264654994010925293e-01,2.937572263181209564e-02,3.557329252362251282e-02,2.140037156641483307e-02,7.251160591840744019e-02,6.449648737907409668e-02,5.283175470197425321e-41,-2.110873349010944366e-02,9.042436629533767700e-02,-4.908608390683401718e-41,-5.708889943659304747e-41,4.618376120924949646e-02,1.118745058774948120e-01,3.509054891765117645e-03,5.766128748655319214e-02,-4.829309135675430298e-02,-4.980775261596129797e-41,-4.069473594427108765e-02,-5.962665095548529118e-41,3.840254992246627808e-02,6.171318436886494380e-41,1.656329445540904999e-02,4.981475910828292205e-41,5.086853555345518449e-41,5.773100256919860840e-02,1.108019426465034485e-02,1.698750257492065430e-02,5.480898683513657010e-41,5.775591750561166040e-41,4.856061562895774841e-02,-5.231851711869239807e-02,1.282325237989425659e-01,-1.309081912040710449e-01,-1.950793564319610596e-01,-2.846821908183725369e-40,2.399363555014133453e-02,1.819875538349151611e-01,1.503434926271438599e-01,6.084145279601216316e-04,3.163556456565856934e-01,9.166255593299865723e-02,9.002469480037689209e-02,1.619965136051177979e-01,-1.120354831218719482e-01,-9.585669636726379395e-02,8.860802277922630310e-03,-7.305155694484710693e-02,-2.054400928318500519e-02,-2.186794392764568329e-02,5.663451552391052246e-02,-5.463008210062980652e-02,8.071264624595642090e-02,3.971197456121444702e-02,4.751345515251159668e-02
7.218927145004272461e-02,2.283646762371063232e-01,5.010660970583558083e-05,-3.585922770207206884e-41,4.921079947015892590e-41,-5.679883065447781034e-41,2.097297646105289459e-02,-4.907487351911941864e-41,-5.354152247309684753e-02,2.999524213373661041e-02,9.568654745817184448e-02,2.310608476400375366e-01,5.901065841317176819e-02,4.272126778960227966e-02,7.648395746946334839e-02,4.905805793754752084e-41,-5.735234354788611308e-41,4.133571684360504150e-02,6.796899437904357910e-02,7.426373660564422607e-02,3.038668632507324219e-02,-2.277946770191192627e-01,9.840137511491775513e-02,-5.499255693396312113e-41,3.519713506102561951e-02,-5.197135744487881553e-41,1.951182819902896881e-02,4.907066962372644419e-41,5.967009120787936051e-41,3.162528574466705322e-02,-4.572298377752304077e-02,-4.713530093431472778e-02,1.336786057800054550e-02,-7.969078421592712402e-02,4.498177021741867065e-02,5.284997158201047583e-41,1.083509065210819244e-02,1.519865728914737701e-02,2.140520699322223663e-02,1.121420040726661682e-02,8.514840900897979736e-02,1.562703847885131836e-01,4.687775298953056335e-02,1.047986745834350586e-01,3.606601804494857788e-02,-1.363195031881332397e-01,-5.796281993389129639e-02,7.118710130453109741e-02,6.025917455554008484e-02,1.116297300904989243e-02,-4.313559457659721375e-02,-3.145248442888259888e-02,4.906506442986914492e-41,5.605053727452835802e-41,-5.183262889691065864e-41,1.138874813914299011e-01,9.090203791856765747e-02,6.456698477268218994e-02,3.799459338188171387e-02,-1.122717484831809998e-01,-1.321076601743698120e-01,-5.873402383371038271e-41,-4.914493844233565949e-41,4.472038522362709045e-02,1.093677729368209839e-01,-5.363330617547035217e-02,-7.912533730268478394e-02,1.089238896965980530e-01,1.229407917708158493e-02,2.524664066731929779e-02,5.227123531624432638e-41,-5.189708862626960022e-41,5.348195718942096833e-41,4.944902020909414480e-41,2.629985809326171875e-01,4.916876051622918138e-41,-1.066326797008514404e-01,4.552677273750305176e-02,2.517330832779407501e-02,1.146122664213180542e-01,1.490579843521118164e-01,1.492665847763419151e-03,-2.869805879890918732e-02,9.035667777061462402e-02,-1.932005286216735840e-01,6.249668076634407043e-02,1.603325158357620239e-01,1.394954323768615723e-01,-2.260075323283672333e-02,-7.712521404027938843e-02,5.220817688534970961e-41,-5.274907809257908900e-41,5.411338806152343750e-02,-5.740781873464584351e-02,9.151577949523925781e-02,3.063358366489410400e-01,4.879833012819290161e-02
7.156140357255935669e-02,2.277960479259490967e-01,8.550253696739673615e-03,5.527968332171440125e-02,5.043133043258584157e-41,5.568900227073255522e-41,2.216153033077716827e-02,1.569720357656478882e-02,-1.072915941476821899e-01,3.380948677659034729e-02,1.040718108415603638e-01,1.526402682065963745e-01,-7.456070929765701294e-02,4.322732239961624146e-02,-8.622705191373825073e-02,3.566241636872291565e-02,5.346934550324204498e-41,9.276508539915084839e-02,2.094287052750587463e-02,-1.431236118078231812e-01,-3.324953839182853699e-02,-3.200245499610900879e-01,1.013920605182647705e-01,3.404374793171882629e-02,-1.625119149684906006e-02,-1.002249866724014282e-01,6.066464260220527649e-02,5.608140677213668823e-02,-8.116760849952697754e-02,1.066045388579368591e-01,4.423456639051437378e-02,7.515657693147659302e-02,1.366622559726238251e-02,1.062502935528755188e-01,4.371643438935279846e-02,4.910430078687023980e-41,1.137808803468942642e-02,1.489683426916599274e-02,2.136272192001342773e-02,1.633634604513645172e-02,7.916063815355300903e-02,1.593636125326156616e-01,-1.342362165451049805e-01,1.052326858043670654e-01,2.923561632633209229e-02,-5.447796732187271118e-02,-6.520175933837890625e-02,-9.118187427520751953e-02,-4.398125410079956055e-02,-9.225303679704666138e-02,-2.265982329845428467e-02,-2.568691410124301910e-02,-2.417518384754657745e-02,-4.379515722393989563e-02,5.128472119735965516e-41,1.072220411151647568e-02,9.181641787290573120e-02,-4.495142772793769836e-02,4.503554850816726685e-02,-1.718302257359027863e-02,1.104513853788375854e-01,-2.117549926042556763e-01,4.989743571767808626e-41,1.293789297342300415e-01,1.732347160577774048e-02,3.728881850838661194e-02,-2.466938048601150513e-01,3.024904057383537292e-02,-4.331360757350921631e-02,-2.792663872241973877e-02,1.157056614756584167e-01,5.957390367984771729e-02,-5.069057064848593272e-41,5.084611477802598742e-41,3.392585813999176025e-01,1.767914392985403538e-03,1.929696202278137207e-01,1.355772167444229126e-01,5.474882572889328003e-02,-1.233943700790405273e-01,7.080651074647903442e-02,-1.921896636486053467e-02,-2.537575066089630127e-01,8.783674240112304688e-02,-2.035766690969467163e-01,-2.908109128475189209e-01,-6.793103646486997604e-03,3.600147068500518799e-01,6.626231968402862549e-02,-8.087289333343505859e-02,5.098204072906549467e-41,5.096802774442224650e-41,-3.231438994407653809e-02,2.066938877105712891e-01,-2.354533178731799126e-03,6.719221174716949463e-02,4.743472486734390259e-02
-3.499159961938858032e-02,-9.667182713747024536e-02,-1.670295596122741699e-01,5.587041750550270081e-02,-5.174154449672954553e-41,-4.928086439337516675e-41,2.150857076048851013e-02,1.481440104544162750e-02,7.547522336244583130e-02,-5.782709643244743347e-02,1.204075738787651062e-01,1.675635129213333130e-01,5.371984560042619705e-03,-5.150355398654937744e-02,7.918386906385421753e-02,3.323169425129890442e-02,4.975590457278127974e-41,3.031083568930625916e-02,-1.765607744455337524e-01,1.060640513896942139e-01,5.321996286511421204e-02,-1.188998483121395111e-02,9.907076507806777954e-02,3.459290042519569397e-02,6.822671741247177124e-02,-9.986511617898941040e-02,-2.139563858509063721e-02,5.781469121575355530e-02,-8.167541772127151489e-02,2.209429070353507996e-02,-4.224248602986335754e-02,-1.663523167371749878e-02,1.486777421087026596e-02,1.658192090690135956e-02,4.598117992281913757e-02,-5.240015477496220955e-41,1.361603941768407822e-02,1.538895349949598312e-02,1.826307177543640137e-02,1.668033935129642487e-02,8.068607002496719360e-02,-1.631423830986022949e-02,4.718189686536788940e-02,-5.475122481584548950e-03,2.975782565772533417e-02,3.381252661347389221e-02,1.630440540611743927e-02,7.156579941511154175e-02,6.433834880590438843e-02,-1.033312920480966568e-02,-5.993773921456540057e-41,-1.594721823930740356e-01,-6.709512323141098022e-02,4.208355769515037537e-02,5.000533569943109718e-41,1.089954823255538940e-01,8.962195366621017456e-02,4.856497514992952347e-03,4.174451157450675964e-02,8.245903998613357544e-02,-4.554004594683647156e-02,-2.822750210762023926e-01,-5.558810878130116839e-41,1.258126944303512573e-01,2.286755107343196869e-02,-5.306478217244148254e-02,5.189809016883373260e-03,1.954656466841697693e-02,-4.946713894605636597e-02,6.862382590770721436e-02,3.242126852273941040e-02,5.810585618019104004e-02,-5.338807019231120559e-41,-5.033604213701175400e-41,1.789664328098297119e-01,8.712842315435409546e-02,-2.079174965620040894e-01,3.443414345383644104e-02,5.619846284389495850e-02,1.111936047673225403e-01,1.485889405012130737e-01,-2.312888391315937042e-02,3.847227394580841064e-01,8.873431384563446045e-02,8.976586908102035522e-02,1.418123990297317505e-01,2.403369098901748657e-01,7.552854716777801514e-02,1.014196947216987610e-01,1.410304754972457886e-01,5.020011618597224675e-41,5.040050186637069559e-41,5.897846817970275879e-02,1.246093362569808960e-01,9.260901808738708496e-02,2.558340728282928467e-01,4.669138416647911072e-02
7.045368850231170654e-02,2.226640582084655762e-01,-5.032264068722724915e-02,-5.188587823855500169e-41,-1.255634725093841553e-01,4.908608390683401718e-41,-6.466093659400939941e-02,-5.319328970577005601e-41,-1.942065730690956116e-02,3.101130761206150055e-02,-1.810564249753952026e-01,2.502058632671833038e-02,-1.689004451036453247e-01,4.420795291662216187e-02,7.663066685199737549e-02,4.967322796338611553e-41,3.586022555828094482e-02,-2.174188643693923950e-01,-3.370817750692367554e-02,-1.335433274507522583e-01,3.102015145123004913e-02,-1.012617200613021851e-01,-8.251752704381942749e-02,-5.231288820505142212e-02,-6.186953559517860413e-02,-4.947144098452334187e-41,-6.383926421403884888e-02,-5.263697421543310364e-41,-4.816790297627449036e-02,4.871818423271179199e-02,-5.161001160740852356e-02,-9.097379446029663086e-02,1.227046083658933640e-02,1.057023108005523682e-01,4.302968829870223999e-02,-1.471239179372787476e-01,1.400417741388082504e-02,1.584580540657043457e-02,1.959850266575813293e-02,-6.838117539882659912e-02,-1.871714442968368530e-01,3.522495180368423462e-02,4.738874733448028564e-02,-9.084121324121952057e-03,-6.031300872564315796e-02,3.703907132148742676e-02,-6.703466176986694336e-02,7.135196775197982788e-02,7.104145735502243042e-02,4.393012449145317078e-02,5.047757328190856053e-41,-1.360013056546449661e-02,-5.003336166871759352e-41,-5.611779960081594924e-41,-3.657036274671554565e-02,-9.328059852123260498e-02,7.892211526632308960e-02,1.150878146290779114e-02,3.788561373949050903e-02,-1.768096722662448883e-02,-1.917075514793395996e-01,-5.868077449206603966e-41,3.556996211409568787e-02,4.523417726159095764e-02,-7.099546492099761963e-02,-5.340777337551116943e-02,-7.074479013681411743e-02,-5.583064258098602295e-02,3.727172687649726868e-02,-3.247765451669692993e-02,1.168625950813293457e-01,6.256377253671010777e-41,-3.537122532725334167e-02,2.828018181025981903e-02,-4.502996057271957397e-02,6.147535517811775208e-03,-3.004176020622253418e-01,5.632939566892899662e-41,2.415537647902965546e-02,2.741625532507896423e-02,1.507256776094436646e-01,3.495833603665232658e-03,9.515959769487380981e-02,8.588550239801406860e-02,9.099602699279785156e-02,1.575610935688018799e-01,-3.829346969723701477e-02,-4.028293788433074951e-01,-5.303453654050827026e-02,1.405109018087387085e-01,-2.171932160854339600e-02,-2.332627400755882263e-02,5.650383979082107544e-02,-8.720529079437255859e-02,8.046589046716690063e-02,-4.960411228239536285e-03,-1.414184421300888062e-01
7.412385195493698120e-02,2.271295785903930664e-01,-3.335676714777946472e-02,2.799424529075622559e-02,9.774483740329742432e-02,-5.103809266763848736e-41,-6.547066569328308105e-02,4.910009689147726535e-41,-5.036954209208488464e-02,3.585541993379592896e-02,-3.928167372941970825e-02,2.313743345439434052e-02,-1.721264123916625977e-01,-5.060701072216033936e-02,7.869982719421386719e-02,-4.475286975502967834e-02,1.072283014655113220e-01,-7.590655237436294556e-02,-3.415503725409507751e-02,-4.918557609780107919e-41,2.899951115250587463e-02,-9.961367398500442505e-02,-1.753942370414733887e-01,-5.916422246225810155e-41,-5.044394211876476492e-41,5.669653586658209869e-41,5.082369400259679035e-41,4.971947081270883449e-41,-4.917016181469350620e-41,-2.725872956216335297e-02,-5.512059479951858521e-02,-4.746565595269203186e-02,1.217613462358713150e-02,1.088569238781929016e-01,-3.945612907409667969e-02,-5.353100263567233693e-41,1.125322096049785614e-02,1.578316837549209595e-02,1.966957561671733856e-02,1.470950711518526077e-02,-1.084128692746162415e-01,-1.114817038178443909e-01,4.724001511931419373e-02,-2.137408703565597534e-01,-5.994996428489685059e-02,3.544817492365837097e-02,-6.981866806745529175e-02,-5.753360223025083542e-03,-4.028568789362907410e-02,5.457076609620135119e-41,-2.069853991270065308e-02,9.072845429182052612e-02,5.980181326352589332e-41,5.609397752692242735e-41,4.575863853096961975e-02,1.132584884762763977e-01,-3.693321347236633301e-02,1.296023279428482056e-01,1.092953681945800781e-01,-1.587482914328575134e-02,-1.365829110145568848e-01,-5.790445514283009100e-41,3.780679032206535339e-02,-5.206664574045290309e-41,1.727247796952724457e-02,5.395839866729140613e-41,5.219136130377781181e-41,5.920037627220153809e-02,1.027701515704393387e-02,1.891638524830341339e-02,-5.149491596700837772e-41,-5.765922791157324802e-41,-3.555784747004508972e-02,2.857930026948451996e-02,1.285498589277267456e-01,-5.836267974066430619e-41,-1.951773464679718018e-01,4.907347222065509382e-41,2.546002343297004700e-02,-2.805864997208118439e-02,1.758421212434768677e-01,9.591841697692871094e-02,3.115990757942199707e-01,8.626381307840347290e-02,9.052313119173049927e-02,1.561020910739898682e-01,8.625189960002899170e-02,4.032711684703826904e-02,1.416255384683609009e-01,1.407083421945571899e-01,-2.179041877388954163e-02,-2.599266730248928070e-02,5.514103919267654419e-02,3.430489078164100647e-02,-1.744018942117691040e-01,-2.222572118043899536e-01,4.255718737840652466e-02
7.252004742622375488e-02,1.225657463073730469e-01,-4.047053307294845581e-02,5.784527957439422607e-02,6.035252356000554643e-41,-4.910710338379888943e-41,-6.130497902631759644e-02,1.573122292757034302e-02,7.318214327096939087e-02,3.488751128315925598e-02,-1.745447888970375061e-02,3.207392394542694092e-01,1.877094209194183350e-01,-4.980326071381568909e-02,7.769101113080978394e-02,3.798212110996246338e-02,5.051821093737398022e-41,1.625723764300346375e-02,-1.849032044410705566e-01,1.398881226778030396e-01,5.134810507297515869e-02,1.162851899862289429e-01,1.016830950975418091e-01,5.022113566293711900e-41,6.755603849887847900e-02,7.605224102735519409e-02,-2.595459111034870148e-02,5.369041860103607178e-02,2.549773454666137695e-02,-3.479750081896781921e-02,-4.817316308617591858e-02,-1.507450360804796219e-02,1.459441147744655609e-02,1.041608005762100220e-01,4.641273245215415955e-02,5.231747816556704534e-41,1.193420030176639557e-02,1.564446650445461273e-02,1.888097450137138367e-02,1.680286601185798645e-02,1.612678915262222290e-01,1.570098549127578735e-01,4.717575386166572571e-02,-1.214206963777542114e-01,2.940820157527923584e-02,3.659417107701301575e-02,2.154445648193359375e-02,7.167488336563110352e-02,5.987679958343505859e-02,9.721908718347549438e-02,-2.415430545806884766e-02,-9.785290062427520752e-02,1.718605682253837585e-02,4.387640208005905151e-02,-5.374119740532105949e-41,1.138088852167129517e-01,4.479045514017343521e-03,1.150033399462699890e-01,4.352917522192001343e-02,8.222778141498565674e-02,6.842238456010818481e-02,2.039385288953781128e-01,-5.154676401018839595e-41,1.248158216476440430e-01,-1.442267280071973801e-02,-5.225830525159835815e-02,3.526396816596388817e-03,-1.617852002382278442e-01,3.787988796830177307e-02,-2.593098394572734833e-02,-1.436798870563507080e-01,5.982134491205215454e-02,5.005438114568246577e-41,5.087694334424113339e-41,3.361916244029998779e-01,-9.004882303997874260e-04,2.268092483282089233e-01,4.956891387701034546e-02,-1.201890856027603149e-01,2.774591185152530670e-02,1.507102698087692261e-01,6.773391366004943848e-02,2.075073570013046265e-01,8.906351774930953979e-02,-2.081003338098526001e-01,6.742184609174728394e-02,-4.799998179078102112e-02,2.445703744888305664e-01,6.528529524803161621e-02,-1.561323404312133789e-01,4.934532412273410834e-41,5.290041832672616924e-41,5.088462308049201965e-02,3.413946926593780518e-02,9.305205196142196655e-02,3.239158391952514648e-01,4.890645295381546021e-02
7.454162091016769409e-02,2.230514734983444214e-01,2.907665446400642395e-03,-5.303214038237270205e-41,4.876010864973068237e-02,4.959195265245527614e-41,-4.247425869107246399e-02,5.027298370611713724e-41,-1.095460206270217896e-01,3.427717462182044983e-02,1.547229886054992676e-01,1.954577304422855377e-02,-7.123039662837982178e-02,4.945882929834441852e-41,-8.300718851387500763e-03,4.921220076862325071e-41,-5.281213652347370577e-41,3.818498179316520691e-02,-4.997270181775093079e-02,-5.005441606044769287e-02,2.460213750600814819e-02,-6.150845810770988464e-02,1.134742144495248795e-02,3.528815135359764099e-02,-5.149735137820243835e-02,-4.219500347971916199e-02,-8.896953612565994263e-02,3.568448871374130249e-02,-1.130026429891586304e-01,2.796759009361267090e-01,2.537981793284416199e-02,7.095069438219070435e-02,1.515073142945766449e-02,1.148561760783195496e-02,4.522305727005004883e-02,9.911835938692092896e-02,1.281924359500408173e-02,1.625812239944934845e-02,1.994191110134124756e-02,1.667119376361370087e-02,8.137404173612594604e-02,1.613012850284576416e-01,4.676771163940429688e-02,1.038388535380363464e-01,-5.998528376221656799e-02,-5.295819789171218872e-02,2.090689539909362793e-02,7.248688489198684692e-02,-1.494816541671752930e-01,-3.026304580271244049e-02,6.488542258739471436e-02,1.553871333599090576e-01,6.386426091194152832e-02,5.767324089621649619e-41,-3.386104851961135864e-02,-5.502130091190338135e-02,6.974155455827713013e-02,1.055848151445388794e-01,4.311605170369148254e-02,2.884983085095882416e-02,-1.670391485095024109e-02,6.057392871736886752e-41,3.643532842397689819e-02,4.447901248931884766e-02,1.114120185375213623e-01,-5.231349170207977295e-02,9.498070180416107178e-02,-1.483026146888732910e-01,3.880153223872184753e-02,-2.768936008214950562e-02,2.803575061261653900e-02,5.252627163675144309e-41,-3.476345166563987732e-02,2.986722066998481750e-02,-4.462635219097137451e-01,-9.981002658605575562e-02,6.963670998811721802e-02,-5.361788314046047558e-41,2.521949633955955505e-02,1.634196639060974121e-01,7.431080937385559082e-02,-1.738021969795227051e-01,-2.625501453876495361e-01,-9.581869840621948242e-02,-1.970082819461822510e-01,-1.185593679547309875e-01,2.466627508401870728e-01,1.229408755898475647e-01,1.454608440399169922e-01,1.401325613260269165e-01,-2.166049368679523468e-02,-2.439701557159423828e-02,5.643514916300773621e-02,2.262618392705917358e-01,8.084279298782348633e-02,-4.548113346099853516e-01,4.953631758689880371e-02
-1.380789577960968018e-01,-5.723292827606201172e-01,5.947531072133821094e-41,-1.066780494921196740e-40,-4.991985649310728333e-41,-5.016228112743547669e-41,5.257391578453848687e-41,5.100586280295901656e-41,-2.176848053932189941e-02,-5.856603756546974182e-02,-2.115545123815536499e-01,-4.460551738739013672e-01,-1.667664349079132080e-01,-5.823516158041074783e-41,5.148230428082945437e-41,5.381826882085892443e-41,4.945042150755846962e-41,9.870288893580436707e-03,1.732733577106922805e-40,1.290497794750653785e-40,-5.427088822483584034e-41,-4.075768869370222092e-03,-5.169670294587115138e-41,-5.194917321205139160e-02,-4.906226183294049529e-41,-4.987361364378456437e-41,4.978252924360345126e-41,5.337545850613228223e-41,5.688571115926594899e-41,-5.062891351605564077e-41,4.977692404974615199e-41,-6.240402451177707862e-41,-6.850387156009674072e-02,1.503286417573690414e-02,4.200576618313789368e-02,4.982176560060454614e-41,-5.264117811082607809e-41,4.985679806221266657e-41,-5.743642145574560210e-41,4.955131499698985644e-41,5.151033025011595071e-41,8.319319784641265869e-02,4.917296441162215584e-41,-2.079510390758514404e-01,4.988202143457051327e-41,6.231434141006029033e-41,-6.212236352044779039e-41,5.123287315417963693e-41,-1.455748826265335083e-01,-1.198082566261291504e-01,-6.156464673164651319e-41,-1.626475527882575989e-02,-5.022954345372306791e-41,-6.035392485846987124e-41,5.542275556251083997e-41,-1.298779696226119995e-01,-1.484447568655014038e-01,-5.497574135239122333e-41,-4.846373200416564941e-02,-1.149148494005203247e-01,5.860090047959952509e-41,5.227123531624432638e-41,-4.601581022143363953e-02,-5.024215513990199126e-41,-5.088114723963410785e-41,4.955972278777580535e-41,1.179767190099706740e-40,4.920099038090865218e-41,3.524183109402656555e-02,-2.790241315960884094e-02,-5.597848072648048401e-02,5.916422246225810155e-41,4.958634745859797687e-41,3.079177811741828918e-02,5.094700826745737425e-41,-4.961717602481312285e-41,-5.544797893486868668e-41,5.758916298835700716e-41,-6.060055338819103905e-41,-1.365371197462081909e-01,7.667991518974304199e-02,-5.155937569636731931e-41,-5.836828493452160546e-41,-6.061316507436996240e-41,5.111516408317635230e-41,-5.585855938491585808e-41,-1.375147104263305664e-01,-2.536868700859719081e-40,2.104277163743972778e-02,2.814800105988979340e-02,-2.193303033709526062e-02,-2.591989003121852875e-02,-5.494351148771175253e-41,-2.612849175930023193e-01,4.981756170521157169e-41,-3.370078504085540771e-01,-5.758776168989268235e-41
-3.515085950493812561e-02,2.242488116025924683e-01,7.932865060865879059e-03,5.509800836443901062e-02,-6.022360410128766326e-41,5.015947853050682705e-41,2.383650094270706177e-02,5.374540130071403394e-41,-8.548590354621410370e-03,3.518748283386230469e-02,1.616326868534088135e-01,3.133738338947296143e-01,1.857199221849441528e-01,4.777633398771286011e-02,8.039680123329162598e-02,3.655729815363883972e-02,-5.825197716198264564e-41,3.788803517818450928e-02,-1.809008866548538208e-01,4.425072669982910156e-02,5.272592231631278992e-02,-6.579083204269409180e-02,1.020171716809272766e-01,3.548364713788032532e-02,1.705695241689682007e-01,-1.627154089510440826e-02,6.083180382847785950e-02,-3.051498904824256897e-02,-1.155142635107040405e-01,1.016382798552513123e-01,-1.639180071651935577e-02,7.600744813680648804e-02,1.562537625432014465e-02,1.072155460715293884e-01,4.458704590797424316e-02,4.911410987612051352e-41,1.081733033061027527e-02,1.360309496521949768e-02,2.052440866827964783e-02,1.443546731024980545e-02,1.617588102817535400e-01,3.197844624519348145e-01,4.525389522314071655e-02,1.041250303387641907e-01,2.886647917330265045e-02,3.655408695340156555e-02,2.185808308422565460e-02,7.378050684928894043e-02,6.363426148891448975e-02,1.817419677972793579e-01,-2.373636327683925629e-02,1.985217928886413574e-01,-6.644937396049499512e-02,-4.357305914163589478e-02,-5.284296508968885174e-41,1.135354265570640564e-01,8.232107385993003845e-03,3.433695435523986816e-02,4.204733297228813171e-02,8.235296607017517090e-02,-2.158312052488327026e-01,2.019026130437850952e-01,4.930608776573301346e-41,4.319820925593376160e-02,2.285670302808284760e-02,4.117859899997711182e-02,9.432940930128097534e-02,2.205199375748634338e-02,3.818444535136222839e-02,-2.959776483476161957e-02,3.287734463810920715e-02,-2.584750764071941376e-02,1.196330537948026078e-40,-5.168549255815655284e-41,2.029483765363693237e-02,4.401307087391614914e-03,9.037062525749206543e-02,-4.932010075037626163e-41,5.029029399156570435e-02,1.991663724184036255e-01,1.113814264535903931e-01,-1.083340123295783997e-01,1.431158334016799927e-01,8.985310792922973633e-02,8.697040379047393799e-02,1.349980831146240234e-01,1.474250853061676025e-01,3.214741647243499756e-01,-1.918471045792102814e-02,-8.008652925491333008e-02,-5.427088822483584034e-41,4.962278121867042212e-41,5.575795844197273254e-02,1.250582933425903320e-01,6.864776951260864735e-04,2.896555364131927490e-01,4.489060863852500916e-02
6.975032389163970947e-02,2.274290770292282104e-01,1.006313785910606384e-02,5.774798244237899780e-02,5.054203301126750211e-41,1.176193879015678457e-40,2.486347593367099762e-02,1.711799949407577515e-02,7.559925317764282227e-02,-5.837003886699676514e-02,3.166411221027374268e-01,2.208378463983535767e-01,9.677055478096008301e-02,4.376084357500076294e-02,7.493758946657180786e-02,3.618393093347549438e-02,5.055744729437507510e-41,2.101177424192428589e-01,2.191656641662120819e-02,8.774164319038391113e-02,5.333657562732696533e-02,1.486100554466247559e-01,1.026241779327392578e-01,3.466910496354103088e-02,6.463236361742019653e-02,7.083487510681152344e-02,6.619805842638015747e-02,-3.246632963418960571e-02,1.396723464131355286e-02,7.214080076664686203e-03,4.431808367371559143e-02,7.614913582801818848e-02,1.382008474320173264e-02,1.072625890374183655e-01,4.257111996412277222e-02,-6.213777780355536338e-41,-6.781700998544692993e-02,1.416252274066209793e-02,-6.410796195268630981e-02,1.626155525445938110e-02,1.581147611141204834e-01,4.815668612718582153e-02,4.450959339737892151e-02,1.041502282023429871e-01,2.981210686266422272e-02,3.881398215889930725e-02,2.078301459550857544e-02,7.231777161359786987e-02,-1.511947065591812134e-01,1.769208908081054688e-01,-2.353494986891746521e-02,1.553303748369216919e-01,1.839541643857955933e-02,4.259635135531425476e-02,-5.098904722138711876e-41,1.090773753821849823e-02,8.838835358619689941e-02,1.169251576066017151e-01,-4.406575113534927368e-02,-1.726220361888408661e-02,1.987655311822891235e-01,6.118375062942504883e-02,5.278551185265153424e-41,4.952156543731689453e-02,-1.566295772790908813e-01,-5.068688467144966125e-02,9.712633490562438965e-02,6.253863871097564697e-02,-4.229610785841941833e-02,-2.270531281828880310e-02,1.150783821940422058e-01,5.806061998009681702e-02,6.029927421836120338e-41,-5.262436252925418028e-41,1.798559874296188354e-01,-8.849383331835269928e-03,1.411261558532714844e-01,-3.447369858622550964e-02,5.412922054529190063e-02,1.160400286316871643e-01,1.513738781213760376e-01,6.127237528562545776e-02,4.544325917959213257e-02,-4.586948081851005554e-03,8.826544135808944702e-02,1.221089363098144531e-01,1.617877632379531860e-01,4.720291495323181152e-01,6.526003032922744751e-02,-1.798391044139862061e-01,5.178078085373064040e-41,-5.371317143603456315e-41,5.128731578588485718e-02,2.033350616693496704e-01,8.234391361474990845e-02,1.860241889953613281e-01,-1.416622400283813477e-01
6.970391422510147095e-02,2.286455184221267700e-01,-1.250209152203751728e-05,2.841972932219505310e-02,-5.162243412726193608e-41,-5.083350309184706406e-41,2.293303050100803375e-02,5.074802388552325022e-41,-1.069197580218315125e-01,-5.812507867813110352e-02,-1.100499741733074188e-02,1.331726759672164917e-01,4.621689766645431519e-02,4.245350137352943420e-02,7.876736670732498169e-02,5.482019722285116863e-41,-5.579690225248556613e-41,2.074238359928131104e-01,1.268248260021209717e-01,-9.981814771890640259e-02,-6.545727606862783432e-03,5.579410120844841003e-02,1.007611379027366638e-01,3.579792380332946777e-02,3.572533652186393738e-02,4.742993041872978210e-02,3.112985007464885712e-02,3.316283971071243286e-02,-8.150707185268402100e-02,1.581713906489312649e-03,-5.190954357385635376e-02,-4.731163755059242249e-02,1.536166202276945114e-02,1.044143810868263245e-01,4.400759190320968628e-02,-6.025022877210983478e-41,1.402283739298582077e-02,1.502700243145227432e-02,2.010443434119224548e-02,1.298966631293296814e-02,8.201198279857635498e-02,2.312823385000228882e-01,4.835183173418045044e-02,1.105196848511695862e-01,-6.057576835155487061e-02,3.704677149653434753e-02,-6.632734090089797974e-02,-7.640411145985126495e-03,6.668723374605178833e-02,-2.758251875638961792e-02,-2.413851581513881683e-02,3.092258423566818237e-02,-4.925915971398353577e-02,5.289481313286886998e-41,4.993947467160783077e-41,1.138714849948883057e-01,9.021180123090744019e-02,4.011864587664604187e-02,4.256574809551239014e-02,-7.000699639320373535e-02,2.746537327766418457e-02,1.281543672084808350e-01,-5.606314896070728137e-41,4.378307983279228210e-02,2.175659686326980591e-02,3.931921720504760742e-02,4.896560218185186386e-03,-6.087843328714370728e-02,-4.823407903313636780e-02,-2.821524254977703094e-02,-5.633113160729408264e-02,-5.639946059214523747e-41,1.091008945369372827e-40,-5.819032002955235369e-41,-6.113526597619056702e-02,-4.007209790870547295e-04,2.273748219013214111e-01,-8.144721388816833496e-02,2.439861744642257690e-02,2.471426874399185181e-01,1.752879619598388672e-01,2.488810336217284203e-03,3.893761634826660156e-01,8.623674511909484863e-02,8.571426570415496826e-02,1.535812616348266602e-01,2.045881301164627075e-01,3.626614511013031006e-01,1.953822374343872070e-01,1.411504894495010376e-01,5.277290016647261089e-41,-5.413356097533200827e-41,5.451305955648422241e-02,1.947242468595504761e-01,-2.171664709749165922e-05,3.052803874015808105e-01,4.853738099336624146e-02
7.433931529521942139e-02,2.307873666286468506e-01,5.658583328790043814e-41,-5.890498224635801039e-41,-1.340061721433822565e-40,5.707348515348547448e-41,2.231060527265071869e-02,5.417980382465472723e-41,-1.604989543557167053e-02,3.433179482817649841e-02,5.025679618120193481e-02,2.033866792917251587e-01,-7.847417891025543213e-02,-5.095326527953147888e-02,7.922457158565521240e-02,-4.986660715146294029e-41,5.665029301725937973e-41,-9.392088279128074646e-03,6.830675899982452393e-02,1.279943585395812988e-01,2.755283750593662262e-02,1.885623186826705933e-01,1.008180603384971619e-01,-5.114739394785582309e-41,3.530186042189598083e-02,-4.905805793754752084e-41,2.181976288557052612e-02,-1.620391479222002220e-40,-8.152171224355697632e-02,9.991787374019622803e-02,7.677217572927474976e-02,-1.038533542305231094e-02,1.311511080712080002e-02,1.040369272232055664e-01,4.362961649894714355e-02,-5.480898683513657010e-41,1.384449284523725510e-02,1.296659186482429504e-02,2.235927991569042206e-02,1.392285991460084915e-02,-1.059436355717480183e-03,3.176656365394592285e-01,4.752087965607643127e-02,1.042157933115959167e-01,2.925845421850681305e-02,3.449841216206550598e-02,2.180316857993602753e-02,7.311167567968368530e-02,6.056426465511322021e-02,-5.231327427017407089e-41,6.067201960987160472e-41,3.169115632772445679e-02,6.292299926280975342e-02,-5.211148729131129723e-41,-4.907347222065509382e-41,6.409438792616128922e-03,7.647228240966796875e-02,1.101750973612070084e-02,4.201337695121765137e-02,-1.677635684609413147e-02,1.957404315471649170e-01,5.124408354189423547e-41,6.027545214446768149e-41,4.762073606252670288e-02,-1.561102569103240967e-01,-5.290453135967254639e-02,-7.624030858278274536e-02,1.057050153613090515e-01,3.755141422152519226e-02,-2.733590826392173767e-02,3.253962844610214233e-02,-5.626213334264140540e-41,5.021132657368684529e-41,-1.837018208821975691e-40,-1.796750873327255249e-01,-4.943500722445089663e-41,-1.943291872739791870e-01,-5.134637832978994711e-41,2.516871504485607147e-02,5.857575684785842896e-02,1.499339342117309570e-01,9.628135710954666138e-02,3.861903846263885498e-01,8.595635741949081421e-02,8.902194350957870483e-02,1.557839363813400269e-01,1.499541252851486206e-01,2.903949022293090820e-01,3.757160529494285583e-02,3.419619798660278320e-02,-4.994648116392945486e-41,5.185084577694688126e-41,5.576493591070175171e-02,1.130297183990478516e-01,-1.270955614745616913e-02,3.074922561645507812e-01,4.811513051390647888e-02
-3.775748610496520996e-02,-3.172737061977386475e-01,3.883834287989884615e-04,5.002495387793164461e-41,1.021696105599403381e-01,5.107452642771093260e-41,4.916315532237188212e-41,7.796824655503282183e-42,-6.081214945630408643e-41,4.995348765625107894e-41,4.579329490661621094e-02,2.315769344568252563e-01,6.046222150325775146e-02,-5.225402861833572388e-02,7.767821848392486572e-02,-4.912251766690646242e-41,6.046042354175855734e-41,8.927614986896514893e-02,1.096600666642189026e-01,2.344429492950439453e-02,-3.323665633797645569e-02,1.004869416356086731e-01,-5.292424040061969113e-41,-1.298723416736240461e-40,-5.971210077404975891e-02,5.103248747378118809e-41,2.987860701978206635e-02,5.237633270106868766e-41,2.496164478361606598e-02,3.584611415863037109e-01,-1.568787172436714172e-02,7.594661414623260498e-02,1.322188694030046463e-02,1.229382026940584183e-02,4.383330792188644409e-02,5.315545464723328595e-41,-4.934532412273410834e-41,5.018470190286467376e-41,-4.934672542119843315e-41,5.154956660711704559e-41,8.011974394321441650e-02,2.329881787300109863e-01,5.189288473087662577e-41,1.053500995039939880e-01,5.188307564162635205e-41,-5.564556201833848589e-41,5.449369468066348625e-41,-1.507797147613503168e-42,-1.528160572052001953e-01,-4.919118129165837846e-41,5.000813829635974681e-41,-5.634060605664359515e-41,-5.013705775507762998e-41,-5.240155607342653437e-41,-3.419955447316169739e-02,8.327089250087738037e-02,7.363749295473098755e-02,1.130698900669813156e-02,4.259323701262474060e-02,8.311710506677627563e-02,1.037348806858062744e-01,-4.943500722445089663e-41,-4.584670811891555786e-02,-1.285368055105209351e-01,1.118584051728248596e-01,3.914495930075645447e-02,9.699609875679016113e-02,1.921624243259429932e-01,-5.250385086132224601e-41,-4.930048257187571419e-41,5.126230042193045809e-41,-5.855325633181248131e-41,-3.235299885272979736e-02,2.862628176808357239e-02,2.324445173144340515e-02,4.336487129330635071e-02,9.095817804336547852e-02,-5.044954731262206419e-41,-6.445319205522537231e-02,1.838687360286712646e-01,1.008010208606719971e-01,3.368973731994628906e-02,-5.756588652729988098e-02,-5.970823112875223160e-03,9.056979417800903320e-02,1.019760072231292725e-01,1.637740582227706909e-01,-4.672509059309959412e-02,3.704689070582389832e-02,1.412062495946884155e-01,-2.173143066465854645e-02,-2.417977899312973022e-02,5.676006153225898743e-02,1.660479158163070679e-01,-4.905805793754752084e-41,-3.762610256671905518e-01,-5.184243798616093236e-41
5.667972028501020088e-41,4.961437342788447321e-41,-1.949607103597372770e-04,-1.377013961938067991e-40,-5.248563398128602339e-41,-6.023761708593091143e-41,-6.133474782109260559e-02,-5.305456115780189912e-41,-1.098467111587524414e-01,3.387418016791343689e-02,-5.186345746312580461e-41,5.058267066673292181e-41,-5.532466467000810278e-41,-5.124712735414505005e-02,-4.936073840584168132e-41,-5.008520971189761175e-41,9.824503533381292484e-42,-5.005438114568246577e-41,-1.773519963026046753e-01,5.119363679717854205e-41,-1.245321035385131836e-01,-2.677855789661407471e-01,-5.046776419265828681e-41,-5.202532187104225159e-02,-5.727387083388392332e-41,6.218542195134240716e-41,4.999973050557379791e-41,-5.188307564162635205e-41,-5.232308335942434461e-41,5.891058744021530966e-41,-5.201619899573720967e-41,-5.724724616306175180e-41,-6.167815190725682338e-41,-4.956672928009742943e-41,4.613671824336051941e-02,-5.502899069403556638e-41,5.130994456971750187e-41,5.525039585139888747e-41,9.870746382704011448e-42,-5.704826178112762777e-41,5.398922723350655211e-41,-3.241083025932312012e-02,5.039489667251339632e-41,-3.192260861396789551e-01,-4.926965400566056821e-41,5.032903564469012992e-41,-5.008801230882626138e-41,-5.630837619196412436e-41,5.370196104831996461e-41,4.970685912652991114e-41,6.292986869812011719e-02,-1.037649586796760559e-01,-5.559651657208711729e-41,6.031188590454012673e-41,-5.033464083854742919e-41,5.483280890903009199e-41,2.247951459139585495e-03,4.248260334134101868e-02,-4.866047948598861694e-02,6.008067165792653192e-41,-5.011743957657708254e-41,-1.303712039269236810e-40,5.224601194388647967e-41,-5.900867833271804686e-41,5.188727953701932650e-41,-5.194613407252096882e-41,5.076203687016649839e-41,5.955938862919769997e-41,-4.241664335131645203e-02,-2.841848134994506836e-02,-5.875147506594657898e-02,-4.911691247304916315e-41,4.965080718795691846e-41,-5.109974980006877931e-41,5.385470258093136967e-41,5.002215128100299498e-41,5.203581717423775711e-41,-4.961997862174177248e-41,-5.941365358890791899e-41,-4.904123768210411072e-02,-4.021358117461204529e-02,5.009221620421923583e-41,-5.116280823096339608e-41,-4.938175788280655358e-41,5.095681735670764797e-41,-4.907907741451239309e-41,-1.947553306818008423e-01,-5.367629528045654297e-01,-2.158001624047756195e-02,-2.594388425350189209e-01,-5.638124371210901485e-41,5.688290856233729936e-41,5.756534091446348527e-41,-2.225170582532882690e-01,-1.094191223382949829e-01,-5.990410805142160496e-41,4.909729429454861571e-41
7.153876870870590210e-02,-4.846631288528442383e-01,5.002495387793164461e-41,-4.985259416681969212e-41,6.090323385648519954e-41,6.163050775946977960e-41,2.258125320076942444e-02,-5.961263797084204301e-41,-1.297982502728700638e-02,-5.901860073208808899e-02,6.173420384582981606e-41,-5.414337006458228199e-41,5.180740552455281193e-41,4.074763134121894836e-02,5.320870398887762900e-41,5.469548165952625991e-41,5.913899908990025484e-41,-4.952188772923903529e-41,6.833331286907196045e-02,4.943220462752224699e-41,2.790978364646434784e-02,-6.461072713136672974e-02,6.289868286968373905e-41,-5.347831174731254578e-02,-4.919678648551567773e-41,-4.906786702679779456e-41,5.072420181162972833e-41,5.109974980006877931e-41,6.274874393400098362e-41,-6.089202346877060100e-41,5.241837165499843217e-41,-4.947984877530929077e-41,1.513433083891868591e-02,1.031339094042778015e-01,4.353956878185272217e-02,-5.106331603999633406e-41,-4.931729815344761199e-41,4.960456433863419949e-41,6.139649091592753515e-41,-5.744903314192452546e-41,-5.774470711789706186e-41,-3.033907338976860046e-02,-5.149071207161540327e-41,-1.020079012960195541e-02,5.002775647486029425e-41,-5.341889875852635156e-41,5.473471801652735479e-41,5.212550027595454540e-41,6.311872601509094238e-02,-5.288500404361859626e-41,5.101567189220929028e-41,-1.735568977892398834e-02,-1.212963950719561657e-41,5.139402247757699089e-41,4.645164683461189270e-02,-5.065273558994916266e-41,5.027490481734275818e-02,1.181293372064828873e-02,4.330255463719367981e-02,4.958074226474067760e-41,-4.907066962372644419e-41,-4.961437342788447321e-41,3.723990172147750854e-02,-5.153275102554514778e-41,5.479217125356467229e-41,-6.122973639867288191e-41,-6.071265726533702441e-41,5.110815759085472821e-41,-5.001107230782508850e-02,-2.816887758672237396e-02,1.197423860430717468e-01,5.387992595328921638e-41,4.871569201350212097e-02,3.022952750325202942e-02,5.076343816863082321e-41,-6.181547915676065545e-41,5.442503105591157022e-41,6.144553636217890374e-41,2.583560906350612640e-02,-3.484022244811058044e-02,7.622925192117691040e-02,-5.777681991457939148e-02,3.532964289188385010e-01,8.740223944187164307e-02,-2.066804766654968262e-01,-9.642755985260009766e-02,-4.714443907141685486e-02,4.143814370036125183e-02,2.081608958542346954e-02,1.402161270380020142e-01,-1.718630269169807434e-02,-2.422840148210525513e-02,4.963819550177799510e-41,-1.011435911059379578e-01,8.017707616090774536e-02,3.048651516437530518e-01,5.121045237875043986e-41
5.915441337300782783e-41,-5.120344588642881577e-41,1.889065839350223541e-02,6.079533387473218862e-41,-5.769426037318136844e-41,-5.128051730196668071e-41,-2.221366351616986517e-40,-5.139962767143429016e-41,-4.924022673790974706e-41,-1.195041343360847246e-40,1.578383445739746094e-01,1.973873078823089600e-01,1.843891739845275879e-01,5.472210633034843144e-41,-5.186345746312580461e-41,-5.651016317082689802e-41,-5.149491596700837772e-41,9.662000834941864014e-02,5.296487805608511083e-41,9.419149905443191528e-02,4.994507986546513004e-41,5.676239689440536509e-41,5.210868469438264760e-41,-5.886714718782124033e-41,-5.259843543171882629e-02,4.814342409372329712e-02,4.986395686864852905e-02,3.488137945532798767e-02,6.042973324656486511e-02,4.925143712562434559e-41,-6.131381430653237094e-41,5.264398070775472772e-41,-5.475153359809925260e-41,-5.088675243349140711e-41,4.954711110159688199e-41,-5.673717352204751838e-41,-5.200358730955828632e-41,-4.963118900945637102e-41,6.102094292748848417e-41,5.598327494824076680e-41,6.024882747364550996e-41,2.504968047142028809e-01,5.094700826745737425e-41,-1.197204552590847015e-02,5.031782525697553138e-41,5.871580695367416009e-41,4.909168910069131645e-41,5.785961359197169686e-41,6.082476114248300978e-41,4.908888650376266681e-41,5.026177331840253870e-41,-5.025476682608091461e-41,-4.972227340963748413e-41,6.203268041873100210e-41,-5.114459135092717345e-41,-2.220228128135204315e-02,-5.101847448913793992e-41,4.980495001903264833e-41,5.746304612656777363e-41,8.282462507486343384e-02,-5.304895596394459985e-41,5.565817370451740924e-41,-4.906646572833346974e-41,-5.795910578293875887e-41,4.936354100277033096e-41,4.945882929834441852e-41,-5.218996000531348699e-41,4.960176174170554986e-41,-4.907066962372644419e-41,5.706227476577087595e-41,4.976991755742452791e-41,5.004317075796786724e-41,-5.502198420171394229e-41,-5.658723458636476296e-41,5.049859275887343278e-41,-5.833885766677078430e-41,6.104896889677498051e-41,-4.960456433863419949e-41,-4.931449555651896236e-41,1.040942445397377014e-01,6.471735984086990356e-02,5.265519109546932626e-41,5.042712653719286711e-41,4.959895914477690023e-41,-5.839210700841512735e-41,5.260194175382498321e-41,2.433268278837203979e-01,-5.011603827811275772e-41,-5.615563465935271930e-41,-6.192618173544231600e-41,-5.527001402989943491e-41,5.071579402084377943e-41,-4.905385404215454638e-41,5.894141600643045564e-41,-4.971246432038721041e-41,5.361367924506750113e-41,5.448248429294888772e-41
7.163081318140029907e-02,2.284855693578720093e-01,1.191060175187885761e-03,5.927151441574096680e-02,2.590256929397583008e-01,-5.018330060440034894e-41,2.160036936402320862e-02,1.575796119868755341e-02,7.559204846620559692e-02,3.562653437256813049e-02,2.545147836208343506e-01,3.659798502922058105e-01,9.110328555107116699e-02,4.250070080161094666e-02,-8.637446910142898560e-03,3.749192506074905396e-02,5.299150272690728235e-41,2.108714133501052856e-01,1.885066181421279907e-02,2.083340883255004883e-01,5.192375183105468750e-02,2.349614202976226807e-01,-4.967042536645746590e-41,-5.351326987147331238e-02,6.164381280541419983e-02,7.187435775995254517e-02,-2.326728217303752899e-02,5.593202263116836548e-02,1.184441000223159790e-01,5.329027771949768066e-01,1.533889863640069962e-02,-4.642693698406219482e-02,1.446338556706905365e-02,1.055206954479217529e-01,4.370902106165885925e-02,9.788303077220916748e-02,1.442805211991071701e-02,1.634640432894229889e-02,2.004429884254932404e-02,1.376341003924608231e-02,8.256808668375015259e-02,1.587323546409606934e-01,4.695835337042808533e-02,1.027084141969680786e-01,3.025924041867256165e-02,-1.361113488674163818e-01,2.033352106809616089e-02,7.498534768819808960e-02,6.186247244477272034e-02,2.021966315805912018e-02,-2.535879611968994141e-02,2.101240903139114380e-01,1.059508919715881348e-01,-4.305250942707061768e-02,4.917016181469350620e-41,8.211000263690948486e-02,9.033974260091781616e-02,-2.686387673020362854e-02,4.371863603591918945e-02,-1.693240739405155182e-02,1.091138124465942383e-01,2.827994227409362793e-01,5.127631340657370626e-41,1.263621449470520020e-01,1.132813021540641785e-01,4.082525148987770081e-02,9.462485462427139282e-02,2.236673608422279358e-02,3.743695467710494995e-02,6.507135927677154541e-02,1.149924322962760925e-01,-2.162801660597324371e-02,5.032763434622580510e-41,5.323953255509277498e-41,2.568832337856292725e-01,8.845391869544982910e-02,5.031093358993530273e-01,-7.830739021301269531e-02,5.491265654563903809e-02,2.083134353160858154e-01,1.499702632427215576e-01,1.495210230350494385e-01,3.863891661167144775e-01,9.017053246498107910e-02,8.967985957860946655e-02,3.752329200506210327e-02,2.387210428714752197e-01,3.243960142135620117e-01,6.718636304140090942e-02,1.404740810394287109e-01,5.591040742809587631e-41,-5.320309879502032973e-41,5.590628460049629211e-02,3.101768195629119873e-01,-2.320246305316686630e-03,2.164085209369659424e-01,-5.015667593357817742e-41
7.257521897554397583e-02,-1.124190725386142731e-02,5.133236534514669894e-41,-4.960876823402717394e-41,-5.772929283478948887e-41,-5.790445514283009100e-41,-5.138141079139806754e-41,-5.101707319067361510e-41,5.500937251553501894e-41,5.069617584234323199e-41,1.779741607606410980e-02,1.571928337216377258e-02,4.987641624071321401e-41,4.234597086906433105e-02,7.910150289535522461e-02,4.985679806221266657e-41,-5.568339707687525595e-41,3.610242158174514771e-02,6.725761294364929199e-02,7.324534654617309570e-02,2.958323061466217041e-02,1.393311619758605957e-01,9.878984838724136353e-02,-4.932290334730491126e-41,2.971018292009830475e-02,-5.000673699789542199e-41,2.638929523527622223e-02,-5.037247589708419925e-41,-4.982176560060454614e-41,1.709699630737304688e-02,5.594684118816832156e-41,5.029820707847498394e-41,1.382054574787616730e-02,-7.851840555667877197e-02,4.403404146432876587e-02,4.964660329256394401e-41,1.118375267833471298e-02,1.509282737970352173e-02,1.961901597678661346e-02,1.575168222188949585e-02,-5.722202279070390509e-41,6.248971074819564819e-02,4.652380570769309998e-02,-1.210577413439750671e-01,-5.994508042931556702e-02,3.515310958027839661e-02,2.143747173249721527e-02,6.943020969629287720e-02,6.503472477197647095e-02,4.922341115633784925e-41,5.049018496808748388e-41,8.981289714574813843e-02,5.103388877224551291e-41,4.956672928009742943e-41,-6.150018700228757161e-41,1.125879958271980286e-01,-1.256212741136550903e-01,1.143326517194509506e-02,-4.868875071406364441e-02,-1.546607632189989090e-02,4.805617406964302063e-02,5.875784590760390460e-41,-5.697399296251841247e-41,4.529027640819549561e-02,6.105551123619079590e-02,-5.790025124743711655e-41,-5.270283524325637004e-41,1.913001686334609985e-01,4.929487737801841492e-41,-5.002635517639596943e-41,-4.991144870232133443e-41,5.298449623458565827e-41,5.041311355254961894e-41,4.978533184053210090e-41,1.284275949001312256e-01,-2.760515935765959885e-40,8.985264599323272705e-02,-5.212409897749022059e-41,2.453287877142429352e-02,3.742687404155731201e-02,9.831272810697555542e-02,9.851019829511642456e-02,3.853579461574554443e-01,8.463492244482040405e-02,9.268292039632797241e-02,1.577596068382263184e-01,-2.342619448900222778e-01,2.918035387992858887e-01,1.948278583586215973e-02,-7.543970644474029541e-02,-5.162663802265491053e-41,5.266359888625527516e-41,5.459636449813842773e-02,8.172429352998733521e-02,1.453959260614143696e-40,-2.683204710483551025e-01,4.863050580024719238e-02
6.870881468057632446e-02,2.313981801271438599e-01,9.313068538904190063e-02,5.955421179533004761e-02,5.042012004487124303e-41,-5.037261173129081726e-02,-6.428698450326919556e-02,1.608413644134998322e-02,7.602307200431823730e-02,3.612074255943298340e-02,3.178579807281494141e-01,2.139555066823959351e-01,1.607242738828063011e-03,-1.299584507942199707e-01,7.548441737890243530e-02,-4.115200415253639221e-02,1.066210195422172546e-01,7.453942298889160156e-02,-1.551851332187652588e-01,-3.400401398539543152e-02,7.642111927270889282e-02,-3.494978696107864380e-02,9.942230582237243652e-02,3.644930571317672729e-02,1.536824405193328857e-01,-1.004197075963020325e-01,-2.000055834650993347e-02,-3.279830887913703918e-02,2.461754716932773590e-02,2.345450688153505325e-03,-1.447688904590904713e-03,-1.441487222909927368e-01,1.294999755918979645e-02,1.497991476207971573e-02,4.671718180179595947e-02,6.138808312514158624e-41,1.265947520732879639e-02,-6.846814602613449097e-02,1.758699491620063782e-02,1.468584127724170685e-02,1.620558053255081177e-01,3.204645514488220215e-01,4.764891788363456726e-02,1.882487833499908447e-01,-6.038109958171844482e-02,3.358177468180656433e-02,2.192698977887630463e-02,-7.680125068873167038e-03,6.580618768930435181e-02,9.013189701363444328e-04,-1.592485979199409485e-02,1.369407922029495239e-01,5.978209525346755981e-02,4.164764657616615295e-02,-4.960876823402717394e-41,9.517291560769081116e-03,1.461396068334579468e-01,-4.797123745083808899e-02,1.031170785427093506e-01,-1.610767096281051636e-02,3.187917545437812805e-02,3.470300137996673584e-02,4.918977999319405364e-41,1.253771334886550903e-01,2.185603044927120209e-02,3.501993417739868164e-02,9.573737531900405884e-02,1.028621867299079895e-01,3.679541125893592834e-02,-2.784995175898075104e-02,1.152381226420402527e-01,5.671706050634384155e-02,4.927105530412489303e-41,5.288780664054724589e-41,2.608570456504821777e-01,-1.383234397508203983e-03,2.584382593631744385e-01,1.343734413385391235e-01,5.474482104182243347e-02,1.659722775220870972e-01,3.190574944019317627e-01,6.797090172767639160e-02,3.853578865528106689e-01,8.973725140094757080e-02,8.971596509218215942e-02,6.618120521306991577e-02,3.749488592147827148e-01,2.826541960239410400e-01,1.519280374050140381e-01,-7.200273871421813965e-02,-5.846917842395299228e-41,6.140489870671348405e-41,5.624115467071533203e-02,1.278947591781616211e-01,1.695409999229013920e-03,3.072014749050140381e-01,5.286709591746330261e-02
-1.385460942983627319e-01,2.285189330577850342e-01,5.070119723677635193e-02,5.913668498396873474e-02,-4.964800459102826882e-41,-5.134777962825427193e-41,2.338670752942562103e-02,-5.058407196519724663e-41,7.380552589893341064e-02,3.414281457662582397e-02,1.537248343229293823e-01,2.965332567691802979e-01,9.458907693624496460e-02,4.351492226123809814e-02,7.822849601507186890e-02,-5.546199191951193485e-41,5.202180418959450894e-41,-3.324669599533081055e-02,1.067752689123153687e-01,1.857397705316543579e-02,5.652853101491928101e-02,1.793129742145538330e-01,1.017375811934471130e-01,-5.247789248824119568e-02,-1.756456121802330017e-02,-1.693630032241344452e-02,1.453672349452972412e-01,5.394260585308074951e-02,-8.580123633146286011e-02,9.196895360946655273e-02,1.266545802354812622e-01,-1.586357876658439636e-02,1.561758946627378464e-02,-7.369255274534225464e-02,4.667746275663375854e-02,-4.940137606130710102e-41,8.985417895019054413e-03,1.621072739362716675e-02,1.799431629478931427e-02,1.428856793791055679e-02,7.983746379613876343e-02,-8.253101259469985962e-03,4.633426293730735779e-02,9.995742142200469971e-02,-5.921767652034759521e-02,3.526369482278823853e-02,2.124915271997451782e-02,7.326395809650421143e-02,6.352354586124420166e-02,1.790776103734970093e-01,4.078692197799682617e-02,3.954946696758270264e-01,1.012616455554962158e-01,4.134511947631835938e-02,-5.944167955819441533e-41,7.650662213563919067e-03,9.007716178894042969e-02,1.224372722208499908e-02,-4.949110373854637146e-02,8.301249146461486816e-02,2.728813290596008301e-01,1.180326938629150391e-01,-5.287239235743967290e-41,-1.877869665622711182e-02,1.878912188112735748e-02,3.896912187337875366e-02,9.681747108697891235e-02,1.974485367536544800e-01,-5.033617466688156128e-02,-2.737666480243206024e-02,2.347475290298461914e-02,-2.432935684919357300e-02,5.593563080045372302e-41,-4.946303319373739297e-41,2.608613371849060059e-01,-5.687465891242027283e-04,9.311452507972717285e-02,-5.979200417427561960e-41,-2.900679782032966614e-02,7.414727658033370972e-02,1.124763712286949158e-01,1.074077468365430832e-02,3.509719669818878174e-01,8.696012943983078003e-02,8.777019381523132324e-02,-8.045572787523269653e-03,1.582662910223007202e-01,4.603213071823120117e-01,1.216198224574327469e-02,-7.276152074337005615e-02,-4.906926832526211937e-41,-5.224320934695783004e-41,5.660927668213844299e-02,1.530453655868768692e-02,9.364860504865646362e-02,-1.498645246028900146e-01,4.855128750205039978e-02
-3.823884204030036926e-02,-5.361057072877883911e-02,-5.283735989583155248e-41,4.998291492400190010e-41,4.994648116392945486e-41,-4.964940588949259364e-41,5.084891737495463705e-41,4.996329674550135266e-41,-5.467306088409706284e-41,-5.513969327271722692e-41,5.412235058761740973e-41,4.945322410448711925e-41,4.975730587124560455e-41,-4.921079947015892590e-41,-4.906786702679779456e-41,-5.304054817315865095e-41,5.031782525697553138e-41,4.927245660258921785e-41,5.102968487685253845e-41,4.931729815344761199e-41,-5.078585894406002028e-41,4.998711881939487455e-41,-5.294806247451321302e-41,5.060088754676914443e-41,-5.116000563403474644e-41,5.023094475218739272e-41,5.023094475218739272e-41,-5.199097562337936297e-41,4.906646572833346974e-41,5.874243162449633161e-41,5.314984945337598668e-41,4.928086439337516675e-41,1.374210510402917862e-02,1.295706164091825485e-02,-5.663067483875883229e-41,5.296908195147808528e-41,-5.119784069257151650e-41,4.928506828876814120e-41,-5.105350695074606034e-41,5.032202915236850583e-41,-5.797872396143930631e-41,-5.156498089022461858e-41,5.571282434462607711e-41,-6.056692222504724344e-41,-5.517192313739669772e-41,-5.142204844686348723e-41,-5.106191474153200925e-41,5.001094089328839644e-41,-5.632098787814304771e-41,4.944201371677252071e-41,-4.094089645309958547e-40,-5.382387401471622369e-41,-5.728928511699149631e-41,-5.072420181162972833e-41,5.521816598671941668e-41,5.901007963118237167e-41,-5.596225547127589454e-41,-5.465064010866786577e-41,5.020852397675819565e-41,-4.904684754983292230e-41,-4.941118515055737474e-41,5.212830287288319504e-41,-4.565032199025154114e-02,5.565817370451740924e-41,4.939577086744980175e-41,-2.735516771162405149e-40,-4.930048257187571419e-41,4.919258259012270327e-41,5.983684572513401375e-41,-6.162069867021950588e-41,-5.907734195746996289e-41,-5.051260574351668096e-41,-5.250104826439359638e-41,2.509150467813014984e-02,5.114319005246284864e-41,5.788904085972251802e-41,-5.293124689294131522e-41,5.687169817462270082e-41,-6.199064146480125758e-41,-5.641627617371713528e-41,5.269582875093474595e-41,-5.082229270413246553e-41,-6.153241686696704240e-41,-5.129873418200290333e-41,5.597206456052616826e-41,-5.415878434768985497e-41,4.906926832526211937e-41,-5.022814215525874309e-41,-4.968023445570773962e-41,5.180880682301713675e-41,-2.251926250755786896e-02,-2.490620873868465424e-02,5.461841024398839497e-41,5.223340025770755632e-41,5.203721847270208193e-41,-5.078305634713137065e-41,-4.945322410448711925e-41
-3.619095310568809509e-02,-4.936556220054626465e-01,6.274594133707233398e-41,5.571842953848337637e-41,5.282895210504560357e-41,2.433256692407542106e-40,5.229926128553082272e-41,5.596645936666886900e-41,-4.956392668316877980e-41,-5.132956274821804931e-41,4.710408672690391541e-02,1.075829863548278809e-01,5.479217125356467229e-41,4.381572082638740540e-02,8.067423850297927856e-02,-5.296347675762078601e-41,5.192511459555609656e-41,5.528122441761403345e-41,6.944273412227630615e-02,7.145536690950393677e-02,2.955713309347629547e-02,1.433505266904830933e-01,1.001142486929893494e-01,5.004457205643219205e-41,3.502225875854492188e-02,-5.121185367721476467e-41,2.462845854461193085e-02,5.217594702067023882e-41,6.050669774413108826e-02,1.661709509789943695e-02,5.497574135239122333e-41,5.814968237408693399e-41,1.466106623411178589e-02,-8.029679954051971436e-02,4.628913104534149170e-02,5.042432394026421748e-41,1.331622060388326645e-02,1.588810421526432037e-02,1.952614262700080872e-02,1.304506883025169373e-02,4.977972664667480163e-41,1.626304239034652710e-01,4.605356976389884949e-02,1.051581650972366333e-01,2.931413240730762482e-02,3.549844399094581604e-02,2.016053348779678345e-02,7.207905501127243042e-02,6.401302665472030640e-02,-5.594403859123967192e-41,-4.909869559301294053e-41,8.561782538890838623e-02,5.207505353123885199e-41,6.161369217789788179e-41,-5.009922269654085992e-41,1.175557896494865417e-01,5.431147292256355286e-02,1.142426021397113800e-02,4.218697175383567810e-02,5.147950168390080473e-41,4.641138017177581787e-02,-5.529663870072160644e-41,1.459452350594296979e-40,4.453122243285179138e-02,-2.253583632409572601e-02,-5.115421116352081299e-02,9.552165865898132324e-02,5.468701943755149841e-02,6.091304294573547326e-41,-4.927385790105354266e-41,5.560072046748009174e-41,5.898906015421749942e-41,-5.222359116845728260e-41,-5.047056678958693644e-41,1.268055438995361328e-01,1.175240996059937581e-40,9.232445806264877319e-02,6.305142440229514411e-41,2.524483203887939453e-02,3.115955367684364319e-02,-6.995627284049987793e-02,2.901617670431733131e-03,3.871279656887054443e-01,8.801586925983428955e-02,9.307665377855300903e-02,1.558756083250045776e-01,1.473726630210876465e-01,9.052614122629165649e-02,2.167303115129470825e-02,-6.837896257638931274e-02,-5.193492368480637028e-41,-5.946550163208793722e-41,5.759478360414505005e-02,8.288291096687316895e-02,-4.991285000078565925e-41,1.661258935928344727e-01,4.819492250680923462e-02
-3.378131985664367676e-02,3.795439749956130981e-02,9.148542582988739014e-02,5.829164758324623108e-02,-5.362909352817507412e-41,4.923181894712379815e-41,1.850595325231552124e-02,1.657952927052974701e-02,7.463881373405456543e-02,3.572121635079383850e-02,2.990263998508453369e-01,4.186607003211975098e-01,1.326037645339965820e-01,4.381685331463813782e-02,8.035131543874740601e-02,3.452043980360031128e-02,5.312042218562516552e-41,1.298400312662124634e-01,6.670507043600082397e-02,9.999778121709823608e-02,2.742411568760871887e-02,3.027174435555934906e-02,-4.274303317070007324e-01,-5.014966944125655333e-41,6.200611591339111328e-02,7.052423059940338135e-02,5.928106233477592468e-02,5.507566034793853760e-02,-8.297233283519744873e-02,2.755815628916025162e-03,4.460580646991729736e-02,8.076789975166320801e-02,1.484918035566806793e-02,1.058496907353401184e-01,4.474458470940589905e-02,4.992265909003593297e-41,1.214078161865472794e-02,1.351367589086294174e-02,1.915050111711025238e-02,1.627673208713531494e-02,3.025041427463293076e-03,1.608328521251678467e-01,4.405555501580238342e-02,1.630647922866046429e-03,3.061724640429019928e-02,3.600735217332839966e-02,-6.650357693433761597e-02,7.351713627576828003e-02,-1.515246331691741943e-01,4.947704617838064114e-41,-2.197459526360034943e-02,2.275740057229995728e-01,1.642423868179321289e-02,4.277490451931953430e-02,-4.682999337927106169e-41,-5.510999262332916260e-02,-1.070439219474792480e-01,1.575077325105667114e-02,4.555336385965347290e-02,8.334504067897796631e-02,1.850932538509368896e-01,3.738115355372428894e-02,-5.216053273756266583e-41,1.307058483362197876e-01,-1.546423584222793579e-01,4.112376272678375244e-02,9.887178987264633179e-02,1.097083315253257751e-01,3.635071963071823120e-02,-2.843528427183628082e-02,3.456922248005867004e-02,-2.588453516364097595e-02,-5.533447375925837650e-41,-5.041311355254961894e-41,1.043834611773490906e-01,9.033264219760894775e-02,3.863127827644348145e-01,-1.222991347312927246e-01,5.212480947375297546e-02,2.068230956792831421e-01,1.502983123064041138e-01,1.518880724906921387e-01,3.829963207244873047e-01,9.020615369081497192e-02,8.783026784658432007e-02,2.228049337863922119e-01,2.397795468568801880e-01,3.577591180801391602e-01,-2.944726310670375824e-02,1.401726454496383667e-01,-1.343578980579277856e-40,-5.192231199862744693e-41,5.534036830067634583e-02,8.520305901765823364e-02,9.419674426317214966e-02,3.047672212123870850e-01,-4.659044742584228516e-02
-1.378416568040847778e-01,-1.247615367174148560e-01,-2.164317071437835693e-01,-5.567639058455363186e-41,-1.593734472990036011e-01,-5.396680645807735504e-41,-5.387992595328921638e-41,-4.966482017260016663e-41,5.108013162156823187e-41,-5.202040289113018412e-41,-1.536224633455276489e-01,-1.214218661189079285e-01,-5.462121284091704461e-41,-5.109170824289321899e-02,-8.662607520818710327e-02,-5.152574453322352370e-41,-5.597626845591914272e-41,-1.037774309515953064e-01,-1.378075629472732544e-01,-1.310458779335021973e-01,-6.334315985441207886e-02,-2.074301689863204956e-01,-3.471506536006927490e-01,5.071859661777242907e-41,-6.446955353021621704e-02,5.159861205336841419e-41,-6.524451076984405518e-02,-5.114178875399852382e-41,4.918697739626540401e-41,-5.315505266189575195e-01,-5.527982311914970863e-41,-4.908328130990536754e-41,1.274223811924457550e-02,1.840438321232795715e-02,-4.065289720892906189e-02,5.099044851985144358e-41,-5.959722368773447003e-41,5.348055589095664351e-41,-5.039209407558474669e-41,-4.913653065154971059e-41,-5.943747566280144088e-41,-2.710180580615997314e-01,4.695906862616539001e-02,-7.602399215102195740e-03,-6.038856133818626404e-02,-4.444543644785881042e-02,-5.898781493306159973e-02,-8.833872526884078979e-02,-1.506586968898773193e-01,5.054343430973182693e-41,4.914774103926430913e-41,-1.185113936662673950e-01,-5.704265658727032851e-41,-5.848739530398921491e-41,-3.702486306428909302e-02,-2.577394545078277588e-01,-1.240467000752687454e-02,-7.121764868497848511e-02,3.854310140013694763e-02,5.105350695074606034e-41,-9.944761544466018677e-02,-9.999947249889373779e-02,-4.829588532447814941e-02,4.466714337468147278e-02,2.044672146439552307e-02,-5.132839828729629517e-02,9.363605082035064697e-02,-1.449992209672927856e-01,-5.037948238940582333e-41,-5.341049096774040266e-41,5.325915073359332241e-41,6.026424175675308295e-41,-3.434314206242561340e-02,-5.373987555503845215e-02,-1.683151870965957642e-01,5.124128094496558583e-41,-1.045138388872146606e-01,-5.471669603139162064e-03,-6.294585019350051880e-02,5.935232341289520264e-02,-2.143491432070732117e-02,-7.909864187240600586e-02,-5.372336506843566895e-01,-2.594945132732391357e-01,-1.967485398054122925e-01,-2.614013291895389557e-02,-1.170856580138206482e-01,-5.090444087982177734e-01,3.643442317843437195e-02,3.146634250879287720e-02,-2.151025831699371338e-02,-2.372404560446739197e-02,-2.047781050205230713e-01,-2.456620186567306519e-01,-5.140943676068456388e-41,-3.729585185647010803e-02,-1.435274928808212280e-01
-3.488117828965187073e-02,2.282633632421493530e-01,-8.759484440088272095e-02,5.828731134533882141e-02,-5.606071278452873230e-02,-4.784196615219116211e-02,-6.361636519432067871e-02,1.736841537058353424e-02,-1.095314025878906250e-01,-5.802922323346138000e-02,1.553153842687606812e-01,1.398835983127355576e-02,9.825411438941955566e-02,1.178239881992340088e-01,-6.336629390716552734e-03,3.893995285034179688e-02,1.131319925189018250e-01,1.257314234972000122e-01,3.057565540075302124e-02,1.170835271477699280e-01,-9.706474840641021729e-02,2.663692235946655273e-01,1.006662473082542419e-01,3.499494493007659912e-02,6.843031942844390869e-02,-2.122884057462215424e-02,5.828770622611045837e-02,-3.323762118816375732e-02,1.177869364619255066e-01,-4.677271097898483276e-02,6.517048925161361694e-02,-1.303585898131132126e-02,1.571016386151313782e-02,1.489140000194311142e-02,4.405641555786132812e-02,1.903521269559860229e-02,1.532767619937658310e-02,1.624743826687335968e-02,1.918965205550193787e-02,8.503381162881851196e-03,7.890713214874267578e-02,2.879068553447723389e-01,4.617804288864135742e-02,1.280726492404937744e-01,2.914837189018726349e-02,3.464423865079879761e-02,2.096925303339958191e-02,7.003114372491836548e-02,6.379554420709609985e-02,4.751259461045265198e-02,-1.961323618888854980e-02,-2.928818017244338989e-02,6.510517559945583344e-03,-4.041879624128341675e-02,-4.942940203059359736e-41,1.132495179772377014e-01,1.497842371463775635e-01,6.396651268005371094e-02,4.960638657212257385e-02,8.313323557376861572e-02,-2.052075788378715515e-02,-1.268818825483322144e-01,5.310921179791056699e-41,1.253828108310699463e-01,1.145646572113037109e-01,-4.870049282908439636e-02,9.383744001388549805e-02,-6.083689257502555847e-02,3.712532669305801392e-02,-3.042188100516796112e-02,1.133484840393066406e-01,1.558354869484901428e-02,5.484401929674469052e-41,5.800114473686850338e-41,2.339469268918037415e-02,8.905771374702453613e-02,8.077134937047958374e-02,-5.908715104672023661e-41,2.544914186000823975e-02,1.513912994414567947e-02,1.522197574377059937e-01,5.227538943290710449e-02,3.882646560668945312e-01,9.295994788408279419e-02,9.025116264820098877e-02,1.903340667486190796e-01,2.560362219810485840e-01,2.258836477994918823e-01,-3.970003873109817505e-02,1.404668539762496948e-01,6.034972096307689679e-41,-5.022954345372306791e-41,-3.310038149356842041e-02,1.422084420919418335e-01,2.825198927894234657e-03,3.070883452892303467e-01,4.798786714673042297e-02
7.207015156745910645e-02,3.777585178613662720e-02,7.511339150369167328e-03,5.599488317966461182e-02,-5.790305384436576619e-41,-5.154115881633109669e-41,2.262659929692745209e-02,1.439253240823745728e-02,7.332434505224227905e-02,3.485351428389549255e-02,8.818747103214263916e-02,1.234828755259513855e-01,-3.642709553241729736e-02,3.684007376432418823e-02,7.473299652338027954e-02,-4.345203191041946411e-02,5.592161781581047485e-41,9.652069211006164551e-02,6.472222506999969482e-02,2.077391743659973145e-01,2.953531779348850250e-02,2.097648978233337402e-01,1.010635644197463989e-01,-5.267447233200073242e-02,1.546285599470138550e-01,7.172860950231552124e-02,-2.103479765355587006e-02,5.126493424177169800e-02,1.385937072336673737e-02,1.779277473688125610e-01,1.249019950628280640e-01,7.357071340084075928e-02,1.551553048193454742e-02,1.397057715803384781e-02,4.612799361348152161e-02,5.301392350233647943e-41,1.392423920333385468e-02,1.553887594491243362e-02,1.879044249653816223e-02,1.469860412180423737e-02,1.631135642528533936e-01,1.309567540884017944e-01,4.562684893608093262e-02,1.036380901932716370e-01,-5.999467149376869202e-02,3.639204055070877075e-02,2.119132131338119507e-02,7.305113971233367920e-02,6.383734196424484253e-02,-7.016403228044509888e-02,-2.412365935742855072e-02,1.953597664833068848e-01,-6.657189875841140747e-02,-4.106214269995689392e-02,-5.593002560659642375e-41,1.145260855555534363e-01,8.726641535758972168e-04,6.376272439956665039e-02,-4.866729676723480225e-02,-2.097925357520580292e-02,-1.298821866512298584e-01,5.739017860642288314e-41,5.898765885575317460e-41,1.243851706385612488e-01,2.090177498757839203e-02,-5.388707295060157776e-02,9.479752182960510254e-02,2.041175775229930878e-02,3.898263722658157349e-02,5.911309644579887390e-02,1.148229092359542847e-01,5.695700272917747498e-02,4.945322410448711925e-41,-6.134884676814049137e-41,-7.394319772720336914e-02,4.371973220258951187e-03,-7.473712787032127380e-03,-4.950367084920281266e-41,5.096925795078277588e-02,1.232372373342514038e-01,1.508249789476394653e-01,-2.427645772695541382e-02,3.038616478443145752e-01,-9.080923348665237427e-02,9.053200483322143555e-02,-4.358945414423942566e-02,2.395072728395462036e-01,4.033322930335998535e-01,1.031288430094718933e-01,-1.770862638950347900e-01,6.048704821258072887e-41,-4.986520585299861547e-41,5.572573095560073853e-02,4.679844155907630920e-02,9.473424404859542847e-02,1.739841699600219727e-01,4.714086651802062988e-02
5.051540834044533059e-41,5.690673063623082125e-41,2.704755030572414398e-02,5.809222913704961649e-41,1.419319162576034218e-40,-4.908328130990536754e-41,1.104012995118307129e-40,-5.995175219920864875e-41,4.955832148931148053e-41,4.926965400566056821e-41,-5.068496545462863346e-41,5.059808494984049480e-41,-5.735935004020773716e-41,5.342730654931230046e-41,4.272685134588156483e-40,5.868637968592333893e-41,4.925704231948164486e-41,1.322685620476194833e-41,-5.959862498619879484e-41,6.160948828250490734e-41,-5.094560696899304943e-41,-6.065800662522835655e-41,4.913933324847836023e-41,4.986100195760564102e-41,-5.550823476883465381e-41,-5.024355643836631608e-41,-4.905245274369022157e-41,-5.170791333358574992e-41,-1.117493486345111870e-40,4.908188001144104273e-41,-4.916175402390755730e-41,-4.975870716970992937e-41,1.286013639664814370e-40,5.700622282719788326e-41,-4.997170453628730157e-41,5.145427831154295803e-41,-6.174681553200873941e-41,-5.560912825826604064e-41,-5.152434323475919888e-41,2.465220310378791184e-40,-5.627194243189167912e-41,1.274885684251785278e-01,4.955551889238283090e-41,-3.193401396274566650e-01,-4.945462540295144407e-41,5.056445378669669919e-41,-4.958214356320500242e-41,-5.007259802571868840e-41,4.964380069563529437e-41,-6.234516997627543630e-41,5.229926128553082272e-41,4.966201757567151699e-41,-5.093019268588547644e-41,-4.988622532996348772e-41,-5.055744729437507510e-41,5.120344588642881577e-41,-5.544237374101138741e-41,-5.131414846511047632e-41,5.377482856846485510e-41,-5.586696717570180698e-41,-5.626213334264140540e-41,5.163084191804788498e-41,-3.013562412453735352e-40,-5.017349151515007522e-41,-5.035005512165500218e-41,-4.983297598831914468e-41,-4.914493844233565949e-41,-4.918417479933675437e-41,5.008941360729058620e-41,1.652271019285391808e-41,-4.940838255362872510e-41,-4.985119286835536730e-41,-5.185504967233985571e-41,5.819452392494532814e-41,-5.522517247904104077e-41,4.922060855940919962e-41,-5.342450395238365083e-41,-5.531065168536485461e-41,5.446707000984131473e-41,2.881851792335510254e-02,6.421971321105957031e-02,-5.416719213847580388e-41,-5.840051479920107625e-41,6.086539879794842948e-41,-5.637563851825171558e-41,4.949806565534551340e-41,8.323737420141696930e-03,-6.140770130364213368e-41,4.996469804396567748e-41,-6.169496748882872118e-41,-6.256797643210308222e-41,-5.092038359663520272e-41,5.392336620568328571e-41,5.646812421689715351e-41,-5.217314442374158918e-41,5.178638604758793967e-41,-5.416579084001147906e-41
6.924001127481460571e-02,-1.649792194366455078e-01,-2.209024270996451378e-03,-4.919398388858702809e-41,7.185304909944534302e-02,-4.982176560060454614e-41,2.414180524647235870e-02,4.004995088948186678e-40,3.504918888211250305e-02,-6.172579605504386716e-41,-2.944707274436950684e-01,-7.717292755842208862e-02,-1.277566850185394287e-01,-5.154203623533248901e-02,7.248286902904510498e-02,-4.923882543944542224e-41,1.076246052980422974e-01,-7.870821654796600342e-02,-1.626617163419723511e-01,-1.913361400365829468e-01,-1.539780851453542709e-02,-1.284899264574050903e-01,-8.576074242591857910e-02,-5.174439400434494019e-02,2.085467858705669641e-04,-6.187713628919094740e-41,7.323615998029708862e-02,5.166587437965600540e-41,6.063806265592575073e-02,5.101018026471138000e-02,-1.060394570231437683e-01,-1.025629490613937378e-01,1.153705269098281860e-02,1.069326326251029968e-01,-2.149985283613204956e-01,5.323252606277115089e-41,-6.799767911434173584e-02,1.006271503865718842e-02,-6.696500629186630249e-02,-6.706232577562332153e-02,8.076167106628417969e-02,-4.555488377809524536e-02,-4.325823858380317688e-02,-8.634585887193679810e-03,-6.039759144186973572e-02,-4.714722931385040283e-02,-6.461289525032043457e-02,-1.735039949417114258e-01,-1.514870226383209229e-01,6.848737830296158791e-04,-5.596926196359751863e-41,-1.581079810857772827e-01,-2.593088895082473755e-02,5.308679102248136991e-41,-3.235622495412826538e-02,-9.641802310943603516e-02,1.494724005460739136e-01,1.188434008508920670e-02,3.027792461216449738e-02,-1.586243323981761932e-02,-8.714306354522705078e-02,-3.193372488021850586e-02,3.702890500426292419e-02,4.653872922062873840e-02,2.109170332551002502e-02,-4.874016344547271729e-02,-8.117700368165969849e-02,1.086357757449150085e-01,2.588234283030033112e-02,4.300700500607490540e-02,1.160620003938674927e-01,-5.560772695980171583e-41,-3.421021625399589539e-02,-5.307691171765327454e-02,-2.209997475147247314e-01,8.812212198972702026e-02,-3.702201321721076965e-02,-9.412068873643875122e-02,-6.379272043704986572e-02,8.973247371613979340e-03,9.008150547742843628e-02,7.875111768953502178e-04,3.155161142349243164e-01,8.875660598278045654e-02,-2.879945337772369385e-01,5.796372517943382263e-02,2.238105982542037964e-01,-8.724544942378997803e-02,2.048756629228591919e-01,1.389491707086563110e-01,-2.262987941503524780e-02,-2.262259647250175476e-02,5.097997933626174927e-02,-2.080100923776626587e-01,-5.717146769165992737e-02,-2.999608814716339111e-01,-1.424712985754013062e-01
7.246924936771392822e-02,-3.062338829040527344e-01,-6.441673729568719864e-03,-4.912952415922808651e-41,9.457015246152877808e-02,-4.667037352919578552e-02,2.292086184024810791e-02,4.917016181469350620e-41,-1.841638237237930298e-02,-5.767630785703659058e-02,-8.863121271133422852e-03,-2.200149148702621460e-01,-8.668587356805801392e-02,-5.037760362029075623e-02,-6.148494780063629150e-03,-4.904965014676157193e-41,1.080550253391265869e-01,2.873489819467067719e-02,-6.310468167066574097e-02,-1.331099718809127808e-01,7.075746357440948486e-02,-1.383022964000701904e-01,-1.646224409341812134e-01,-5.320450009348465455e-41,3.066511824727058411e-02,6.178184799361685984e-41,2.353615127503871918e-02,5.038088368787014815e-41,-4.604724794626235962e-02,1.392434984445571899e-01,-5.000393440096677236e-41,-5.838229791916485363e-41,1.469257101416587830e-02,1.067415997385978699e-01,4.226724430918693542e-02,-5.141644325300618797e-41,-6.314218789339065552e-02,1.179765816777944565e-02,-6.548802554607391357e-02,-6.995853781700134277e-02,-5.001794738561002053e-41,2.684717774391174316e-01,-3.877837955951690674e-02,1.049253121018409729e-01,2.755530178546905518e-02,-5.332244560122489929e-02,-6.718005985021591187e-02,7.198700308799743652e-02,6.262088567018508911e-02,7.459275890141725540e-03,-2.357446216046810150e-02,7.138318568468093872e-02,-6.996171921491622925e-02,5.077885245173839620e-41,-3.682718053460121155e-02,-1.803400665521621704e-01,-1.040461566299200058e-02,-4.297567158937454224e-02,1.092247590422630310e-01,-1.179375424981117249e-01,-4.675988852977752686e-02,-1.114202849566936493e-02,3.745340555906295776e-02,4.528795182704925537e-02,1.126405522227287292e-01,-5.247757583856582642e-02,-7.702438533306121826e-02,1.055313572287559509e-01,3.756667673587799072e-02,-2.914283983409404755e-02,3.080823458731174469e-02,5.377482856846485510e-41,-3.313437849283218384e-02,-5.198067054152488708e-02,-6.794424355030059814e-02,-1.694389283657073975e-01,-4.413701128214597702e-03,5.065834078380646193e-41,2.615664526820182800e-02,1.619788110256195068e-01,1.098763197660446167e-01,9.675692021846771240e-02,3.173818588256835938e-01,8.789418637752532959e-02,8.987772464752197266e-02,7.041119039058685303e-02,2.315527200698852539e-01,3.688966035842895508e-01,2.869414910674095154e-02,3.509172052145004272e-02,-2.150489948689937592e-02,-2.287550829350948334e-02,-1.217899322509765625e-01,1.022329926490783691e-01,-1.912562060169875622e-03,-1.279221177101135254e-01,4.844275861978530884e-02
7.101140171289443970e-02,2.276995480060577393e-01,-2.749960694927722216e-04,1.508722826838493347e-02,-2.437555231153964996e-02,-4.441393166780471802e-02,-6.549104303121566772e-02,6.133763638042589283e-41,-1.052259579300880432e-01,-5.792438983917236328e-02,-8.960142731666564941e-02,-3.557554483413696289e-01,-1.727547943592071533e-01,1.151213720440864563e-01,7.924100756645202637e-02,-5.049438886348045833e-41,1.104519888758659363e-01,1.202252656221389771e-01,-1.762250997126102448e-02,-1.583017557859420776e-01,-1.186938211321830750e-01,3.056415319442749023e-01,1.026478558778762817e-01,3.464209288358688354e-02,-5.556810647249221802e-02,4.652466624975204468e-02,-5.024376511573791504e-02,-5.308162793517112732e-02,-3.130407929420471191e-01,2.475343644618988037e-02,-1.342462301254272461e-01,-4.543341696262359619e-02,1.461605075746774673e-02,1.082872599363327026e-01,4.709610715508460999e-02,1.001636162400245667e-01,1.345482748001813889e-02,1.484603807330131531e-02,1.929235644638538361e-02,1.115900278091430664e-02,-1.004884615540504456e-01,1.968121826648712158e-01,4.733029007911682129e-02,-6.983966566622257233e-03,2.766021899878978729e-02,3.726647794246673584e-02,2.136856690049171448e-02,7.342218607664108276e-02,6.338924169540405273e-02,2.520776167511940002e-02,-2.031557448208332062e-02,6.486627459526062012e-02,9.342756122350692749e-03,-4.913372805462106096e-41,-3.129693865776062012e-02,1.132928505539894104e-01,1.495025455951690674e-01,9.319065511226654053e-02,-6.379202753305435181e-02,-1.749552041292190552e-01,-1.040580868721008301e-01,6.443615257740020752e-02,-4.726498201489448547e-02,4.209388047456741333e-02,-2.683655172586441040e-02,-4.987361364378456437e-41,6.490727514028549194e-02,-1.408874541521072388e-01,3.796673566102981567e-02,-2.766592614352703094e-02,2.734549343585968018e-02,5.697539426098273729e-41,-3.589704260230064392e-02,2.872874774038791656e-02,-1.013495028018951416e-01,-2.143433243036270142e-01,1.461450755596160889e-01,4.919118129165837846e-41,2.287683822214603424e-02,-1.181941106915473938e-01,1.502425819635391235e-01,-1.322161257266998291e-01,-1.016808375716209412e-01,8.817861229181289673e-02,9.241050481796264648e-02,1.557852029800415039e-01,-1.402234286069869995e-02,-2.674250006675720215e-01,9.075708687305450439e-02,-1.796336621046066284e-01,-2.094403468072414398e-02,-2.442230284214019775e-02,5.447246879339218140e-02,2.206232249736785889e-01,-9.339173138141632080e-02,-2.315914481878280640e-01,5.037525668740272522e-02
6.848438829183578491e-02,2.204846888780593872e-01,3.861585631966590881e-02,5.425950139760971069e-02,4.931589685498328718e-41,3.495173901319503784e-02,1.936061680316925049e-02,1.558011118322610855e-02,7.512105256319046021e-02,3.624914959073066711e-02,2.974964380264282227e-01,5.652785897254943848e-01,1.721587590873241425e-02,3.855744376778602600e-02,7.793289422988891602e-02,3.591139242053031921e-02,1.067863106727600098e-01,3.594122454524040222e-02,1.267616897821426392e-01,2.030225098133087158e-01,7.834398746490478516e-02,3.470360338687896729e-01,1.005989089608192444e-01,3.488582745194435120e-02,1.546130031347274780e-01,6.968508660793304443e-02,6.419617682695388794e-02,5.477063730359077454e-02,1.155602782964706421e-01,5.088757723569869995e-02,4.414654895663261414e-02,7.571657001972198486e-02,1.380836032330989838e-02,1.002830490469932556e-01,4.301582649350166321e-02,-5.714495137516604015e-41,1.338877342641353607e-02,1.568655110895633698e-02,2.045528963208198547e-02,1.445115264505147934e-02,1.100448071956634521e-01,3.404199779033660889e-01,4.691761732101440430e-02,1.867095530033111572e-01,2.904102578759193420e-02,3.133806213736534119e-02,2.154040895402431488e-02,7.447319477796554565e-02,6.445309519767761230e-02,1.736328303813934326e-01,6.421735137701034546e-02,3.940888941287994385e-01,5.210302025079727173e-02,4.223790019750595093e-02,5.296768065301376046e-41,1.147233247756958008e-01,7.004454731941223145e-02,2.454406470060348511e-01,1.079002320766448975e-01,8.230651915073394775e-02,1.085774749517440796e-01,1.198556870222091675e-01,-4.971246432038721041e-41,1.261408478021621704e-01,2.079115249216556549e-02,4.012319445610046387e-02,4.220220725983381271e-03,1.146244853734970093e-01,3.941254317760467529e-02,6.242100894451141357e-02,2.983683161437511444e-02,-2.551065385341644287e-02,-5.402005579972169808e-41,4.908188001144104273e-41,2.612631022930145264e-01,8.780413866043090820e-02,5.045647025108337402e-01,1.352339684963226318e-01,5.324401333928108215e-02,2.421655952930450439e-01,1.102319806814193726e-01,1.497458964586257935e-01,3.888914883136749268e-01,8.919873088598251343e-02,8.708543330430984497e-02,2.225868552923202515e-01,3.076718747615814209e-01,6.627745032310485840e-01,3.275340050458908081e-02,1.407137662172317505e-01,-5.997137037770919618e-41,-4.969004354495801333e-41,5.589650198817253113e-02,1.881201565265655518e-01,9.420863538980484009e-02,2.232812345027923584e-02,4.784580320119857788e-02
7.615873962640762329e-02,-8.973868191242218018e-02,-1.127857249230146408e-03,5.836672335863113403e-02,5.537230881779514656e-41,5.689692154698054753e-41,2.241010405123233795e-02,1.460467278957366943e-02,-1.439640205353498459e-02,3.397876024246215820e-02,-9.296280145645141602e-02,1.256713718175888062e-01,5.686025135219097137e-03,4.251406341791152954e-02,-1.148732658475637436e-02,3.570003062486648560e-02,4.910570208533456462e-41,-2.201066911220550537e-01,2.434450201690196991e-02,3.760490939021110535e-02,-3.981661051511764526e-03,6.910751014947891235e-02,1.023300811648368835e-01,-5.251048132777214050e-02,-2.460616827011108398e-02,7.084217667579650879e-02,6.659895181655883789e-02,5.560532212257385254e-02,-7.712837308645248413e-02,-7.148056477308273315e-02,1.278941333293914795e-01,7.223014533519744873e-02,1.361833326518535614e-02,1.752674765884876251e-02,4.638885706663131714e-02,-5.197275874334314034e-41,1.349879894405603409e-02,1.574596203863620758e-02,2.112227492034435272e-02,1.696713268756866455e-02,8.381330966949462891e-02,1.626354157924652100e-01,-4.331910610198974609e-02,1.043007597327232361e-01,2.954215183854103088e-02,-5.345570296049118042e-02,2.136988379061222076e-02,-7.749439682811498642e-03,-4.553512483835220337e-02,9.854237735271453857e-02,-2.173048444092273712e-02,-2.745542228221893311e-01,-6.324761360883712769e-02,-4.247282072901725769e-02,-4.920659557476595145e-41,1.145920753479003906e-01,1.246597915887832642e-01,1.679340153932571411e-01,-4.834247380495071411e-02,-1.926718093454837799e-02,-1.299013942480087280e-01,3.843517228960990906e-02,4.907207092219076901e-41,4.069900885224342346e-02,-6.162270903587341309e-02,4.032526910305023193e-02,2.226067706942558289e-02,1.039118468761444092e-01,3.885566815733909607e-02,6.378772854804992676e-02,1.132420524954795837e-01,-1.075330376625061035e-01,-4.989323182228511181e-41,-5.410413370758118711e-41,1.093739196658134460e-01,8.810140937566757202e-02,3.250057995319366455e-01,4.567281901836395264e-02,5.490610376000404358e-02,-5.067192390561103821e-02,1.490000337362289429e-01,6.395749747753143311e-02,3.861820101737976074e-01,8.709697425365447998e-02,9.065195918083190918e-02,6.617046147584915161e-02,1.602971702814102173e-01,1.066396459937095642e-01,7.734240591526031494e-02,-1.799677759408950806e-01,1.311461219776953049e-40,5.362488963278209967e-41,5.379056185483932495e-02,1.708562523126602173e-01,-3.916419576853513718e-03,-3.853733539581298828e-01,4.722116515040397644e-02
7.066906243562698364e-02,4.709882289171218872e-02,6.631769705563783646e-03,5.728104710578918457e-02,5.000673699789542199e-41,-4.913793195001403541e-41,2.141750045120716095e-02,1.819480583071708679e-02,-5.001795291900634766e-02,-5.746413394808769226e-02,-1.851276159286499023e-01,3.155517280101776123e-01,9.096956811845302582e-03,4.366227984428405762e-02,-8.813210763037204742e-03,4.948685526763091486e-41,-5.111796668010500193e-41,-1.045657023787498474e-01,6.649412959814071655e-02,1.152797564864158630e-01,2.495488896965980530e-02,1.027882546186447144e-01,1.019868999719619751e-01,-4.908188001144104273e-41,-4.950880259275436401e-02,4.699960350990295410e-02,-1.404545754194259644e-01,-5.316606163978576660e-02,1.430775597691535950e-02,8.689683862030506134e-03,1.748795737512409687e-03,-4.522020742297172546e-02,1.472691167145967484e-02,-7.627236843109130859e-02,4.094642773270606995e-02,5.392196490721896089e-41,1.280902698636054993e-02,1.626094616949558258e-02,1.715180650353431702e-02,1.497962698340415955e-02,7.957760244607925415e-02,-1.802565157413482666e-02,-4.677920043468475342e-02,-5.419990979135036469e-03,2.875637263059616089e-02,-5.497556924819946289e-02,1.998332701623439789e-02,7.152178138494491577e-02,-1.488492041826248169e-01,3.280201926827430725e-02,5.287799755129697217e-41,6.539525091648101807e-02,-6.481157243251800537e-02,-4.244201257824897766e-02,-5.223059766077890668e-41,1.166338287293910980e-02,-1.355972420424222946e-02,1.150646805763244629e-02,4.179917648434638977e-02,-1.166999042034149170e-01,-1.325606107711791992e-01,-1.742727309465408325e-01,-4.917576700855080547e-41,1.275381594896316528e-01,-7.449093461036682129e-02,3.892463445663452148e-02,9.547594934701919556e-02,7.051978260278701782e-02,3.792307153344154358e-02,6.417191028594970703e-02,-5.503039199249989119e-41,1.539713330566883087e-02,-5.068216285769998382e-41,4.905245274369022157e-41,2.551111280918121338e-01,-8.576413244009017944e-02,5.089413747191429138e-02,-3.146448358893394470e-02,-1.198974251747131348e-01,-1.331861168146133423e-01,1.426309347152709961e-01,-2.959967590868473053e-02,3.147193789482116699e-01,-6.497892085462808609e-03,9.170313924551010132e-02,5.585684254765510559e-02,1.648694574832916260e-01,-7.842906564474105835e-02,-4.952417314052581787e-02,-8.345197886228561401e-02,-5.299570662230025681e-41,5.109694720314012967e-41,-1.177546679973602295e-01,1.416681110858917236e-01,9.401013702154159546e-02,3.562544658780097961e-02,5.259517207741737366e-02
-1.413855254650115967e-01,-3.989226520061492920e-01,9.017997235059738159e-02,2.912131696939468384e-02,-4.291074350476264954e-02,3.068796359002590179e-02,1.863041333854198456e-02,-6.387660652399063110e-02,-1.078433841466903687e-01,3.536443784832954407e-02,-2.840250432491302490e-01,-3.400867059826850891e-02,-8.367469906806945801e-02,-5.549563094973564148e-02,-8.100660517811775208e-03,3.739071637392044067e-02,2.084301710128784180e-01,1.286489516496658325e-01,-2.003119587898254395e-01,-2.121761208400130272e-03,-7.642140984535217285e-02,-8.260940201580524445e-03,-2.630546092987060547e-01,4.943220462752224699e-41,-1.985317021608352661e-01,-9.873782843351364136e-02,-1.140416637063026428e-01,5.436532944440841675e-02,2.325609140098094940e-02,-2.827854268252849579e-02,-4.443168267607688904e-02,-1.038234960287809372e-02,-6.958833336830139160e-02,-7.108444720506668091e-02,4.543036222457885742e-02,-1.470530629158020020e-01,1.159197092056274414e-02,-6.739988178014755249e-02,-6.858431547880172729e-02,-6.378005445003509521e-02,8.213890343904495239e-02,4.064423739910125732e-01,-1.394580155611038208e-01,1.066620200872421265e-01,-6.275671720504760742e-02,-5.348227918148040771e-02,-6.725563853979110718e-02,-7.902040146291255951e-03,-4.606104269623756409e-02,-3.635917231440544128e-02,-2.323059923946857452e-02,-2.752070724964141846e-01,-3.039463981986045837e-02,-4.345662891864776611e-02,-3.849747776985168457e-02,-8.869418501853942871e-02,-6.447818130254745483e-03,-2.171077877283096313e-01,8.004516363143920898e-02,8.184572309255599976e-02,3.352374210953712463e-02,1.044410616159439087e-01,-5.884192381546339363e-41,4.467517882585525513e-02,-7.048443704843521118e-02,3.875739872455596924e-02,9.533671289682388306e-02,1.936204284429550171e-01,3.759350627660751343e-02,6.400403380393981934e-02,1.152653172612190247e-01,-2.635613456368446350e-02,-3.566503152251243591e-02,-5.912498610525700667e-41,-2.286391556262969971e-01,-3.357855370268225670e-03,-7.070226967334747314e-02,-1.336858272552490234e-01,-3.497174009680747986e-02,3.742696940898895264e-01,3.473765552043914795e-01,-1.270975172519683838e-01,-3.077158629894256592e-01,-8.996123075485229492e-02,-1.064147800207138062e-01,-1.180091574788093567e-01,1.524128913879394531e-01,-3.479513823986053467e-01,6.058283522725105286e-02,-6.816305965185165405e-02,-5.396820775654167985e-41,-5.209607300820372425e-41,-3.093142062425613403e-02,-3.414955735206604004e-01,-1.330047100782394409e-01,-2.905186414718627930e-01,-4.648829624056816101e-02
-5.021553046907981974e-41,4.917436571008648065e-41,5.842994206695189741e-41,5.161262503801166236e-41,6.238440633327653118e-41,-5.955518473380472551e-41,-6.101113383823821045e-41,-4.912672156229943687e-41,5.734533705556448899e-41,5.013145256122033071e-41,6.030487941221850265e-41,5.023234605065171754e-41,-4.909309039915564126e-41,5.195314056484259290e-41,4.914353714387133468e-41,5.512427898960965394e-41,-5.019451099211494748e-41,5.487204526603118686e-41,-5.083070049491841443e-41,4.948545396916659004e-41,-4.906786702679779456e-41,-5.013285385968465553e-41,5.861631476270709808e-41,-5.015947853050682705e-41,-4.940838255362872510e-41,-4.962137992020609730e-41,5.064292650069888894e-41,-4.976431236356722864e-41,-4.989463312074943663e-41,-5.298589753304998309e-41,-5.189288473087662577e-41,-4.993667207467918114e-41,4.929487737801841492e-41,-5.772929283478948887e-41,6.288466988504049087e-41,5.106471733846065888e-41,5.110815759085472821e-41,4.986100195760564102e-41,-5.044954731262206419e-41,5.342030005699067638e-41,-4.919398388858702809e-41,1.604562848806381226e-01,-5.467446218256138766e-41,-5.245200281814222778e-41,-6.243485307799222460e-41,5.046356029726531236e-41,5.752330196053374076e-41,5.065133429148483785e-41,4.905805793754752084e-41,5.229645868860217309e-41,-1.677634521489670997e-41,4.906366313140482010e-41,6.216440247437753490e-41,-5.968970938637990795e-41,5.251926514442981900e-41,-4.979514092978237462e-41,-5.134497703132562230e-41,-6.131101170960372130e-41,5.281073522500938095e-41,-5.290041832672616924e-41,5.035285771858365181e-41,5.056585508516102400e-41,5.062330832219834150e-41,-6.298276077754322807e-41,4.907627481758374346e-41,-5.385330128246704485e-41,2.793768748324387794e-41,5.451331285916403369e-41,4.934672542119843315e-41,5.685488259305080302e-41,5.307978453015974583e-41,5.368514546674806680e-41,5.541294647326056625e-41,-5.027158240765281242e-41,-4.926825270719624340e-41,-6.133062988810426874e-41,5.181721461380308565e-41,4.962137992020609730e-41,-5.146969259465053102e-41,1.029502227902412415e-02,1.985201053321361542e-02,5.252907423368009272e-41,-5.136599650829049455e-41,-5.295086507144186266e-41,-5.165186139501275723e-41,-5.310640920098191735e-41,-5.925390556397488984e-41,-5.666570730036695271e-41,-5.445866221905536583e-41,-5.605053727452835802e-41,4.965220848642124327e-41,5.205963924813127900e-41,-6.289167637736211496e-41,-5.063451870991294004e-41,5.071579402084377943e-41,-4.996469804396567748e-41,-5.094280437206439980e-41
7.188059389591217041e-02,2.267126739025115967e-01,-3.242245584260672331e-04,2.457568608224391937e-02,4.364952817559242249e-02,-5.058126936826859699e-41,-6.437179446220397949e-02,-5.413075837840335863e-41,7.512629032135009766e-02,3.529004007577896118e-02,1.926660388708114624e-01,2.843798398971557617e-01,5.824507772922515869e-02,4.365309327840805054e-02,7.992091774940490723e-02,4.930608776573301346e-41,5.146128480386458211e-41,-1.043530255556106567e-01,6.925549358129501343e-02,1.514326930046081543e-01,2.783774957060813904e-02,1.744392067193984985e-01,1.013228148221969604e-01,3.638656437397003174e-02,-5.449753999710083008e-02,-3.878670930862426758e-02,3.579560294747352600e-02,3.654929623007774353e-02,1.028726808726787567e-02,2.018897831439971924e-01,-1.574244908988475800e-02,7.224477827548980713e-02,1.309379190206527710e-02,1.055650264024734497e-01,4.450621455907821655e-02,1.280242018401622772e-02,1.308129820972681046e-02,1.328872703015804291e-02,1.893887668848037720e-02,1.584348455071449280e-02,8.194037526845932007e-02,1.564030349254608154e-01,4.373070970177650452e-02,-1.233248934149742126e-01,-6.027948483824729919e-02,3.691587597131729126e-02,2.089257910847663879e-02,7.288935780525207520e-02,6.221185252070426941e-02,1.790638864040374756e-01,-2.219089306890964508e-02,-2.363359928131103516e-01,6.392955780029296875e-02,5.425127004633529290e-41,4.982316689906887096e-41,1.137394681572914124e-01,8.888455480337142944e-02,1.231624092906713486e-02,4.308883100748062134e-02,-1.607162132859230042e-02,1.109848320484161377e-01,6.826670467853546143e-02,-4.909729429454861571e-41,-4.316059499979019165e-02,2.899588271975517273e-02,-5.357076600193977356e-02,-7.868506014347076416e-02,1.199569329619407654e-01,3.696255385875701904e-02,6.338121742010116577e-02,2.665696665644645691e-02,-5.209186911281074979e-41,-5.336424811841768369e-41,5.683946830994323003e-41,-9.509732015430927277e-03,4.415963962674140930e-02,8.977340906858444214e-02,-4.911691247304916315e-41,1.970901526510715485e-02,2.068902403116226196e-01,1.496669054031372070e-01,-8.775658160448074341e-02,2.204900681972503662e-01,8.873704075813293457e-02,9.015880525112152100e-02,-3.151590004563331604e-02,-1.220906060189008713e-02,3.922543227672576904e-01,1.881040073931217194e-02,2.773159369826316833e-02,-5.892460042485855783e-41,4.912672156229943687e-41,5.665139108896255493e-02,1.984023749828338623e-01,-2.214344590902328491e-02,-4.495646432042121887e-02,4.851131141185760498e-02
-1.413473039865493774e-01,-1.690800338983535767e-01,5.744763184346020064e-41,5.065273558994916266e-41,1.257980987429618835e-02,-5.625372555185545650e-41,-4.912812286076376169e-41,5.660965536179396003e-41,5.241977295346275699e-41,-5.567218668916065741e-41,-6.043752282857894897e-02,-2.827893197536468506e-01,-5.867937319360171484e-41,-4.702698811888694763e-02,7.886064052581787109e-02,-4.935513321198438206e-41,5.059247975598319553e-41,-5.563154903369523772e-41,-3.635956346988677979e-02,-1.330908089876174927e-01,-6.366295367479324341e-02,-8.761895447969436646e-02,-5.996015998999459765e-41,5.214091455906211839e-41,-6.253595650196075439e-02,-5.011884087504140736e-41,-6.545246392488479614e-02,-6.063418455133483466e-41,5.400183891968547546e-41,-1.778790652751922607e-01,-5.162383542572626089e-41,-4.987221234532023955e-41,-7.012201100587844849e-02,-6.448624283075332642e-02,-2.153504937887191772e-01,5.467025828716841321e-41,4.906366313140482010e-41,-5.047196808805126126e-41,-4.991705389617863370e-41,5.014966944125655333e-41,5.218996000531348699e-41,-3.199072182178497314e-01,-5.156357959176029376e-41,-6.630790419876575470e-03,5.194473277405664400e-41,5.346093771245609607e-41,1.607849857966295107e-41,-5.308959361941001955e-41,-1.463799774646759033e-01,5.996996907924487137e-41,5.868077449206603966e-41,4.906646572833346974e-41,4.987361364378456437e-41,1.726806084602828828e-40,-3.399394452571868896e-02,-1.298949867486953735e-01,6.982855498790740967e-02,-1.910738833248615265e-02,-4.666248708963394165e-02,5.379865064235837699e-41,-4.798975586891174316e-02,-5.567498928608930704e-41,-4.429402947425842285e-02,4.487763717770576477e-02,-6.869944930076599121e-02,5.628735671499925210e-41,-4.905805793754752084e-41,5.808176100254058838e-02,-6.254555565667388514e-41,4.934672542119843315e-41,-5.173033410901494699e-41,5.100586280295901656e-41,-3.444979712367057800e-02,2.890288829803466797e-02,2.276278473436832428e-02,-5.088675243349140711e-41,-1.927029639482498169e-01,-4.982176560060454614e-41,2.410103008151054382e-02,3.154722601175308228e-02,6.299202889204025269e-02,-5.326265841722488403e-02,-2.197144180536270142e-01,-1.835458213463425636e-03,2.100306097418069839e-03,-8.733972907066345215e-02,1.505734920501708984e-01,-3.018311858177185059e-01,-8.162433654069900513e-02,-1.802704185247421265e-01,-2.120559290051460266e-02,-2.391832321882247925e-02,-3.000934608280658722e-02,-1.858016252517700195e-01,2.449988196071580422e-40,-2.672581076622009277e-01,-5.900447443732507241e-41
-3.093534149229526520e-02,2.292357534170150757e-01,4.974749678199533083e-41,6.046504154801368713e-02,-5.061770312834104224e-41,-4.656074196100234985e-02,2.678818069398403168e-02,1.523501519113779068e-02,-2.027845196425914764e-02,3.539251163601875305e-02,-3.283490240573883057e-02,-1.058603525161743164e-01,-7.900156080722808838e-02,-4.637208580970764160e-02,-5.008198320865631104e-03,3.784044086933135986e-02,-5.118803160332124278e-41,-1.398458182811737061e-01,2.197544462978839874e-02,1.879984885454177856e-01,5.194493010640144348e-02,1.162583976984024048e-01,9.846709668636322021e-02,3.533126041293144226e-02,-1.048235073685646057e-01,-9.998567402362823486e-02,6.085143610835075378e-02,-3.043533861637115479e-02,-8.203139901161193848e-02,7.253549247980117798e-02,-4.223424196243286133e-02,-1.017445996403694153e-01,-6.857838481664657593e-02,-3.310320079326629639e-01,4.415477812290191650e-02,5.901568482503967094e-41,1.219656318426132202e-02,1.757410168647766113e-02,1.889134384691715240e-02,1.409113034605979919e-02,-8.655442297458648682e-02,3.189542563632130623e-03,4.734155535697937012e-02,1.050616726279258728e-01,2.897236682474613190e-02,3.628753498196601868e-02,2.237744256854057312e-02,7.144714891910552979e-02,5.958111211657524109e-02,-1.117015406489372253e-01,-2.180698327720165253e-02,1.019784361124038696e-01,2.063038758933544159e-02,-4.329912364482879639e-02,-6.054870534501102082e-41,9.560137055814266205e-03,8.829180896282196045e-02,3.836422786116600037e-02,3.895509615540504456e-02,8.563401550054550171e-02,1.966096311807632446e-01,-4.771305248141288757e-02,-6.179305838133145838e-41,4.103425145149230957e-02,2.337715774774551392e-02,-5.175947397947311401e-02,9.303855150938034058e-02,2.174752019345760345e-02,-4.813170060515403748e-02,-1.732281967997550964e-02,2.206095308065414429e-02,5.947531014680862427e-02,-4.964520199409961919e-41,-1.491836358104843502e-40,2.923640608787536621e-02,-1.236346201039850712e-03,-4.029581248760223389e-01,-3.318176791071891785e-02,-3.169171139597892761e-02,4.939295351505279541e-02,1.105351075530052185e-01,-2.904606796801090240e-02,-5.656349658966064453e-02,8.974100649356842041e-02,9.285045415163040161e-02,-1.088064387440681458e-01,1.490873396396636963e-01,1.447636187076568604e-01,-2.410733886063098907e-02,1.411090791225433350e-01,5.149071207161540327e-41,-8.926271217749084742e-42,5.542499199509620667e-02,-5.964206159114837646e-02,-7.909569144248962402e-02,4.093999788165092468e-02,4.823871329426765442e-02
-1.374579966068267822e-01,3.975037857890129089e-02,8.610782772302627563e-02,2.860324271023273468e-02,-5.030941746618958248e-41,-3.087719127185804671e-40,2.317808009684085846e-02,1.648567989468574524e-02,7.505635917186737061e-02,2.939196489751338959e-02,-1.963515579700469971e-02,2.773310840129852295e-01,7.121220696717500687e-03,-5.240745842456817627e-02,7.564169913530349731e-02,3.220339119434356689e-02,5.244779892274925333e-41,4.114607349038124084e-02,7.339339237660169601e-03,1.242797747254371643e-01,-3.320241346955299377e-02,1.770802736282348633e-01,9.700880199670791626e-02,3.396239131689071655e-02,1.509023308753967285e-01,6.888466328382492065e-02,-2.767275832593441010e-02,-3.101636841893196106e-02,1.850137300789356232e-02,1.826596856117248535e-01,3.750279545783996582e-02,7.652281224727630615e-02,1.373443379998207092e-02,-7.787492126226425171e-02,4.385537654161453247e-02,5.162243412726193608e-41,1.439619623124599457e-02,1.660943403840065002e-02,1.849992945790290833e-02,1.288712117820978165e-02,-2.575203543528914452e-03,3.174075186252593994e-01,4.885231330990791321e-02,1.048864722251892090e-01,2.891838736832141876e-02,3.545948490500450134e-02,-6.446519494056701660e-02,7.211654633283615112e-02,-4.546101763844490051e-02,-4.398304736241698265e-05,6.341427564620971680e-02,-2.061303704977035522e-01,1.767288707196712494e-02,-3.726269304752349854e-02,-4.948125007377361559e-41,1.380070671439170837e-02,9.069746732711791992e-02,-1.242342293262481689e-01,4.065973684191703796e-02,-1.689996011555194855e-02,3.298608958721160889e-02,1.246466636657714844e-01,-5.043413302951449120e-41,1.242279559373855591e-01,2.286525443196296692e-02,3.888415172696113586e-02,-7.892274111509323120e-02,2.344482764601707458e-02,3.837689384818077087e-02,6.384360045194625854e-02,2.811526879668235779e-02,6.230999156832695007e-02,5.906893416668401399e-41,-5.783439021961385015e-41,-1.749124079942703247e-01,4.012404382228851318e-02,9.489927440881729126e-02,1.356290727853775024e-01,5.437309294939041138e-02,-4.881332814693450928e-02,1.482040137052536011e-01,-2.019464783370494843e-02,1.330428570508956909e-01,-7.654245477169752121e-03,-2.030154317617416382e-01,-4.393265396356582642e-02,1.594082713127136230e-01,2.346891611814498901e-01,1.501247286796569824e-01,1.392064392566680908e-01,4.910149818994159017e-41,-6.041558199090016320e-41,-4.113191738724708557e-02,3.562043309211730957e-01,9.236549586057662964e-02,3.515107184648513794e-02,-1.409220546483993530e-01
6.709502637386322021e-02,2.275057286024093628e-01,9.201499074697494507e-02,4.986660715146294029e-41,5.059107845751887071e-41,-4.661589860916137695e-02,2.244766056537628174e-02,-4.940557995670007547e-41,-1.850303448736667633e-02,-5.840994790196418762e-02,9.141142666339874268e-02,3.783274888992309570e-01,1.866661161184310913e-01,4.160034656524658203e-02,7.753784954547882080e-02,3.558447584509849548e-02,4.911270857765618870e-41,1.290582120418548584e-01,7.245250977575778961e-03,9.818410873413085938e-02,-3.515668213367462158e-02,-1.814255258068442345e-03,1.014752611517906189e-01,3.598706796765327454e-02,3.316325694322586060e-02,5.366412598978319455e-41,2.363416180014610291e-02,5.333762344759551217e-41,1.163815408945083618e-01,2.588310465216636658e-02,7.174523174762725830e-02,7.649775594472885132e-02,1.568558812141418457e-02,1.077285557985305786e-01,4.377482086420059204e-02,4.971386561885153523e-41,1.469155959784984589e-02,1.572056487202644348e-02,1.949156075716018677e-02,1.423419453203678131e-02,2.825823845341801643e-03,3.177213668823242188e-01,4.368128627538681030e-02,1.061372309923171997e-01,2.760407142341136932e-02,3.489098697900772095e-02,2.107197977602481842e-02,7.249564677476882935e-02,6.458272784948348999e-02,5.256016179919242859e-02,-2.329861931502819061e-02,5.212757736444473267e-02,-2.558988705277442932e-02,5.233709634406759278e-41,4.933691633194815943e-41,1.119043976068496704e-01,4.865845665335655212e-03,8.744313567876815796e-02,4.350924119353294373e-02,8.681947737932205200e-02,1.540706753730773926e-01,-1.166922450065612793e-01,-5.052241483276695468e-41,4.437102004885673523e-02,2.166051045060157776e-02,4.035469889640808105e-02,1.035149488598108292e-02,1.123195886611938477e-01,3.422992303967475891e-02,-2.988380566239356995e-02,1.161698698997497559e-01,-4.957373577241905352e-41,-5.250244956285792120e-41,5.192651589402042138e-41,1.805679202079772949e-01,3.101814363617449999e-04,5.492201447486877441e-02,-6.046042354175855734e-41,5.745606869459152222e-02,3.799594566226005554e-02,7.009033858776092529e-02,1.284002661705017090e-01,3.089569509029388428e-01,8.743442595005035400e-02,8.635974675416946411e-02,1.536116302013397217e-01,2.383257448673248291e-01,4.003091156482696533e-01,1.261915545910596848e-02,1.399441212415695190e-01,-4.908328130990536754e-41,-5.479357255202899711e-41,-3.557045012712478638e-02,1.919144541025161743e-01,9.375040978193283081e-02,3.039404749870300293e-01,4.882985725998878479e-02
7.177904248237609863e-02,-2.105212956666946411e-01,-9.743864089250564575e-02,5.607856324381485436e-41,9.770007804036140442e-03,4.941398774748602437e-41,2.288368344306945801e-02,-6.098030527202306448e-41,-5.366412598978319455e-41,-5.739998769567315686e-41,2.699059201404452324e-03,1.543896198272705078e-01,5.984149500727653503e-02,-5.061336606740951538e-02,7.862555235624313354e-02,-5.075362907938054949e-41,-5.339087278923985522e-41,-5.223480155617188114e-41,-3.825022652745246887e-02,-1.351184956729412079e-02,3.131062537431716919e-02,-3.627244383096694946e-03,1.009561643004417419e-01,-6.276976341096585587e-41,3.143300861120223999e-02,-5.022253696140144382e-41,2.506386302411556244e-02,-5.115159784324879754e-41,-4.795477539300918579e-02,-2.031043320894241333e-01,5.430872328337261040e-41,-5.099745501217306766e-41,1.463970541954040527e-02,1.081734001636505127e-01,4.688872396945953369e-02,6.052348197265317411e-41,1.367519237101078033e-02,1.596715115010738373e-02,2.051718905568122864e-02,1.538995001465082169e-02,-7.758429739624261856e-03,2.349949479103088379e-01,4.719293117523193359e-02,1.058176532387733459e-01,3.029465116560459137e-02,3.572316840291023254e-02,2.123242616653442383e-02,7.429511100053787231e-02,6.404569000005722046e-02,-5.527001402989943491e-41,4.924863452869569596e-41,8.371511101722717285e-02,5.105630954767470998e-41,-5.317227022880518376e-41,4.249731451272964478e-02,1.134904567152261734e-02,7.550081610679626465e-02,1.071330346167087555e-02,4.203715175390243530e-02,8.291841298341751099e-02,-1.953706145286560059e-03,-4.963399160638502065e-41,3.816893324255943298e-02,4.339722171425819397e-02,-6.980952620506286621e-02,-5.268614366650581360e-02,1.448331680148839951e-02,-3.481851145625114441e-02,-4.993246817928620669e-41,-5.054203301126750211e-41,6.209714014808994368e-41,-5.217034182681293955e-41,4.922537878155708313e-02,2.969980798661708832e-02,-7.647781819105148315e-02,-4.905105144522589675e-41,-1.050803586840629578e-01,-5.096102125210062242e-41,2.512157708406448364e-02,5.801086500287055969e-02,1.310804337263107300e-01,9.593809396028518677e-02,3.842151463031768799e-01,8.861462026834487915e-02,8.385134488344192505e-02,1.587484627962112427e-01,1.106175482273101807e-01,3.303825557231903076e-01,3.723011910915374756e-02,1.431117355823516846e-01,-2.242674492299556732e-02,-2.416769228875637054e-02,5.659255385398864746e-02,1.605966389179229736e-01,8.537951111793518066e-02,3.065244853496551514e-01,4.773114994168281555e-02
-1.338113546371459961e-01,-2.972647547721862793e-01,6.055006524547934532e-04,3.038845211267471313e-02,-1.657860726118087769e-01,5.549001788879843119e-41,-6.613926589488983154e-02,6.219102714519970642e-41,4.260918870568275452e-02,3.561443835496902466e-02,8.098542690277099609e-02,1.326890140771865845e-01,4.670983925461769104e-02,-5.179251357913017273e-02,-1.083508413285017014e-02,-4.955551889238283090e-41,5.100306020603036693e-41,1.249368637800216675e-01,-9.006675332784652710e-02,4.479051567614078522e-03,-4.128606617450714111e-02,6.200053542852401733e-02,-5.888956796325043741e-41,-5.060369014369779407e-41,-5.346729606389999390e-02,-3.884635120630264282e-02,-1.239528227597475052e-02,3.570397943258285522e-02,-8.019571006298065186e-02,-1.601036638021469116e-02,-1.059827357530593872e-01,-9.534144774079322815e-03,1.354815997183322906e-02,1.031876448541879654e-02,4.525626450777053833e-02,9.381099790334701538e-02,-4.936073840584168132e-41,5.012724866582735626e-41,-5.003196037025326870e-41,5.280092613575910723e-41,-9.078592993319034576e-03,2.347162812948226929e-01,5.112076927703365156e-41,1.037793904542922974e-01,1.845341921700065104e-40,4.967603056031476516e-41,4.995769155164405340e-41,-5.482720371517279272e-41,-4.507772624492645264e-02,-4.955832148931148053e-41,6.533990055322647095e-02,-5.036546940476257516e-41,-2.540824562311172485e-02,-5.914740688068620375e-41,-3.682609647512435913e-02,8.330229669809341431e-02,4.896624945104122162e-03,1.141575202345848083e-01,4.265832901000976562e-02,-1.167185828089714050e-01,-5.080150067806243896e-02,5.364615470170974731e-03,-4.515480995178222656e-02,-3.763791546225547791e-02,-7.168412953615188599e-02,3.310406953096389771e-02,9.520515054464340210e-02,-7.828746922314167023e-03,1.226676441729068756e-02,-6.912205368280410767e-02,5.863313034427899588e-41,5.134918092671859675e-41,4.880527034401893616e-02,-5.521157383918762207e-02,-2.408360093832015991e-01,8.804612606763839722e-02,-1.568484604358673096e-01,1.348766535520553589e-01,-6.450962275266647339e-02,3.253580257296562195e-02,1.146458387374877930e-01,3.335515037178993225e-02,-3.814089000225067139e-01,-1.623409986495971680e-01,-8.587288856506347656e-02,1.996590010821819305e-02,7.355843484401702881e-02,2.095851153135299683e-01,1.460134238004684448e-01,-1.818529814481735229e-01,-2.384007535874843597e-02,-2.239193953573703766e-02,5.711887031793594360e-02,-1.730066910386085510e-02,-1.126173511147499084e-01,-6.597241163253784180e-01,-5.031502266004688175e-41
7.270053029060363770e-02,2.262184768915176392e-01,-5.280513003115208168e-41,-5.358985717117397924e-41,5.231607686710272053e-41,5.776012140100463485e-41,5.090777191045627937e-41,-5.687870466694432491e-41,5.052521742969560431e-41,5.148230428082945437e-41,-4.910149818994159017e-41,-4.909449169761996608e-41,-5.323813125662845016e-41,5.247862748896439931e-41,7.712248712778091431e-02,5.729769290777744521e-41,4.956252538470445498e-41,4.925143712562434559e-41,4.926965400566056821e-41,-4.938736307666385285e-41,5.114739394785582309e-41,5.568479837533958076e-41,5.462962063170299351e-41,5.099605371370874285e-41,5.073821479627297650e-41,4.925844361794596968e-41,-5.023935254297334163e-41,4.910990598072753907e-41,-4.972367470810180894e-41,4.989743571767808626e-41,4.908468260836969236e-41,-5.459178557316622345e-41,1.394664775580167770e-02,1.048695221543312073e-01,4.112306982278823853e-02,5.085171997188328669e-41,5.012164347197005699e-41,-5.343711563856257418e-41,4.912952415922808651e-41,4.967603056031476516e-41,5.115860433557042163e-41,1.231468245387077332e-01,-4.921500336555190035e-41,4.928086439337516675e-41,5.089796282120600565e-41,5.893721211103748119e-41,-5.026317461686686352e-41,-5.367253378056914345e-41,6.548498570919036865e-02,5.370196104831996461e-41,-5.328857800134414357e-41,6.134604417121184173e-41,4.965080718795691846e-41,-5.250805475671522046e-41,-3.683692961931228638e-02,5.836127844219998137e-41,-5.575906719394879607e-41,-5.185504967233985571e-41,5.000393440096677236e-41,5.427789471715746443e-41,-5.638965150289496375e-41,5.232308335942434461e-41,-4.636348038911819458e-02,3.510252653133666763e-42,5.088815373195573193e-41,-5.630837619196412436e-41,4.906506442986914492e-41,6.098450916741603893e-41,-6.196962198783638533e-41,-5.628175152114195284e-41,-5.418961291390500095e-41,4.917436571008648065e-41,-3.316456452012062073e-02,-5.428144335746765137e-02,-5.836688363605728064e-41,5.000813829635974681e-41,-5.480338164127927083e-41,-4.909729429454861571e-41,5.301952869619377870e-41,1.320205322194339907e-40,3.932265937328338623e-02,-5.095821865517197278e-41,-5.039629797097772114e-41,5.167568346890627912e-41,-4.905805793754752084e-41,-5.343010914624095010e-41,5.988179892301559448e-02,5.285978067126074955e-41,-5.688991505465892345e-41,5.058687456212589626e-41,-2.283317595720291138e-02,5.782173201441764832e-02,-3.443868085741996765e-02,5.064545571804046631e-02,5.361928443892480040e-41,-2.779372930526733398e-01,-4.928646958723246602e-41
-5.068916935002160791e-41,-5.914600558222187893e-41,2.016847766935825348e-02,5.126230042193045809e-41,5.196154835562854181e-41,6.116107277392096588e-41,1.134028808224144711e-40,5.075783297477352394e-41,-5.829541741437671497e-41,-5.014266294893492925e-41,-3.489508032798767090e-01,-2.202337086200714111e-01,-1.393536627292633057e-01,5.053642781741020285e-41,5.384068959628812150e-41,-5.135198352364724638e-41,5.017909670900737449e-41,6.160248179018328325e-41,-4.915054363619295876e-41,4.988342273303483809e-41,-4.911410987612051352e-41,-5.143606143150673541e-41,5.007399932418301321e-41,5.621729179178301125e-41,-5.165606529040573169e-41,-5.048738237115883425e-41,5.719399682141740875e-41,-5.746584872349642326e-41,-4.802247881889343262e-02,-5.690392803930217162e-41,-5.356323250035180772e-41,-4.904824884829724712e-41,5.083210179338273925e-41,5.050980314658803132e-41,5.194052887866366955e-41,-4.927946309491084193e-41,5.102407968299523919e-41,6.108119876145445130e-41,4.915334623312160840e-41,-5.066955117152106047e-41,-5.017489281361440004e-41,1.719911545515060425e-01,-6.061596767129861204e-41,-1.227017119526863098e-01,-5.347915459249231869e-41,2.697429478902056621e-40,-5.006559153339706431e-41,-5.779655516107708009e-41,5.192511459555609656e-41,-5.310500790251759254e-41,5.004317075796786724e-41,5.269302615400609632e-41,5.128892509275262961e-41,5.083070049491841443e-41,-4.932430464576923608e-41,-1.299435347318649292e-01,-4.954430850466823236e-41,-4.921920726094487480e-41,-5.477395437352844967e-41,8.120293170213699341e-02,5.014826814279222852e-41,-5.386170907325299376e-41,6.010169113489140417e-41,5.624812035799815723e-41,5.071579402084377943e-41,-5.216193403602699065e-41,4.958774875706230169e-41,-5.630136969964250028e-41,1.625814504278939262e-40,4.907767611604806827e-41,-5.250525215978657083e-41,3.988529831992370077e-40,-4.906646572833346974e-41,-4.977692404974615199e-41,4.971386561885153523e-41,5.243518723657032998e-41,-5.097923813213684504e-41,-5.152434323475919888e-41,-4.926825270719624340e-41,1.247482188045978546e-02,-1.031645610928535461e-01,4.972507600656613376e-41,5.003756556411056797e-41,5.563995682448118662e-41,5.323672995816412534e-41,4.926545011026759376e-41,7.923723012208938599e-02,4.984418637603374321e-41,-5.628455411807060247e-41,5.972614314645235320e-41,-1.444920885519248626e-40,4.911691247304916315e-41,5.015107073972087815e-41,-6.195701030165746197e-41,-5.176116267523009297e-41,-5.941645618583656862e-41,-6.058934300047644051e-41
7.080503553152084351e-02,1.052608266472816467e-01,-2.013819850981235504e-02,3.013985604047775269e-02,4.781352356076240540e-02,6.237599854249058228e-41,2.216350287199020386e-02,5.320870398887762900e-41,-1.872180961072444916e-02,-5.754242092370986938e-02,9.565501660108566284e-02,-3.696033731102943420e-02,-8.757865428924560547e-02,-5.146875232458114624e-02,1.081017687318736881e-40,-5.050559925119505687e-41,5.319188840730573120e-41,4.910640046000480652e-02,-9.331053495407104492e-02,1.453236490488052368e-01,-3.533865138888359070e-02,-2.359635680913925171e-01,1.342638395726680756e-02,3.525410965085029602e-02,-5.417300388216972351e-02,4.808953776955604553e-02,-5.091454461216926575e-02,-5.322803556919097900e-02,2.404686249792575836e-02,2.160668075084686279e-01,7.656656205654144287e-02,-9.555738419294357300e-03,1.032039523124694824e-02,1.541773602366447449e-02,4.436492547392845154e-02,1.017724052071571350e-01,1.157328672707080841e-02,1.709132269024848938e-02,2.061708271503448486e-02,1.441908720880746841e-02,8.079747110605239868e-02,1.593957841396331787e-01,4.725599661469459534e-02,-1.077803224325180054e-01,-6.020294874906539917e-02,3.416987508535385132e-02,2.154628746211528778e-02,7.415822893381118774e-02,6.405147165060043335e-02,1.781534105539321899e-01,-4.279256984591484070e-02,-1.473733335733413696e-01,-2.528528869152069092e-02,5.120764978182179022e-41,-3.686377778649330139e-02,1.157258972525596619e-01,5.792800802737474442e-03,5.544260889291763306e-02,-4.893272370100021362e-02,8.178473263978958130e-02,1.147765442728996277e-01,-1.251722425222396851e-01,3.671620041131973267e-02,4.677331075072288513e-02,-6.765307486057281494e-02,4.018871486186981201e-02,1.305506844073534012e-02,1.925393491983413696e-01,-4.868366941809654236e-02,-2.933621592819690704e-02,-5.613962188363075256e-02,5.775311490868301076e-41,4.758578538894653320e-02,2.858356945216655731e-02,1.618481278419494629e-01,8.631857484579086304e-02,3.565414249897003174e-01,5.026371031999588013e-02,2.540138922631740570e-02,-4.406584799289703369e-02,7.429182529449462891e-02,-8.449701964855194092e-02,5.360284447669982910e-02,8.687094599008560181e-02,-1.108765453100204468e-01,5.607820674777030945e-02,-1.722843199968338013e-01,3.921018242835998535e-01,5.852316319942474365e-02,-1.769098192453384399e-01,-2.309564873576164246e-02,-2.340045943856239319e-02,-5.215913143909834101e-41,6.955048441886901855e-02,7.610040903091430664e-02,-2.610945701599121094e-01,4.787697643041610718e-02
7.269056886434555054e-02,-1.737158596515655518e-01,-3.479699417948722839e-02,-4.906226183294049529e-41,1.148863043636083603e-02,5.140943676068456388e-41,2.345676533877849579e-02,-5.989289766370700643e-41,7.562023401260375977e-02,3.406217694282531738e-02,-3.119038231670856476e-02,1.517209410667419434e-01,-7.916753739118576050e-02,4.156997427344322205e-02,7.633113861083984375e-02,5.653818914011339436e-41,4.985960065914131620e-41,-9.482059627771377563e-02,-8.395738899707794189e-02,1.935451291501522064e-02,-3.954486548900604248e-02,-1.697790622711181641e-01,1.437594741582870483e-02,-5.328757315874099731e-02,-6.018588691949844360e-02,4.964099809870664474e-41,-6.518783420324325562e-02,-5.007119672725436358e-41,1.168346032500267029e-01,-2.418631128966808319e-02,-4.941398774748602437e-41,-6.207051547726777216e-41,1.348065305501222610e-02,-6.798926740884780884e-02,4.480083659291267395e-02,1.011441871523857117e-01,-6.996448338031768799e-02,-6.551228463649749756e-02,-6.717419624328613281e-02,-6.912103295326232910e-02,-1.246628258377313614e-02,2.413623332977294922e-01,4.736550897359848022e-02,-1.200724858790636063e-02,-6.056369841098785400e-02,3.474663570523262024e-02,2.220021560788154602e-02,-9.858570992946624756e-03,-1.500988006591796875e-01,-1.479128152132034302e-01,-2.210110053420066833e-02,-4.241454228758811951e-02,-6.199289485812187195e-02,4.713878035545349121e-02,-3.531906008720397949e-02,-9.350211918354034424e-02,8.954919874668121338e-02,-4.007479920983314514e-02,4.412695392966270447e-02,8.357769250869750977e-02,-5.085078254342079163e-02,-1.787715256214141846e-01,-4.551158472895622253e-02,-4.436198249459266663e-02,1.133699938654899597e-01,3.978548198938369751e-02,9.611864387989044189e-02,2.297039143741130829e-02,3.666985407471656799e-02,-2.789851464331150055e-02,2.731578238308429718e-02,1.733018085360527039e-02,-3.381542116403579712e-02,-5.287567153573036194e-02,-2.350148558616638184e-01,-8.779711276292800903e-02,1.184071898460388184e-01,-4.911551117458483834e-41,-6.562955677509307861e-02,9.954050928354263306e-02,7.135188579559326172e-02,1.374028325080871582e-01,2.179336100816726685e-01,-4.957942292094230652e-03,8.981353044509887695e-02,-2.399528957903385162e-02,2.359275519847869873e-01,-1.974724382162094116e-01,1.419651210308074951e-01,-7.762870192527770996e-02,-2.208098210394382477e-02,-2.471946179866790771e-02,5.689318850636482239e-02,-2.392141707241535187e-02,-1.109237074851989746e-01,-3.632337749004364014e-01,-1.411052495241165161e-01
-1.357923299074172974e-01,-3.069045543670654297e-01,1.480054017156362534e-02,5.820208415389060974e-02,-1.532000303268432617e-01,5.379724934389405217e-41,-6.575200706720352173e-02,1.680296659469604492e-02,-1.610637828707695007e-02,3.601978719234466553e-02,-2.589413821697235107e-01,-4.296682029962539673e-02,-8.358579128980636597e-02,-5.375313386321067810e-02,7.594946026802062988e-02,3.684522584080696106e-02,1.088660284876823425e-01,-4.966825991868972778e-02,1.086413711309432983e-01,-4.096145033836364746e-01,5.112773552536964417e-02,-1.037214025855064392e-01,-6.502567976713180542e-02,-5.186848342418670654e-02,-3.189162313938140869e-01,-1.147152855992317200e-01,-3.046610355377197266e-01,-1.396819800138473511e-01,-1.577134877443313599e-01,-4.708576574921607971e-02,-1.474052369594573975e-01,-5.452857539057731628e-02,-6.840319186449050903e-02,-1.560684889554977417e-01,-1.319730728864669800e-01,1.011637523770332336e-01,1.168871950358152390e-02,-6.809496134519577026e-02,-6.608990579843521118e-02,1.515039242804050446e-02,-3.221508264541625977e-01,-4.069223701953887939e-01,-4.561797156929969788e-02,-2.833898738026618958e-02,2.944189123809337616e-02,-5.298377946019172668e-02,2.340849116444587708e-02,-7.800440769642591476e-03,6.289300322532653809e-02,5.528823090993565753e-41,-2.348485216498374939e-02,-3.234725892543792725e-01,-6.828976422548294067e-02,-4.786707833409309387e-02,-3.706070780754089355e-02,-1.766052991151809692e-01,-1.305827684700489044e-02,-8.427635580301284790e-02,2.528254128992557526e-02,8.139032870531082153e-02,1.097635626792907715e-01,3.257361426949501038e-02,-4.715979099273681641e-02,4.502085968852043152e-02,2.080961130559444427e-02,3.306097909808158875e-02,9.572339802980422974e-02,-1.407254338264465332e-01,3.819599375128746033e-02,-2.917076461017131805e-02,1.146886646747589111e-01,-2.486952766776084900e-02,-3.318243846297264099e-02,2.873270772397518158e-02,1.267618127167224884e-02,9.033977240324020386e-02,-6.239022687077522278e-02,-4.853231087327003479e-02,-1.212745010852813721e-01,2.062347531318664551e-01,1.814815849065780640e-01,-2.108529768884181976e-02,-9.830371290445327759e-02,-8.979087322950363159e-02,8.907836675643920898e-02,-2.039399296045303345e-01,8.986911177635192871e-02,2.415445297956466675e-01,1.003882810473442078e-01,1.411434561014175415e-01,5.974864959716796875e-02,-2.329555898904800415e-02,-2.998683601617813110e-02,-7.591753453016281128e-02,1.818046323023736477e-03,-8.836942911148071289e-02,-1.454100310802459717e-01
-6.111202732766959728e-41,5.363750131896102302e-41,-8.142010122537612915e-02,-4.981475910828292205e-41,-1.490545570850372314e-01,-5.202600808498748339e-41,2.099958620965480804e-02,-5.973595223570262692e-41,-5.462929606437683105e-02,3.532582148909568787e-02,-8.391927182674407959e-02,-1.139430776238441467e-01,1.872572302818298340e-01,-5.221378207920700888e-41,-4.927105530412489303e-41,5.642188136757443454e-41,1.083602458238601685e-01,8.273657411336898804e-03,5.172332761669332290e-41,-2.874693647027015686e-02,-5.079426673484596919e-41,-1.821366101503372192e-01,-5.295647026529916193e-41,5.176256397369441778e-41,5.186345746312580461e-41,-5.113898615706987419e-41,5.182842500151768419e-41,1.112406772919612784e-40,-8.010672032833099365e-02,1.973248571157455444e-01,-1.044453680515289307e-01,-1.649839803576469421e-02,6.184070252911850216e-41,-5.544657763640436186e-41,4.466805234551429749e-02,-6.298758834600448608e-02,5.327876891209386985e-41,-5.623831126874788351e-41,4.919258259012270327e-41,-1.060446625862448567e-40,-1.144463382661342621e-02,1.572870314121246338e-01,6.089202346877060100e-41,-1.220804825425148010e-01,-5.974128097295761108e-02,-5.506122055871503717e-41,-6.585305184125900269e-02,-3.814634168520569801e-03,-1.482227295637130737e-01,6.063558584979915948e-41,-5.256690929221686278e-41,-1.694537699222564697e-02,-5.032062785390418102e-41,-5.158319777026084120e-41,5.021833306600846937e-41,-1.304478496313095093e-01,7.937202230095863342e-03,-5.277430146493693571e-41,-6.157645210623741150e-02,-1.736685074865818024e-02,5.695017088862489058e-41,1.211352457485588117e-40,-4.529462754726409912e-02,-6.069864428069377624e-41,-5.079706933177461882e-41,5.046215899880098754e-41,-6.034131317229094789e-41,5.053362522048155321e-41,7.743862457573413849e-03,1.837024837732315063e-02,-5.082649659952543998e-41,-5.055884859283939992e-41,6.084017542559058277e-41,2.653288096189498901e-02,-1.457910922283539681e-40,5.242958204271303071e-41,-5.559651657208711729e-41,-4.908748520529834199e-41,4.929487737801841492e-41,-5.097146332263946533e-02,1.147097870707511902e-01,-6.137967533435563734e-41,5.283735989583155248e-41,5.156077699483164412e-41,5.015387333664952779e-41,5.563014773523091290e-41,6.440816074609756470e-02,-5.079006283945299474e-41,2.085023969411849976e-01,-1.777194291353225708e-01,-2.214870974421501160e-02,-2.475427091121673584e-02,6.049405470490235295e-41,2.029960229992866516e-02,-1.287406776100397110e-02,-3.664587140083312988e-01,5.337685980459660705e-41
7.305409014225006104e-02,-3.150148391723632812e-01,8.404559642076492310e-02,5.617697536945343018e-02,-4.906506442986914492e-41,3.239256888628005981e-02,2.174009382724761963e-02,1.420618034899234772e-02,7.639865577220916748e-02,3.535841777920722961e-02,1.588020473718643188e-01,3.760683238506317139e-01,-8.018133789300918579e-02,1.215705648064613342e-01,7.812717556953430176e-02,3.599752113223075867e-02,1.113680377602577209e-01,2.809589169919490814e-02,3.291116654872894287e-02,-6.664336472749710083e-02,7.656764984130859375e-02,1.823476403951644897e-01,9.919358044862747192e-02,-5.271511524915695190e-02,1.541949808597564697e-01,-1.675841771066188812e-02,-1.867914386093616486e-02,-3.197978809475898743e-02,-8.194135874509811401e-02,-1.578505784273147583e-01,-4.140662774443626404e-02,7.512896507978439331e-02,1.308132056146860123e-02,1.043137088418006897e-01,4.041022807359695435e-02,-5.298309493612133345e-41,1.279347203671932220e-02,1.611690595746040344e-02,1.922310329973697662e-02,1.409638300538063049e-02,1.613658219575881958e-01,2.294436097145080566e-01,4.588488489389419556e-02,1.896685659885406494e-01,3.249733895063400269e-02,3.591269627213478088e-02,2.038005925714969635e-02,7.468897849321365356e-02,6.219653412699699402e-02,1.805911660194396973e-01,6.339338421821594238e-02,1.329481303691864014e-01,-3.403672948479652405e-02,-4.416319727897644043e-02,-5.102548098145956400e-41,1.104731038212776184e-01,1.476699113845825195e-01,8.896008878946304321e-02,1.084670051932334900e-01,-1.103279441595077515e-01,1.116232648491859436e-01,2.844489216804504395e-01,5.886014069549961625e-41,3.976893424987792969e-02,1.086407974362373352e-01,4.025950655341148376e-02,1.137190964072942734e-02,6.883836537599563599e-02,3.867923095822334290e-02,-2.445552870631217957e-02,2.766905538737773895e-02,5.934757366776466370e-02,5.002074998253867016e-41,-5.302373259158675315e-41,1.827142685651779175e-01,9.026514738798141479e-02,4.347136318683624268e-01,-1.236013472080230713e-01,5.387383699417114258e-02,3.208906352519989014e-01,1.096025556325912476e-01,1.450271904468536377e-01,4.158063977956771851e-02,8.936936408281326294e-02,8.928083628416061401e-02,3.372887149453163147e-02,3.646819293498992920e-01,5.165430307388305664e-01,2.451109588146209717e-01,1.398057788610458374e-01,-5.365711949746157046e-41,-5.122026146800071358e-41,5.683201178908348083e-02,2.670198082923889160e-01,-1.155708217993378639e-03,3.558068275451660156e-01,4.626002162694931030e-02
-5.168829515508520248e-41,-4.980214742210399870e-41,-8.466459065675735474e-02,-4.939156697205682730e-41,-2.650696175116823971e-40,-4.961297212942014840e-41,2.232221513986587524e-02,5.317507282573383339e-41,-1.103462576866149902e-01,-5.729787051677703857e-02,-4.999552661018082346e-41,5.396820775654167985e-41,-5.793388241058091216e-41,-4.906926832526211937e-41,5.248423268282169857e-41,6.002321842088921442e-41,-5.152013933936622443e-41,4.920239167937297699e-41,4.994928376085810449e-41,5.548721529186978156e-41,6.007366516560490783e-41,4.756324738264083862e-02,-5.932957568104842997e-41,5.881950304003419655e-41,-5.384489349168109595e-41,5.551664255962060272e-41,-6.002461971935353923e-41,-5.353660782952963619e-41,5.003756556411056797e-41,4.939857346437845138e-41,-5.018470190286467376e-41,-4.904824884829724712e-41,5.118102511099961870e-41,-4.909869559301294053e-41,4.514582827687263489e-02,5.325494683820034796e-41,5.192371329709177175e-41,5.109134200928283041e-41,5.019310969365062266e-41,-5.730049550470609485e-41,5.003196037025326870e-41,1.192204579710960388e-01,6.041978588629313765e-41,5.105911214460335961e-41,5.048177717730153498e-41,-4.964239939717096955e-41,-5.636302683207279223e-41,5.514810106350317583e-41,6.424848735332489014e-02,3.540345653891563416e-02,-2.214335650205612183e-02,-1.598401553928852081e-02,-6.008627685178383118e-41,-4.918697739626540401e-41,-5.256410669528821315e-41,-5.348335848788529315e-41,3.910889104008674622e-02,1.184078902006149292e-01,4.914213584540700986e-41,6.300518155297242514e-41,5.409012072293793894e-41,5.320309879502032973e-41,-5.051821093737398022e-41,-5.643028915836038345e-41,5.173313670594359662e-41,-6.059354689586941496e-41,5.625933074571275576e-41,-4.907487351911941864e-41,3.734922781586647034e-02,6.438682228326797485e-02,2.852915041148662567e-02,5.019451099211494748e-41,5.078585894406002028e-41,-5.278831444958018388e-41,-5.019310969365062266e-41,5.004737465336084169e-41,5.032062785390418102e-41,-5.583193471409368656e-41,-4.231963401214877299e-40,9.290374815464019775e-02,9.381595253944396973e-02,-5.022954345372306791e-41,-5.115860433557042163e-41,5.394298438418383315e-41,5.363610002049669821e-41,-5.608977363152945290e-41,1.612888574600219727e-01,1.040920466184616089e-01,1.266146749258041382e-01,-5.205683665120262937e-41,-5.941225229044359417e-41,-5.008941360729058620e-41,-4.972927990195910821e-41,5.696834996342658997e-02,8.055154234170913696e-02,1.715501695871353149e-01,4.940417865823575065e-41
-1.368684917688369751e-01,2.275439798831939697e-01,9.220834821462631226e-02,5.824066698551177979e-02,-2.520096302032470703e-01,5.409152202140226375e-41,2.186037786304950714e-02,1.577140018343925476e-02,-1.941968686878681183e-02,3.517564013600349426e-02,-1.774548180401325226e-02,2.179621458053588867e-01,-3.411356301512569189e-04,2.635760605335235596e-02,-1.036518905311822891e-02,3.588389605283737183e-02,1.084094122052192688e-01,3.562539070844650269e-02,-1.601748019456863403e-01,4.496575891971588135e-02,-1.076050009578466415e-02,7.163534313440322876e-02,-3.519621789455413818e-01,-5.519619956612586975e-02,-5.377276986837387085e-02,-3.937139362096786499e-02,-4.819852113723754883e-02,3.577339649200439453e-02,2.265554852783679962e-02,-1.839737445116043091e-01,-1.339639127254486084e-01,7.038583606481552124e-02,1.420669816434383392e-02,1.051953807473182678e-01,4.562786594033241272e-02,-1.471314281225204468e-01,1.106114778667688370e-02,1.410095393657684326e-02,2.101592533290386200e-02,1.581504009664058685e-02,8.352767676115036011e-02,2.559548318386077881e-01,4.582104459404945374e-02,1.864403188228607178e-01,-5.320059880614280701e-02,-1.398512870073318481e-01,2.294673025608062744e-02,-8.955498039722442627e-02,-4.147589206695556641e-02,4.671005159616470337e-02,-4.412466660141944885e-02,-1.379839777946472168e-01,1.011732872575521469e-02,4.910430078687023980e-41,-3.553240001201629639e-02,-7.432713359594345093e-02,1.464591622352600098e-01,6.982336193323135376e-02,1.970879547297954559e-02,-1.641763933002948761e-02,-5.823497846722602844e-02,5.656652897596359253e-02,-4.553956538438796997e-02,1.234134063124656677e-01,1.608535274863243103e-02,-5.354650318622589111e-02,1.486494857817888260e-02,-1.001232415437698364e-01,3.791471570730209351e-02,5.997199937701225281e-02,2.766390517354011536e-02,-4.057773575186729431e-02,-3.407346829771995544e-02,-4.686336219310760498e-02,2.259656786918640137e-02,8.655654639005661011e-02,8.802028745412826538e-02,-3.478334471583366394e-02,5.370987951755523682e-02,2.290039882063865662e-02,9.699168056249618530e-02,5.459532141685485840e-02,2.707985602319240570e-02,9.012944996356964111e-02,8.962516486644744873e-02,6.871888041496276855e-02,9.344862401485443115e-02,-2.101219445466995239e-02,1.700174808502197266e-01,-1.812779605388641357e-01,-1.612545736134052277e-02,-2.509379945695400238e-02,5.319292843341827393e-02,1.015151590108871460e-01,-9.421902894973754883e-02,-1.459372341632843018e-01,-1.386638581752777100e-01
7.304032891988754272e-02,2.334419637918472290e-01,9.769138693809509277e-02,6.076590660698136746e-41,-4.945322410448711925e-41,-5.625792944724843095e-41,-6.280214339494705200e-02,-5.027438500458146205e-41,-1.729417033493518829e-02,3.337532281875610352e-02,6.756646186113357544e-02,1.386760175228118896e-01,9.300734847784042358e-03,-5.255477130413055420e-02,7.853031903505325317e-02,3.708279505372047424e-02,5.084191088263301297e-41,4.039845615625381470e-02,6.846249848604202271e-02,1.198243200778961182e-01,2.868006005883216858e-02,1.767738163471221924e-01,9.982083737850189209e-02,3.702226653695106506e-02,-1.963561028242111206e-01,-1.582255028188228607e-02,-1.362191885709762573e-02,-3.267917409539222717e-02,1.184537038207054138e-01,-1.121823936700820923e-01,4.378502815961837769e-02,-9.107183665037155151e-03,1.470777112990617752e-02,-6.982833892107009888e-02,4.536758363246917725e-02,-5.126089912346613327e-41,1.439284998923540115e-02,1.512275449931621552e-02,2.028641104698181152e-02,1.479762885719537735e-02,1.054538264870643616e-01,3.171958029270172119e-01,4.672373458743095398e-02,1.034070402383804321e-01,-6.066446751356124878e-02,3.591176867485046387e-02,2.083911746740341187e-02,7.149307429790496826e-02,6.685908883810043335e-02,9.677921980619430542e-02,-1.725958660244941711e-02,-2.536165416240692139e-01,-1.355742251249617268e-40,5.279952483729478242e-41,-5.654659693089934326e-41,1.158114373683929443e-01,2.085919259116053581e-03,3.501646220684051514e-02,3.771221637725830078e-02,-1.160826236009597778e-01,-8.989891409873962402e-02,4.921079947015892590e-41,-5.784980450272142314e-41,4.500536993145942688e-02,2.131859958171844482e-02,3.929541260004043579e-02,9.422153979539871216e-02,-1.435630768537521362e-01,3.675172477960586548e-02,-2.913444861769676208e-02,1.174742281436920166e-01,5.438439340044615052e-41,5.182982629998200900e-41,5.219276260224213662e-41,-8.856412023305892944e-02,-5.007259802571868840e-41,-9.401606395840644836e-03,5.666430600190262790e-41,-6.551833450794219971e-02,1.262577772140502930e-01,7.347330451011657715e-02,-8.901385962963104248e-02,-3.093087375164031982e-01,-2.572247385978698730e-01,-1.014201045036315918e-01,5.606701970100402832e-02,2.395160645246505737e-01,3.688044846057891846e-01,1.491026431322097778e-01,-8.029381930828094482e-02,5.865835371663684259e-41,4.970265523113693669e-41,5.319815501570701599e-02,1.695720851421356201e-01,-7.776289246976375580e-03,3.529737889766693115e-02,-1.395377665758132935e-01
-5.262576382771850510e-41,-5.173453800440792144e-41,-5.023795124450901681e-41,5.119223549871421723e-41,-5.388973504253949010e-41,-5.488745954913875985e-41,-6.194860251087151307e-41,-5.266359888625527516e-41,-6.048144301872342960e-41,5.907874325593428771e-41,-4.053507745265960693e-02,-3.762343823909759521e-01,-1.765622052064626261e-40,-4.925423972255299523e-41,-5.209887560513237388e-41,-5.145848220693593248e-41,4.951207863998876157e-41,8.903712034225463867e-02,-5.762139285303647796e-41,5.616123985321001857e-41,-5.990691064835025460e-41,-1.101625338196754456e-01,5.022674085679441827e-41,-5.606174766224295656e-41,5.622429828410463534e-41,-5.694316439630326649e-41,-1.194578914867620057e-40,-6.137547143896266289e-41,5.837389012837890472e-41,-5.196435095255719144e-41,-5.361788314046047558e-41,5.054903950358912620e-41,5.082369400259679035e-41,5.038088368787014815e-41,-1.198428496718406677e-01,5.046636289419396199e-41,-5.074241869166595096e-41,-5.112777576935527565e-41,-5.103809266763848736e-41,5.033323954008310437e-41,5.511867379575235467e-41,7.970376312732696533e-02,5.355482470956585882e-41,1.192962881759740412e-04,5.729489031084879558e-41,6.081355075476841124e-41,-5.701603191644815698e-41,1.132501392898030660e-40,-5.575906719394879607e-41,-1.364808652313798834e-40,5.386311037171731857e-41,-4.988062013610618846e-41,4.956672928009742943e-41,-5.041311355254961894e-41,-5.504860887253611381e-41,-1.286824494600296021e-01,-3.803423047065734863e-02,-4.943640852291522145e-41,-3.620129078626632690e-02,-5.485803228138793869e-41,-8.516847342252731323e-02,-4.904824884829724712e-41,-4.907207092219076901e-41,-5.439560378816074906e-41,-2.288888953626155853e-02,-5.209925398230552673e-02,-1.218820884823799133e-01,-5.661837011575698853e-02,-5.814267588176530991e-41,-5.457216739466567601e-41,5.273226251100719120e-41,5.215773014063401620e-41,-5.100025760910171730e-41,5.992512752838647722e-41,-2.633625268936157227e-01,1.007043141387029788e-40,-1.945594102144241333e-01,-5.025616812454523943e-41,-6.320878118276596069e-02,3.971090540289878845e-02,2.718832343816757202e-02,-5.931032821536064148e-02,-2.317680567502975464e-01,-1.779003292322158813e-01,-9.116484969854354858e-02,-1.721133291721343994e-01,5.401376634836196899e-02,-5.218575610992051254e-41,3.791079670190811157e-02,3.277746587991714478e-02,5.051260574351668096e-41,5.060789403909076852e-41,5.312882997641111443e-41,-2.401596009731292725e-01,5.026457591533118833e-41,-5.174014319826522071e-41,-5.084751607649031224e-41
7.204617559909820557e-02,2.284646183252334595e-01,4.599921777844429016e-02,2.857204340398311615e-02,5.373699350992808504e-41,-5.011743957657708254e-41,2.281506545841693878e-02,-5.070738623005783053e-41,7.546772807836532593e-02,3.547241538763046265e-02,3.089983463287353516e-01,4.911017715930938721e-01,9.620850533246994019e-02,4.311549291014671326e-02,7.712794095277786255e-02,4.908468260836969236e-41,-4.907487351911941864e-41,1.277533769607543945e-01,1.073554679751396179e-01,7.568936794996261597e-02,-3.820954635739326477e-02,5.964200943708419800e-02,9.954146295785903931e-02,-4.942239553827197327e-41,3.497524186968803406e-02,5.019731358904359711e-41,2.266329713165760040e-02,-4.920099038090865218e-41,1.191322878003120422e-02,1.050632074475288391e-01,-1.518572121858596802e-02,-9.233557619154453278e-03,1.379001513123512268e-02,1.069451794028282166e-01,4.444551840424537659e-02,4.904965014676157193e-41,1.353429257869720459e-02,1.564520597457885742e-02,1.803787238895893097e-02,1.420408021658658981e-02,8.456733822822570801e-02,3.163670003414154053e-01,4.722632095217704773e-02,1.088151857256889343e-01,3.019081428647041321e-02,3.203914687037467957e-02,2.160025201737880707e-02,7.280658185482025146e-02,6.321744620800018311e-02,4.782715439796447754e-02,-2.185892686247825623e-02,1.557824760675430298e-01,-2.260229550302028656e-02,-4.904965014676157193e-41,5.641347357678848564e-41,1.166270524263381958e-01,-1.137119159102439880e-02,1.934193521738052368e-01,4.458984360098838806e-02,7.841458171606063843e-02,-1.206270530819892883e-01,-5.024776033375929053e-41,5.052942132508857876e-41,1.279666125774383545e-01,2.067796140909194946e-02,3.975799679756164551e-02,4.455862101167440414e-03,1.789096146821975708e-01,3.779444843530654907e-02,-1.978606171905994415e-02,-1.416890472173690796e-01,6.004423789785408667e-41,-5.410693630450983674e-41,5.485102578906631461e-41,2.641260325908660889e-01,4.458716884255409241e-02,1.861403882503509521e-01,-5.853245500475168228e-03,2.552334219217300415e-02,1.087895929813385010e-01,1.503630280494689941e-01,1.025462895631790161e-01,3.868144452571868896e-01,8.523815870285034180e-02,9.129719436168670654e-02,1.581937372684478760e-01,1.491849124431610107e-01,-1.088037565350532532e-01,-3.577623143792152405e-02,1.373682469129562378e-01,-5.524058676214861375e-41,-5.449089208373483662e-41,5.273564904928207397e-02,1.766164749860763550e-01,-1.631762832403182983e-02,3.034577369689941406e-01,4.856608808040618896e-02
5.015387333664952779e-41,-5.009782139807653510e-41,6.274848431348800659e-02,-6.054730404654669600e-41,-5.611219440695864997e-41,-5.692214491933839424e-41,5.691093453162379570e-41,6.024462357825253551e-41,5.786662008429332094e-41,5.104650045842443626e-41,-5.900867833271804686e-41,-5.020151748443657157e-41,-5.999659375006704289e-41,-5.845376414084541930e-41,5.100866539988766620e-41,5.802216421383337564e-41,1.074742451310157776e-01,-5.122726796032233766e-41,-4.968864224649368852e-41,-5.130574067432452742e-41,-6.112604031231284545e-41,-4.905805793754752084e-41,5.400043762122115065e-41,5.029400318308200949e-41,5.260894824614660729e-41,-5.020151748443657157e-41,5.035566031551230144e-41,-4.945742799988009370e-41,5.904371079432616728e-41,6.223867129298675021e-41,-5.370336234678428943e-41,5.159861205336841419e-41,-6.144273376525025411e-41,4.959055135399095132e-41,4.929067348262544047e-41,5.614862816703109521e-41,-5.046916549112261163e-41,5.819312262648100332e-41,5.685908648844377747e-41,4.958774875706230169e-41,-4.917856960547945510e-41,2.514794468879699707e-01,6.277116470943018069e-41,-3.134298920631408691e-01,6.172439475657954234e-41,4.979934482517534907e-41,-5.267761187089852333e-41,-5.087554204577680858e-41,5.025616812454523943e-41,-5.236372101488976431e-41,4.976150976663857901e-41,-5.601690611138456241e-41,5.148650817622242882e-41,5.146408740079323175e-41,-5.167848606583492876e-41,5.049719146040910797e-41,-5.049859275887343278e-41,4.971806951424450968e-41,8.788865059614181519e-02,-5.601690611138456241e-41,-4.927806179644651712e-41,5.140102896989861498e-41,-6.125215717410207899e-41,4.944761891062981998e-41,-5.045094861108638900e-41,-5.035986421090527589e-41,-4.935092931659140760e-41,5.785540969657872241e-41,-5.839490960534377698e-41,-5.036266680783392553e-41,5.952575746605390436e-41,5.091617970124222827e-41,4.987501494224888919e-41,-4.946303319373739297e-41,-5.050419795273073205e-41,-6.162069867021950588e-41,4.926545011026759376e-41,-4.918137220240810474e-41,-4.948685526763091486e-41,1.500855535268783569e-01,1.431063115596771240e-01,5.882931212928447027e-41,5.593282820352507339e-41,-6.063278325287050984e-41,4.992686298542890742e-41,-5.028139149690308614e-41,2.439149022102355957e-01,-4.909449169761996608e-41,-4.909729429454861571e-41,6.064539493904943320e-41,-5.068076155923565900e-41,4.926685140873191858e-41,-5.961123667237771820e-41,5.794229020136686107e-41,-4.931869945191193681e-41,-4.929908127341138937e-41,5.594123599431102229e-41
6.916483491659164429e-02,2.287199348211288452e-01,-1.006626561284065247e-01,2.925224415957927704e-02,4.662000760436058044e-02,-5.161262503801166236e-41,1.672436855733394623e-02,5.129873418200290333e-41,-1.295393612235784531e-02,3.082386218011379242e-02,8.364512771368026733e-02,3.221907615661621094e-01,1.023092046380043030e-01,-5.287617444992065430e-02,7.821197062730789185e-02,-5.594543988970399674e-41,1.075644120573997498e-01,3.329752013087272644e-02,1.085578724741935730e-01,-9.858137369155883789e-02,5.490164086222648621e-02,-4.537238739430904388e-03,1.032856851816177368e-01,3.526798263192176819e-02,3.261898830533027649e-02,4.818248748779296875e-02,3.316284716129302979e-02,3.631173819303512573e-02,1.186837106943130493e-01,2.679801583290100098e-01,7.261830568313598633e-02,-1.808709278702735901e-02,1.558244507759809494e-02,1.051626577973365784e-01,4.566518962383270264e-02,-6.533088535070419312e-02,1.425161678344011307e-02,-6.207327544689178467e-02,-6.593222171068191528e-02,1.509482227265834808e-02,-9.025637060403823853e-03,3.176452815532684326e-01,4.693367332220077515e-02,-7.051764987409114838e-03,2.774514816701412201e-02,3.726611658930778503e-02,2.025283686816692352e-02,7.536269724369049072e-02,6.901959329843521118e-02,2.496640896424651146e-03,-2.157308347523212433e-02,7.372602820396423340e-02,-2.705644257366657257e-02,5.376361818075025656e-41,4.600526392459869385e-02,1.135744377970695496e-01,1.133598983287811279e-01,6.826558709144592285e-02,4.337237775325775146e-02,-1.691645942628383636e-02,1.037663221359252930e-01,5.685207999612215338e-41,3.803216293454170227e-02,-3.928535804152488708e-02,-1.549223065376281738e-01,3.974535316228866577e-02,5.064480472356081009e-03,-1.375327110290527344e-01,3.649916127324104309e-02,-2.798622101545333862e-02,-5.794652551412582397e-02,6.048004172025910478e-41,-3.413507342338562012e-02,2.844419889152050018e-02,9.473954141139984131e-02,2.690532244741916656e-03,4.268058836460113525e-01,-4.813120234757661819e-03,2.496792376041412354e-02,-9.888839721679687500e-02,1.498808860778808594e-01,4.236923996359109879e-03,5.519110709428787231e-02,8.790034800767898560e-02,8.705288171768188477e-02,5.519979819655418396e-02,-4.962773062288761139e-03,3.947376906871795654e-01,2.462694495916366577e-01,2.679668553173542023e-02,-2.227267436683177948e-02,5.880022048950195312e-02,5.437664687633514404e-02,-6.021606922149658203e-02,-1.546149235218763351e-02,7.033939659595489502e-02,4.549778625369071960e-02
5.347214810017069461e-41,-4.916455662083620693e-41,-8.380835503339767456e-02,5.003476296718191833e-41,5.690532933776649643e-41,1.312456141686623669e-40,-5.020432008136522120e-41,5.607435934842187991e-41,-5.111796668010500193e-41,-5.252066644289414382e-41,-6.474062800407409668e-02,1.121849119663238525e-01,5.355482470956585882e-41,-5.026457591533118833e-41,5.079987192870326846e-41,5.540173608554596772e-41,4.912251766690646242e-41,-1.046173423528671265e-01,-5.637283592132306595e-41,5.869759007363793747e-41,5.504580627560746418e-41,-2.628694521263241768e-03,-5.076483946709514803e-41,5.244639762428492851e-41,6.242644528720627569e-41,5.919645232693757234e-41,-5.011884087504140736e-41,-5.124968873575153473e-41,5.035706161397662626e-41,-5.102828357838821364e-41,-4.973348379735208266e-41,4.906086053447617047e-41,5.148931077315107845e-41,6.241103100409870270e-41,4.168990999460220337e-02,-5.579409965555691650e-41,-5.488465695221011022e-41,5.069617584234323199e-41,5.115159784324879754e-41,-5.503739848482151528e-41,-5.337966240152525668e-41,2.341375201940536499e-01,-5.038789018019177224e-41,1.018905416131019592e-01,5.471930373341978180e-41,5.094840956592169906e-41,-5.233709634406759278e-41,-4.913793195001403541e-41,5.273646640640016565e-41,-6.303460882072324630e-41,-5.962665095548529118e-41,-4.967182666492179071e-41,5.252767293521576790e-41,5.331940656755928955e-41,4.904824884829724712e-41,-2.020110934972763062e-02,-1.500901132822036743e-01,-5.089375892581303120e-41,-4.804836586117744446e-02,-5.198957432491503815e-41,-1.588944345712661743e-03,5.217454572220591400e-41,5.025476682608091461e-41,-5.507523354335828534e-41,9.127367287874221802e-02,5.098344202752981949e-41,4.964229092001914978e-02,6.230322271585464478e-02,-4.976571366203155346e-41,-5.117121602174934498e-41,-6.294492571900645801e-41,5.452172064994998260e-41,4.916735921776485657e-41,-4.959895914477690023e-41,-4.915755012851458285e-41,6.034972096307689679e-41,7.448067516088485718e-02,1.365957967936992645e-02,-5.153835621940244705e-41,1.090430691838264465e-01,9.956322610378265381e-02,-4.994227726853648041e-41,5.027999019843876132e-41,-5.042852783565719193e-41,5.376081558382160693e-41,-4.930468646726868864e-41,7.832624763250350952e-02,5.017489281361440004e-41,2.039193548262119293e-02,-1.779413819313049316e-01,-5.009081490575491102e-41,5.015527463511385260e-41,5.020712267829387083e-41,5.061640962958335876e-02,-1.524388521431109002e-40,-4.923602284251677260e-41,4.908047871297671791e-41
-1.341404318809509277e-01,2.229069769382476807e-01,9.234786033630371094e-02,-6.282441405107452374e-41,-5.463242322863164314e-41,5.941785748430089344e-41,2.246346324682235718e-02,-5.045234990955071382e-41,-1.941767707467079163e-02,-5.696829408407211304e-02,6.812167912721633911e-02,4.578017592430114746e-01,9.620412439107894897e-02,4.290147125720977783e-02,7.934769988059997559e-02,3.696552664041519165e-02,5.235391192563949059e-41,-4.911787435412406921e-02,1.017829868942499161e-02,1.256684362888336182e-01,4.990434274077415466e-02,1.683008521795272827e-01,1.013491377234458923e-01,3.400205820798873901e-02,1.545496881008148193e-01,7.517949491739273071e-02,6.120031699538230896e-02,5.489776283502578735e-02,1.183084100484848022e-01,8.437583595514297485e-02,1.281889975070953369e-01,7.717566192150115967e-02,8.406063541769981384e-03,-2.453362643718719482e-01,4.407456517219543457e-02,5.582492822177206247e-41,1.402227208018302917e-02,1.231411006301641464e-02,1.716798916459083557e-02,1.459211297333240509e-02,1.588734239339828491e-01,2.375478744506835938e-01,4.639706760644912720e-02,1.051305085420608521e-01,3.085299767553806305e-02,3.692961484193801880e-02,2.398033812642097473e-02,7.030832767486572266e-02,6.468682736158370972e-02,-6.612432748079299927e-02,6.511282920837402344e-02,2.714476585388183594e-01,-6.680542975664138794e-02,4.389832168817520142e-02,-5.297048324994241010e-41,-9.351516515016555786e-02,2.677447162568569183e-03,-1.965061947703361511e-02,-4.851948842406272888e-02,7.758136838674545288e-02,-4.515291005373001099e-02,-3.534711524844169617e-02,5.049999405733775760e-41,1.274107098579406738e-01,-7.003543525934219360e-02,3.700156509876251221e-02,3.082740586251020432e-03,2.790173329412937164e-02,3.627053648233413696e-02,-1.136848255991935730e-01,3.185329586267471313e-02,5.325895920395851135e-02,-5.492389330921120509e-41,5.224461064542215486e-41,7.893612235784530640e-02,3.740126499906182289e-03,-7.911859452724456787e-02,1.347997635602951050e-01,5.103379487991333008e-02,3.229191899299621582e-02,1.496483683586120605e-01,-3.114300966262817383e-02,-1.487871911376714706e-02,-8.956641703844070435e-02,-2.017743885517120361e-01,-1.302166432142257690e-01,1.601365655660629272e-01,2.715777456760406494e-01,1.462190896272659302e-01,-1.768388897180557251e-01,-5.189568732780527540e-41,-5.266079628932662553e-41,5.425935983657836914e-02,1.182318180799484253e-01,9.378068149089813232e-02,-4.154070615768432617e-01,-1.419495642185211182e-01
6.923761963844299316e-02,2.290231287479400635e-01,-6.304569978965446353e-05,-2.390129119157791138e-02,4.922481245480217407e-41,-5.596505806820454418e-41,1.660077273845672607e-02,1.628132909536361694e-02,-2.350609004497528076e-02,-5.782624334096908569e-02,2.266176939010620117e-01,2.447837740182876587e-01,1.861268132925033569e-01,1.188072785735130310e-01,7.846301048994064331e-02,3.642918169498443604e-02,3.202140703797340393e-02,1.197857260704040527e-01,1.251845955848693848e-01,1.002839058637619019e-01,7.728765159845352173e-02,2.141149938106536865e-01,9.919435530900955200e-02,3.543814271688461304e-02,1.533305197954177856e-01,-1.660890504717826843e-02,6.145577505230903625e-02,5.593248084187507629e-02,9.741624817252159119e-03,4.456338938325643539e-03,4.043627530336380005e-02,7.614806294441223145e-02,1.487577706575393677e-02,-7.475885748863220215e-02,4.467771947383880615e-02,5.127070821271640699e-41,1.389257609844207764e-02,1.455769781023263931e-02,1.916500180959701538e-02,1.387786958366632462e-02,8.329612016677856445e-02,1.574276834726333618e-01,-1.360178142786026001e-01,1.888611316680908203e-01,2.906936034560203552e-02,3.511464595794677734e-02,2.238567918539047241e-02,7.053647190332412720e-02,6.360965967178344727e-02,1.322036236524581909e-02,-2.309327572584152222e-02,1.395001262426376343e-01,-3.258274868130683899e-02,-4.281585663557052612e-02,5.318768451191275674e-41,1.119713857769966125e-01,-1.341015100479125977e-02,1.097933426499366760e-01,1.075445562601089478e-01,8.610769361257553101e-02,1.917161047458648682e-01,2.022279202938079834e-01,4.957093317549040388e-41,1.256654709577560425e-01,1.126914918422698975e-01,3.953019902110099792e-02,4.831315483897924423e-03,5.496195703744888306e-02,3.797137737274169922e-02,6.300306320190429688e-02,-5.706478282809257507e-02,-2.019556425511837006e-02,-5.055744729437507510e-41,-5.548441269494113192e-41,3.387930095195770264e-01,9.465426555834710598e-04,4.504765570163726807e-01,4.556053876876831055e-02,5.348991230130195618e-02,8.599774539470672607e-02,3.135895133018493652e-01,-8.541429787874221802e-02,3.057141602039337158e-01,8.932217955589294434e-02,9.017787128686904907e-02,-3.427566215395927429e-02,3.702486753463745117e-01,2.312019318342208862e-01,9.687833487987518311e-02,1.365669369697570801e-01,-5.204702756195235565e-41,-6.222886220373647649e-41,5.619445443153381348e-02,3.463794887065887451e-01,9.269932657480239868e-02,3.495708107948303223e-01,4.652357101440429688e-02
-1.338602006435394287e-01,2.286895066499710083e-01,8.833222091197967529e-02,2.850833535194396973e-02,-6.058934300047644051e-41,5.511166730343073058e-41,-6.628534197807312012e-02,3.002688336370574771e-40,-5.360786244273185730e-02,3.552479669451713562e-02,2.323886156082153320e-01,3.979171440005302429e-02,-7.289996743202209473e-02,-5.089896172285079956e-02,-1.754689067602157593e-01,3.471468016505241394e-02,5.475854009042087668e-41,-1.165067255496978760e-01,1.909127645194530487e-02,2.872216328978538513e-02,4.954298585653305054e-02,9.839526563882827759e-02,1.033421680331230164e-01,-4.917716830701513029e-41,6.639347225427627563e-02,-9.751027822494506836e-02,6.443911790847778320e-02,-3.149075061082839966e-02,-8.179397881031036377e-02,1.036820858716964722e-01,-4.649268463253974915e-02,-1.025587767362594604e-01,1.591604761779308319e-02,1.272804196923971176e-02,4.317987337708473206e-02,-5.919645232693757234e-41,1.298509258776903152e-02,1.519591081887483597e-02,1.970417983829975128e-02,1.598324440419673920e-02,-1.026432961225509644e-02,3.174395859241485596e-01,4.713023826479911804e-02,1.052966937422752380e-01,-6.023786216974258423e-02,3.650710731744766235e-02,-6.515568494796752930e-02,7.380084693431854248e-02,6.288620084524154663e-02,1.008181124925613403e-01,-2.192866615951061249e-02,1.999080479145050049e-01,-6.795334815979003906e-02,4.224229604005813599e-02,-4.911691247304916315e-41,1.133071333169937134e-01,-8.222460746765136719e-02,3.778639808297157288e-02,4.375882446765899658e-02,8.378896117210388184e-02,2.705246210098266602e-01,1.166709661483764648e-01,-5.765642531464459838e-41,1.265281140804290771e-01,2.152646705508232117e-02,3.676167130470275879e-02,9.374737739562988281e-02,2.142483368515968323e-02,1.127809565514326096e-02,1.486493181437253952e-02,-2.484460138293970922e-40,1.705124787986278534e-02,4.983297598831914468e-41,-5.102548098145956400e-41,2.504058778285980225e-01,4.132018890231847763e-03,7.228672504425048828e-02,-3.132889419794082642e-02,2.606936357915401459e-02,1.153490766882896423e-01,1.502829343080520630e-01,1.538955122232437134e-01,-3.896206989884376526e-02,2.460286486893892288e-03,8.954628556966781616e-02,1.579349040985107422e-01,2.380369007587432861e-01,3.939742743968963623e-01,6.516508013010025024e-02,1.410680413246154785e-01,5.407470643983036595e-41,-5.042992913412151675e-41,-3.406405448913574219e-02,-1.935478858649730682e-02,-3.154825884848833084e-03,2.918320596218109131e-01,4.813259467482566833e-02
5.177797825680199077e-41,5.817770834337343033e-41,5.194613407252096882e-41,-6.026984695061038222e-41,-1.163610218806041599e-40,-5.870319526749523674e-41,5.878867447381905058e-41,5.375661168842863247e-41,-5.126790561578775736e-41,4.966622147106449144e-41,5.007680192111166285e-41,5.396960905500600467e-41,-5.547740620261950784e-41,5.540033478708164290e-41,-8.496522903442382812e-02,-5.246041060892817668e-41,-5.901848742196832058e-41,-5.346794420477772016e-41,-5.332921565680956327e-41,-5.239034568571193583e-41,-5.475713879195655186e-41,5.978219508502534588e-41,5.255429760603793943e-41,5.706507736269952558e-41,5.015667593357817742e-41,-4.908328130990536754e-41,-5.364170521435399747e-41,6.181267655983200582e-41,4.909589299608429090e-41,-5.131975365896777559e-41,-5.406769994750874186e-41,5.109274330774715522e-41,5.208346132202480089e-41,-1.393395140986025103e-40,-5.903530300354021838e-41,-5.200919250341558559e-41,-4.918277350087242956e-41,4.905525534061887120e-41,-6.064819753597808283e-41,-5.171632112437169882e-41,5.878447057842607613e-41,-5.878447057842607613e-41,-5.255710020296658906e-41,5.233709634406759278e-41,-5.557872008159019211e-40,-1.189408123534261482e-40,4.977272015435317754e-41,-5.068776805155728309e-41,5.743361885881695247e-41,-5.625652814878410613e-41,-4.907207092219076901e-41,5.267621057243419851e-41,5.066955117152106047e-41,5.015947853050682705e-41,5.267901316936284815e-41,5.114739394785582309e-41,5.174995228751549443e-41,-1.242012867885015114e-40,-4.913793195001403541e-41,4.914774103926430913e-41,5.419802070469094985e-41,-5.891339003714395930e-41,5.911797961293538259e-41,-4.908328130990536754e-41,-4.909729429454861571e-41,-4.909449169761996608e-41,5.181581331533876083e-41,5.093439658127845089e-41,-5.537791401165244583e-41,5.083210179338273925e-41,-4.981616040674724687e-41,5.111376278471202748e-41,-4.954290720620390754e-41,4.911270857765618870e-41,4.905245274369022157e-41,-1.335339345609047931e-40,-5.686188908537242710e-41,5.975697171266749917e-41,-5.248843657821467303e-41,5.060369014369779407e-41,5.812726159865773692e-41,5.078866154098866992e-41,-5.485803228138793869e-41,5.128051730196668071e-41,4.935513321198438206e-41,-6.274454003860800917e-41,5.030241097386795839e-41,5.236091841796111467e-41,5.046636289419396199e-41,4.966061627720719218e-41,5.113618356014122455e-41,-5.855746022720545576e-41,-2.067586332559585571e-01,-5.663487873415180674e-41,-5.054343430973182693e-41,5.445726092059104101e-41,-4.994507986546513004e-41
-1.379303932189941406e-01,-5.730174779891967773e-01,9.336999058723449707e-02,-5.576747498473474497e-41,-1.343176607042551041e-02,-2.191714876111873388e-40,2.212024107575416565e-02,-4.912532026383511206e-41,-8.883675560355186462e-03,3.444572538137435913e-02,1.363264769315719604e-01,4.142095446586608887e-01,3.048566635698080063e-03,-5.197077617049217224e-02,7.962929457426071167e-02,-5.375380909149998284e-41,4.906226183294049529e-41,3.229851648211479187e-02,6.891625374555587769e-02,1.644914448261260986e-01,5.246158316731452942e-02,6.768299639225006104e-02,-6.878108531236648560e-02,3.433768451213836670e-02,7.212294638156890869e-02,4.582401737570762634e-02,-1.419952791184186935e-02,3.460921347141265869e-02,-4.638206213712692261e-02,-1.263749599456787109e-01,5.107873032310390705e-41,5.021833306600846937e-41,-6.873550266027450562e-02,-6.884914636611938477e-02,4.416575655341148376e-02,1.018479540944099426e-01,1.378801465034484863e-02,1.393633708357810974e-02,-6.874626874923706055e-02,1.471486035734415054e-02,-9.854399412870407104e-02,1.615251153707504272e-01,4.818729683756828308e-02,1.059865131974220276e-01,2.427097409963607788e-02,-5.233360081911087036e-02,2.057730220258235931e-02,7.409664988517761230e-02,6.379986554384231567e-02,-4.905245274369022157e-41,-4.987081104685591474e-41,-5.262409150600433350e-02,-4.968724094802936370e-41,-5.786521878582899613e-41,4.268167912960052490e-02,-7.284711301326751709e-02,6.490284204483032227e-02,1.068568788468837738e-02,4.206081479787826538e-02,-1.759842038154602051e-02,-4.461427405476570129e-02,2.058977782726287842e-01,3.837506845593452454e-02,1.657119765877723694e-02,1.108305007219314575e-01,3.861660882830619812e-02,-5.701598152518272400e-02,-6.147379055619239807e-02,-4.912200570106506348e-02,-2.852497994899749756e-02,-1.443777531385421753e-01,-4.911130727919186388e-41,-3.385378047823905945e-02,2.888386137783527374e-02,8.449865877628326416e-02,-8.603546768426895142e-02,2.469824105501174927e-01,-5.216333533449131547e-41,2.657577022910118103e-02,4.548697173595428467e-02,7.436169683933258057e-02,-8.509293943643569946e-02,-3.873867988586425781e-01,-9.229663014411926270e-02,-8.726789802312850952e-02,-3.387905284762382507e-02,2.395507246255874634e-01,3.673596680164337158e-01,2.820168435573577881e-01,-7.839106768369674683e-02,-2.221111208200454712e-02,5.479596927762031555e-02,5.438672378659248352e-02,3.515423536300659180e-01,7.963594049215316772e-02,-2.837594747543334961e-01,-1.411292850971221924e-01
5.896103418493100308e-41,5.498134654624852259e-41,4.022196307778358459e-02,5.829962130976968942e-41,4.959475524938392577e-41,-5.992933142377945167e-41,4.918837869472972882e-41,-4.921920726094487480e-41,-5.734533705556448899e-41,-4.906226183294049529e-41,-5.994690954685211182e-02,9.950813651084899902e-02,-5.633015930652618408e-02,5.874803681835363088e-41,5.829261481744806533e-41,-5.003336166871759352e-41,6.226529596380892173e-41,-4.919818778398000254e-41,4.933411373501950980e-41,-5.553065554426385089e-41,-5.712953709205846716e-41,5.382247271625189888e-41,5.685488259305080302e-41,5.205403405427397973e-41,-5.071999791623675388e-41,4.964800459102826882e-41,1.570645383738471214e-40,4.914633974079998431e-41,6.139508961746321033e-41,-5.222359116845728260e-41,5.628175152114195284e-41,5.027578630304578687e-41,-5.139262117911266608e-41,-5.089235762734870638e-41,-4.907907741451239309e-41,-5.136599650829049455e-41,5.612340479467324851e-41,-4.975170067738830529e-41,5.775311490868301076e-41,-5.429611159719368705e-41,-4.996750064089432711e-41,1.923030465841293335e-01,-4.959335395091960096e-41,1.048294976353645325e-01,4.909028780222699163e-41,3.026804682941604873e-42,5.240435867035518400e-41,6.189815576615581966e-41,-5.909555883750618551e-41,4.945182280602279443e-41,4.970265523113693669e-41,-5.150892895165162589e-41,5.005157854875381614e-41,-8.971112768607478888e-42,-5.036406810629825035e-41,-2.089582197368144989e-02,-4.914213584540700986e-41,-5.281634041886668022e-41,4.905945923601184565e-41,-1.738453842699527740e-02,-5.503179329096421601e-41,-5.509765431878748241e-41,4.917576700855080547e-41,5.066814987305673565e-41,-5.097643553520819541e-41,5.328717670287981876e-41,-4.908188001144104273e-41,5.989289766370700643e-41,4.917436571008648065e-41,-4.977272015435317754e-41,-5.288920793901157071e-41,5.718278643370281021e-41,2.473137646702226400e-40,5.011884087504140736e-41,5.051120444505235614e-41,4.971386561885153523e-41,-4.925844361794596968e-41,4.950507214766713748e-41,5.181721461380308565e-41,1.058432608842849731e-01,1.432194411754608154e-01,1.204906484549693958e-40,-4.916035272544323248e-41,-5.041591614947826858e-41,-5.030941746618958248e-41,5.449929987452078552e-41,2.214357405900955200e-01,-4.922341115633784925e-41,5.005017725028949132e-41,5.251646254750116937e-41,-4.925423972255299523e-41,-5.866676150742279149e-41,6.290709066046968795e-41,4.914353714387133468e-41,5.465344270559651540e-41,5.102828357838821364e-41,4.966341887413584181e-41
7.190511375665664673e-02,2.277988195419311523e-01,3.914339467883110046e-02,-5.146969259465053102e-41,-6.174121033815144014e-41,-5.072560311009405315e-41,2.411657758057117462e-02,-5.175695877983711851e-41,4.032223671674728394e-02,3.346589580178260803e-02,4.173261672258377075e-02,4.550674557685852051e-02,1.420613378286361694e-02,4.970528557896614075e-02,8.167599886655807495e-02,-5.945569254283766350e-41,4.987641624071321401e-41,-1.973728887001504844e-41,6.828194111585617065e-02,7.305157184600830078e-02,2.936108224093914032e-02,1.887483000755310059e-01,1.030744835734367371e-01,4.994367856700080522e-41,3.083212859928607941e-02,5.321711177966357790e-41,2.417779527604579926e-02,-6.067342090833592954e-41,5.864191427826881409e-02,1.103899478912353516e-01,-1.330096647143363953e-02,-9.817883372306823730e-02,1.438762526959180832e-02,1.046301946043968201e-01,4.171911999583244324e-02,4.930889036266166309e-41,1.356312725692987442e-02,1.479183975607156754e-02,-6.612721085548400879e-02,1.471879333257675171e-02,8.265265077352523804e-02,3.168401718139648438e-01,-4.637295752763748169e-02,9.960972517728805542e-02,3.002325631678104401e-02,3.975893557071685791e-02,2.224470302462577820e-02,7.338227331638336182e-02,6.445921212434768677e-02,-6.078412348701759009e-41,5.074942518398757504e-41,7.136838138103485107e-02,-6.060755988051266313e-41,-4.940137606130710102e-41,5.558390488590819394e-41,1.124863848090171814e-01,7.623384147882461548e-02,1.233186759054660797e-02,4.341426491737365723e-02,-1.279499530792236328e-01,4.572471231222152710e-02,-5.618366062863921564e-41,-5.641487487525281046e-41,4.480417072772979736e-02,7.187809050083160400e-02,-5.246249586343765259e-02,-1.615203320980072021e-01,5.864549428224563599e-02,9.939884766936302185e-03,1.793074421584606171e-02,5.908995364364888625e-41,5.119503809564286687e-41,-5.046215899880098754e-41,-4.930188387034003901e-41,1.244490295648574829e-01,-5.515636872444269225e-40,1.022680923342704773e-01,-5.754011754210563857e-41,2.674057148396968842e-02,5.815389007329940796e-02,1.210930123925209045e-01,9.754594415426254272e-02,3.887736797332763672e-01,9.031222760677337646e-02,9.112293273210525513e-02,1.592226177453994751e-01,2.707848325371742249e-03,2.983134984970092773e-01,3.875216469168663025e-02,1.410074383020401001e-01,5.488185435528146058e-41,-5.863733423967197033e-41,5.633036792278289795e-02,1.234826892614364624e-01,-7.315161055885255337e-04,3.053308129310607910e-01,4.825830459594726562e-02
-1.356700807809829712e-01,-1.779264062643051147e-01,-7.938737422227859497e-02,5.728163942694664001e-02,4.956953187702607907e-41,5.084471347956166260e-41,2.310261689126491547e-02,1.090673729777336121e-02,7.385002076625823975e-02,3.517303243279457092e-02,1.886330544948577881e-01,2.899950146675109863e-01,-7.543992996215820312e-02,-5.232607200741767883e-02,-1.075237896293401718e-02,-5.858128230109897765e-41,5.519434391282589479e-41,1.061456501483917236e-01,-1.749539561569690704e-02,-1.639198213815689087e-01,5.441642925143241882e-02,-1.074037104845046997e-01,1.001922860741615295e-01,3.463253751397132874e-02,-1.061978787183761597e-01,-1.651323027908802032e-02,-1.083103716373443604e-01,-3.264036029577255249e-02,1.715825945138931274e-01,7.836779952049255371e-02,1.282154619693756104e-01,-5.967561155557632446e-02,1.462465338408946991e-02,1.689316891133785248e-02,4.557549580931663513e-02,5.538071660858109546e-41,-6.873277574777603149e-02,-6.635516136884689331e-02,-6.488175690174102783e-02,-6.512682139873504639e-02,-1.577150523662567139e-01,3.164944648742675781e-01,4.691876471042633057e-02,1.047830581665039062e-01,2.936083264648914337e-02,3.502821177244186401e-02,2.116342075169086456e-02,-6.320112384855747223e-03,6.423041969537734985e-02,8.981487154960632324e-02,-2.232279069721698761e-02,-1.255146563053131104e-01,1.691382676362991333e-01,4.260067641735076904e-02,-5.461000245320244607e-41,1.106469631195068359e-01,4.107932094484567642e-03,-7.463638484477996826e-02,1.043766289949417114e-01,-1.750861667096614838e-02,4.402071610093116760e-02,1.587990671396255493e-01,5.232028076249569498e-41,4.388185217976570129e-02,6.409218162298202515e-02,-1.034337729215621948e-01,1.791266910731792450e-02,3.164909034967422485e-02,3.738471865653991699e-02,5.833304673433303833e-02,2.898637577891349792e-02,-2.698224596679210663e-02,-4.974189158813803157e-41,5.031922655543985620e-41,1.809749752283096313e-01,8.614278584718704224e-02,4.268423020839691162e-01,1.316044293344020844e-02,5.559082701802253723e-02,3.800924494862556458e-02,-4.295130202081054449e-04,-5.166309326887130737e-02,-7.803551554679870605e-01,-1.779062002897262573e-01,8.968796581029891968e-02,-1.200804710388183594e-01,-2.224114164710044861e-02,1.017155349254608154e-01,-2.361069060862064362e-02,-8.510842174291610718e-02,-6.042118718475746246e-41,5.514810106350317583e-41,-1.988362967967987061e-01,8.845476806163787842e-02,-1.528282184153795242e-03,3.065267205238342285e-01,4.789863526821136475e-02
7.015883177518844604e-02,-9.583051502704620361e-02,-8.362475782632827759e-02,5.837908759713172913e-02,-4.952749292309633455e-41,-5.001234219175272126e-41,-6.444064527750015259e-02,-4.966061627720719218e-41,4.122499749064445496e-02,2.786480449140071869e-02,2.263646572828292847e-01,4.609197676181793213e-01,8.778689429163932800e-03,3.808185085654258728e-02,7.804642617702484131e-02,-4.402979463338851929e-02,5.192091070016312211e-41,7.011447846889495850e-02,-1.348154693841934204e-01,2.639490962028503418e-01,2.945388667285442352e-02,2.879779040813446045e-01,1.006899923086166382e-01,-5.490567642917498247e-41,-1.438237577676773071e-01,4.826274886727333069e-02,1.222141608595848083e-01,-5.111879482865333557e-02,1.179144755005836487e-01,1.011892259120941162e-01,7.572672516107559204e-02,-1.717708818614482880e-02,1.535254251211881638e-02,1.514029596000909805e-02,4.766163975000381470e-02,-6.156885062703948765e-41,8.016175590455532074e-03,1.464385073632001877e-02,1.708849146962165833e-02,1.430478971451520920e-02,-1.241004373878240585e-02,3.170982301235198975e-01,-1.348667293787002563e-01,1.049401834607124329e-01,2.826274186372756958e-02,3.575014322996139526e-02,2.006706036627292633e-02,6.937433779239654541e-02,-1.525223255157470703e-01,1.456858403980731964e-02,-2.334237471222877502e-02,9.240073710680007935e-02,1.887637935578823090e-02,-4.373141005635261536e-02,-1.319925062501474944e-40,1.152845099568367004e-01,8.842754364013671875e-02,1.195460557937622070e-01,4.304572567343711853e-02,-1.161392107605934143e-01,2.749667465686798096e-01,2.076883316040039062e-01,5.270283524325637004e-41,5.923587083816528320e-02,1.851725392043590546e-02,3.998488560318946838e-02,9.095452725887298584e-02,1.112419664859771729e-01,1.031868252903223038e-02,1.800329051911830902e-02,-5.627054113342735430e-41,-2.589602954685688019e-02,5.156498089022461858e-41,-4.904824884829724712e-41,1.803322136402130127e-02,8.527594804763793945e-02,3.131368160247802734e-01,8.398646861314773560e-02,5.397526919841766357e-02,1.055704429745674133e-01,1.499269604682922363e-01,6.326314061880111694e-02,2.045454978942871094e-01,8.627305924892425537e-02,9.023968875408172607e-02,1.186718270182609558e-01,1.655231416225433350e-01,4.257191717624664307e-01,1.498327851295471191e-01,1.371484994888305664e-01,5.494211018924742772e-41,4.967042536645746590e-41,5.617216229438781738e-02,1.899355649948120117e-01,-5.326335462898629687e-41,2.265614718198776245e-01,4.883806034922599792e-02
-5.497994524778419778e-41,4.908748520529834199e-41,9.314020723104476929e-02,-5.051961223583830504e-41,-4.916595791930053175e-41,-1.179949358900068966e-40,2.077393792569637299e-02,-4.916175402390755730e-41,-1.646994799375534058e-02,3.584675118327140808e-02,-6.138948442360591106e-41,-5.319048710884140638e-41,5.074101739320162614e-41,2.673957729624615935e-40,-5.025616812454523943e-41,-5.219556519917078626e-41,4.982456819753319577e-41,-5.263697421543310364e-41,-5.087563395500183105e-02,5.119643939410719169e-41,2.335938997566699982e-02,1.271966099739074707e-01,4.986380455453429065e-41,-5.240482091903686523e-02,-5.352960133720801211e-41,-5.059668365137616998e-41,-6.111342862613392210e-41,-4.908748520529834199e-41,6.026844565214605740e-41,-4.920659557476595145e-41,4.911270857765618870e-41,-5.333902474605983699e-41,-4.953590071388228346e-41,4.920099038090865218e-41,4.510648176074028015e-02,-5.311341569330354144e-41,4.907907741451239309e-41,-5.012024217350573218e-41,-6.204669340337425027e-41,-4.926264751333894413e-41,5.885173290471366734e-41,1.864909529685974121e-01,-1.206560016737597243e-40,-6.272912575550043618e-41,-6.053889625576074710e-41,5.308819232094569473e-41,5.159580945643976455e-41,5.014966944125655333e-41,-4.806988686323165894e-02,1.368073970079421997e-01,6.429932266473770142e-02,7.086522132158279419e-02,-6.298556337447187770e-41,5.211288858977562205e-41,5.124548484035856028e-41,-5.234410283638921687e-41,3.959614038467407227e-02,1.095595359802246094e-01,-5.017209021668575041e-41,-5.203581717423775711e-41,4.913372805462106096e-41,-5.038228498633447297e-41,-5.057846677133994736e-41,-4.991565259771430888e-41,5.075643167630919913e-41,-5.111796668010500193e-41,5.631958657967872290e-41,4.906646572833346974e-41,-4.927692562341690063e-02,6.061166524887084961e-02,1.154438182711601257e-01,-4.952188772923903529e-41,-4.942099423980764846e-41,-5.137860819446941791e-41,-4.927946309491084193e-41,-4.924162803637407187e-41,-6.037074044004176905e-41,5.074802388552325022e-41,5.033884473394040364e-41,9.322120994329452515e-02,9.434059262275695801e-02,5.928193153326138619e-41,5.718278643370281021e-41,-4.906786702679779456e-41,5.941925878276521826e-41,5.557269449819359540e-41,1.643849015235900879e-01,8.756484836339950562e-02,3.762479498982429504e-02,4.922621375326649888e-41,4.968864224649368852e-41,5.258372487378876059e-41,5.055184210051777583e-41,1.682742312550544739e-02,-1.625971496105194092e-02,3.059455156326293945e-01,-4.909028780222699163e-41
-1.373551487922668457e-01,2.263841331005096436e-01,1.427226811647415161e-01,2.962430007755756378e-02,1.794636100530624390e-01,-5.211569118670427168e-41,2.226196229457855225e-02,4.945882929834441852e-41,-1.107994243502616882e-01,3.217840567231178284e-02,2.605748474597930908e-01,-1.902664452791213989e-01,4.521054774522781372e-02,4.256658256053924561e-02,-8.291253820061683655e-03,5.104089526456713699e-41,-5.061770312834104224e-41,-4.873286932706832886e-03,1.086071431636810303e-01,2.337527424097061157e-01,5.321669206023216248e-02,1.698151379823684692e-01,1.025604382157325745e-01,3.517611324787139893e-02,-1.147847808897495270e-02,-4.311651736497879028e-02,3.451775759458541870e-02,3.503553196787834167e-02,2.754347585141658783e-02,2.488050013780593872e-01,7.733394950628280640e-02,7.546869665384292603e-02,1.276037283241748810e-02,1.021774858236312866e-01,4.359210655093193054e-02,1.717120781540870667e-02,1.232714578509330750e-02,1.495418883860111237e-02,1.742828451097011566e-02,1.567329280078411102e-02,-9.644772857427597046e-02,1.398070603609085083e-01,-4.505117610096931458e-02,1.024799495935440063e-01,-5.748975276947021484e-02,-5.306305736303329468e-02,1.626203767955303192e-02,7.230528444051742554e-02,-1.539502888917922974e-01,2.272712253034114838e-02,-1.709037460386753082e-02,-1.132774725556373596e-01,-2.461813762784004211e-02,-6.134324157428319210e-41,-3.490169346332550049e-02,-9.299718588590621948e-02,8.585418760776519775e-02,3.737829253077507019e-02,4.370091110467910767e-02,8.452064543962478638e-02,-7.285925000905990601e-02,-2.015234231948852539e-01,4.063265398144721985e-02,4.619821906089782715e-02,-2.696722932159900665e-02,-5.303007364273071289e-02,-1.512758880853652954e-01,5.893160030245780945e-02,-4.975856840610504150e-02,6.436361372470855713e-02,-1.398142278194427490e-01,-5.647232811229012796e-41,-3.349366039037704468e-02,3.035920299589633942e-02,1.072623059153556824e-01,1.382793998345732689e-03,5.398672819137573242e-02,-9.267287701368331909e-02,2.496722713112831116e-02,1.482444629073143005e-02,1.129998639225959778e-01,-2.172193722799420357e-03,1.400754749774932861e-01,9.080360829830169678e-02,8.876218646764755249e-02,5.609263852238655090e-02,3.185256123542785645e-01,2.748070061206817627e-01,6.225398927927017212e-02,-7.693541049957275391e-02,-2.250887639820575714e-02,5.977044627070426941e-02,5.185306444764137268e-02,1.924607753753662109e-01,8.093644678592681885e-02,-2.024920471012592316e-02,4.770846664905548096e-02
7.668050378561019897e-02,2.260724455118179321e-01,9.257251769304275513e-02,2.866340614855289459e-02,5.102828357838821364e-41,4.914073454694268504e-41,2.097649686038494110e-02,-4.986380455453429065e-41,7.608477771282196045e-02,3.454540297389030457e-02,-1.228329464793205261e-01,3.214918971061706543e-01,1.503588818013668060e-02,-5.217820405960083008e-02,7.762234658002853394e-02,3.744849190115928650e-02,5.799394845962524414e-02,-9.125286713242530823e-03,1.067796871066093445e-01,-1.310319304466247559e-01,5.353764817118644714e-02,9.253293275833129883e-03,1.022803485393524170e-01,5.939543670887169637e-41,3.712905570864677429e-02,4.770399257540702820e-02,-1.208624616265296936e-02,-5.220450460910797119e-02,-1.157952398061752319e-01,1.013064682483673096e-01,-1.034372746944427490e-01,-1.026136949658393860e-01,1.220097392797470093e-02,1.064150929450988770e-01,4.590733721852302551e-02,5.132816144975372449e-41,1.723415963351726532e-02,1.385445054620504379e-02,1.889651454985141754e-02,1.519913692027330399e-02,7.839545607566833496e-02,2.399328649044036865e-01,4.733779281377792358e-02,1.042446419596672058e-01,2.684567496180534363e-02,3.529890254139900208e-02,1.606500893831253052e-02,7.335059344768524170e-02,-4.019555076956748962e-02,9.962914884090423584e-02,-2.190081030130386353e-02,8.958149701356887817e-02,-2.435804530978202820e-02,5.102127708606658955e-41,-4.991004740385700962e-41,1.152805164456367493e-01,9.251469373703002930e-02,-4.447391256690025330e-02,4.225904867053031921e-02,8.321625739336013794e-02,3.786715865135192871e-02,-3.926285728812217712e-02,-6.108820525377607539e-41,4.498660936951637268e-02,1.115216910839080811e-01,3.951632976531982422e-02,4.494008142501115799e-03,-6.167039275169372559e-02,-4.960118606686592102e-02,-3.331301733851432800e-02,-1.430599838495254517e-01,-4.916595791930053175e-41,5.942206137969386789e-41,-5.132956274821804931e-41,1.826882213354110718e-01,-1.695955842733383179e-01,-3.436106070876121521e-02,-3.826139029115438461e-03,-6.538172811269760132e-02,2.056305557489395142e-01,5.976777523756027222e-02,-8.786131441593170166e-02,3.861715197563171387e-01,9.061440080404281616e-02,9.046582877635955811e-02,6.194351613521575928e-02,2.398117929697036743e-01,5.225762128829956055e-01,5.832631140947341919e-02,1.432196050882339478e-01,-5.760737986839322979e-41,6.129279482956749868e-41,5.616671591997146606e-02,1.466672122478485107e-01,9.409333020448684692e-02,3.700317069888114929e-02,4.755210876464843750e-02
7.143272459506988525e-02,2.274296730756759644e-01,3.091924265027046204e-02,1.518048811703920364e-02,5.784139671193547424e-41,4.925564102101732004e-41,2.227151766419410706e-02,-8.920946283584650437e-41,-1.061399504542350769e-01,3.262728825211524963e-02,-2.882466278970241547e-02,-2.637868821620941162e-01,-8.328917622566223145e-02,3.814736381173133850e-02,-9.636823087930679321e-03,6.013952619342817423e-41,4.905105144522589675e-41,2.319728955626487732e-03,6.773442775011062622e-02,2.841845341026782990e-02,2.814255654811859131e-02,1.704012043774127960e-02,9.994753450155258179e-02,-5.193719267845153809e-02,3.409238532185554504e-02,6.044781185557963399e-41,2.149288728833198547e-02,-5.141223935761321352e-41,-8.024483919143676758e-02,1.062130406498908997e-01,-4.592307657003402710e-02,-1.008277907967567444e-01,1.387700997292995453e-02,1.070417761802673340e-01,4.054702445864677429e-02,-5.055884859283939992e-41,1.442181039601564407e-02,1.320512592792510986e-02,1.922593824565410614e-02,1.398857124149799347e-02,8.124299347400665283e-02,2.386313974857330322e-01,4.529792815446853638e-02,1.040258705615997314e-01,3.560923412442207336e-02,3.601774945855140686e-02,-6.449290364980697632e-02,7.274118065834045410e-02,-1.533600538969039917e-01,1.121431682258844376e-02,-2.180231362581253052e-02,7.479415833950042725e-02,-2.516123652458190918e-02,5.317927672112680784e-41,6.102094292748848417e-41,1.141080856323242188e-01,9.122227132320404053e-02,8.639585971832275391e-02,4.267404600977897644e-02,8.299852907657623291e-02,-1.334380507469177246e-01,1.207355633378028870e-01,5.024495773683064090e-41,1.246882677078247070e-01,2.101903222501277924e-02,-5.266745761036872864e-02,9.403876960277557373e-02,3.191834688186645508e-02,3.743417561054229736e-02,-2.198045514523983002e-02,1.242635175585746765e-01,-5.277570276340126053e-41,5.488605825067443503e-41,5.265098720007635181e-41,-5.008345097303390503e-02,2.662273182068020105e-04,-3.907438740134239197e-02,5.095401475977899833e-41,-3.477720543742179871e-02,3.635523468255996704e-02,1.475902348756790161e-01,9.779658913612365723e-02,3.870330452919006348e-01,9.089966863393783569e-02,9.090433269739151001e-02,1.124177575111389160e-01,-5.868505220860242844e-03,1.074909567832946777e-01,6.786637753248214722e-02,1.416023671627044678e-01,-5.213110546981184467e-41,2.713306190502856798e-40,5.785098299384117126e-02,-5.335468798875808716e-03,7.922075688838958740e-02,-2.648654580116271973e-01,5.206502228975296021e-02
-4.913232675615673614e-41,5.077604985480974656e-41,-2.049430087208747864e-02,-5.209887560513237388e-41,6.275154653092963325e-41,-5.065693948534213711e-41,-4.907627481758374346e-41,5.075362907938054949e-41,-5.045515250647936346e-41,5.044814601415773937e-41,4.515789449214935303e-02,1.112094745039939880e-01,-5.621448919485436162e-41,6.207191677573209697e-41,5.077044466095244730e-41,5.287659625283264735e-41,-5.213031172752380371e-02,6.217841545902078307e-41,-1.437494003658327096e-40,-5.368654676521239162e-41,-4.918417479933675437e-41,-1.234599798917770386e-01,-5.945288994590901387e-41,-2.747722080786674305e-40,-4.976711496049587827e-41,-4.906086053447617047e-41,-4.964940588949259364e-41,5.274487419718611455e-41,-4.939997476284277620e-41,-5.441802456358994613e-41,5.060228884523346925e-41,-4.908888650376266681e-41,5.284016249276020211e-41,5.377482856846485510e-41,5.259213266457470949e-41,5.164625620115545797e-41,5.293264819140564004e-41,5.109134200928283041e-41,5.032763434622580510e-41,5.209327041127507461e-41,-5.703845269187735405e-41,1.232493594288825989e-01,-5.074662258705892541e-41,-1.295359525829553604e-02,-1.101897034437176656e-40,4.955692019084715571e-41,5.848879660245353972e-41,-6.083877412712625795e-41,-5.920065622233054680e-41,4.980915391442562279e-41,5.790025124743711655e-41,5.275468328643638827e-41,-5.499816212782042040e-41,5.217174312527726437e-41,-5.288920793901157071e-41,8.123666793107986450e-02,8.524808287620544434e-02,4.993667207467918114e-41,-9.702000021934509277e-02,-5.015667593357817742e-41,-4.995909285010837821e-41,4.955131499698985644e-41,5.161262503801166236e-41,-6.210554793887589258e-41,5.523498156829131448e-41,-5.007540062264733803e-41,-4.931029166112598791e-41,-5.076764206402379766e-41,5.125389263114450919e-41,5.160842114261868791e-41,-5.991391714067187868e-41,5.163924970883383388e-41,5.046496159572963718e-41,-5.115159784324879754e-41,6.240822840717005307e-41,4.925704231948164486e-41,5.073681349780865169e-41,-4.946863838759469224e-41,1.598895560779259526e-40,8.450052887201309204e-02,1.798788011074066162e-01,4.904965014676157193e-41,5.045935640187233791e-41,5.134077313593264784e-41,-6.227230245613054581e-41,-5.442082716051859577e-41,-5.699647590517997742e-02,5.812025510633611283e-41,7.744072377681732178e-02,-4.916595791930053175e-41,-4.957513707088337834e-41,-4.908328130990536754e-41,-4.991144870232133443e-41,3.163765743374824524e-02,5.014826814279222852e-41,5.424146095708501918e-41,-4.932430464576923608e-41
-4.991565259771430888e-41,-5.422604667397744619e-41,9.019673615694046021e-02,-5.101987578760226474e-41,6.256377253671010777e-41,3.577977791428565979e-02,2.155577577650547028e-02,5.780216035493437936e-41,-2.508171647787094116e-02,3.230553120374679565e-02,1.846712976694107056e-01,2.190920561552047729e-01,9.898960590362548828e-02,-4.158803261816501617e-03,-5.065133429148483785e-41,3.617824614048004150e-02,1.100354790687561035e-01,2.100240588188171387e-01,-2.994922548532485962e-02,9.320241957902908325e-02,4.512719437479972839e-02,2.606664299964904785e-01,5.554606982737142387e-41,-5.227567628026008606e-02,7.321784476097169196e-42,-5.613601648085217186e-41,5.015807723204250224e-41,-5.186345746312580461e-41,5.611557140946388245e-02,2.280350327491760254e-01,4.916595791930053175e-41,5.031922655543985620e-41,4.916876051622918138e-41,-5.603792558834943467e-41,-5.027999019843876132e-41,1.028188735213691278e-40,5.183543149383930827e-41,5.035285771858365181e-41,-5.195874575869989217e-41,5.032483174929715547e-41,-1.018740460276603699e-01,2.764797806739807129e-01,-5.024075384143766644e-41,1.117519661784172058e-01,4.982036430214022132e-41,5.978499768195399551e-41,4.917156311315783102e-41,-4.926685140873191858e-41,4.915474753158593321e-41,-5.319749360116303046e-41,-1.696250960230827332e-02,-3.170213848352432251e-02,-3.295770287513732910e-02,-4.318903014063835144e-02,5.421483628626284766e-41,8.311939239501953125e-02,9.920661151409149170e-02,1.509836167097091675e-01,6.958512216806411743e-02,8.330264687538146973e-02,-8.414924144744873047e-02,2.113921493291854858e-01,5.381126232853730034e-41,-4.922761505173082370e-41,3.674673615023493767e-03,-5.106814578175544739e-02,9.255989640951156616e-02,5.175212770700454712e-02,-4.811754822731018066e-02,6.626029312610626221e-02,1.176746189594268799e-01,-2.524710074067115784e-02,6.188974797536987075e-41,-5.697539426098273729e-41,-1.021360158920288086e-01,5.405441697803325951e-05,1.101160943508148193e-01,-9.162059426307678223e-02,2.990138903260231018e-02,1.526921838521957397e-01,2.299350798130035400e-01,3.709477558732032776e-02,5.028419409383173577e-41,5.453573363459323077e-41,5.706787995962817521e-41,-1.044869795441627502e-02,3.100906014442443848e-01,1.194889247417449951e-01,3.024196922779083252e-01,5.354361432185126028e-41,-4.978953573592507535e-41,-6.098450916741603893e-41,5.412655448301038418e-41,5.021111667156219482e-02,9.255748242139816284e-02,5.047477068497991089e-41,5.295226636990618748e-41
-3.544523566961288452e-02,1.381395310163497925e-01,-8.439109474420547485e-02,5.825529992580413818e-02,5.717437864291686131e-41,-5.574645550776987272e-41,2.229461632668972015e-02,1.301300991326570511e-02,7.224319875240325928e-02,3.576209396123886108e-02,3.914895951747894287e-01,2.318549007177352905e-01,-9.897927939891815186e-02,4.414479434490203857e-02,-1.114974264055490494e-02,3.694015741348266602e-02,-4.944061241830819590e-41,7.256314158439636230e-02,1.825728267431259155e-02,1.587509363889694214e-01,4.982969164848327637e-02,2.170659303665161133e-01,1.006853133440017700e-01,-5.258093774318695068e-02,1.545919179916381836e-01,7.274264842271804810e-02,6.630592048168182373e-02,5.672093480825424194e-02,2.248245850205421448e-02,2.572928071022033691e-01,-1.840900816023349762e-02,-1.495457347482442856e-02,1.304057892411947250e-02,-7.863847166299819946e-02,4.416350275278091431e-02,-5.231607686710272053e-41,1.283003855496644974e-02,1.449680048972368240e-02,1.859153807163238525e-02,1.346814446151256561e-02,-2.785304677672684193e-04,1.607797145843505859e-01,-1.367317885160446167e-01,1.009937897324562073e-01,2.909905090928077698e-02,-4.776791855692863464e-02,2.114579454064369202e-02,7.379294186830520630e-02,6.464920938014984131e-02,1.827255785465240479e-01,-2.078452520072460175e-02,-2.152962535619735718e-01,-2.340479381382465363e-02,-4.965220848642124327e-41,5.546899841183355894e-41,1.141403540968894958e-01,6.671293079853057861e-02,8.449614793062210083e-02,4.456304013729095459e-02,8.322821557521820068e-02,2.727824151515960693e-01,2.535695955157279968e-02,-5.195454186330691772e-41,1.140742823481559753e-01,2.067072130739688873e-02,4.024834930896759033e-02,9.496153891086578369e-02,1.220780313014984131e-01,3.841748088598251343e-02,6.393381208181381226e-02,2.876105159521102905e-02,1.669885340981954759e-40,-5.722622668609687954e-41,-4.905945923601184565e-41,1.043449491262435913e-01,-4.591206379700452089e-04,4.419285655021667480e-01,5.158320069313049316e-02,2.508006617426872253e-02,2.059256583452224731e-01,1.487502455711364746e-01,-1.845019310712814331e-02,2.192956507205963135e-01,8.595634996891021729e-02,8.901605010032653809e-02,-3.798906505107879639e-02,2.385376840829849243e-01,4.714165031909942627e-01,8.684694766998291016e-02,2.704294212162494659e-02,-5.936741073958520003e-41,5.283175470197425321e-41,-1.217393130064010620e-01,1.876210570335388184e-01,9.508444368839263916e-02,2.901885509490966797e-01,4.871245473623275757e-02
-5.021833306600846937e-41,5.312182348408949034e-41,-5.208065872509615126e-41,4.929347607955409010e-41,5.099325111678009321e-41,4.939296827052115212e-41,6.044220666172233472e-41,-5.970652496795180576e-41,-5.929874711483328399e-41,5.004737465336084169e-41,-9.260170161724090576e-02,-2.476539909839630127e-01,-1.206556931138038635e-01,5.592301911427479967e-41,-5.348756238327826760e-41,-4.991285000078565925e-41,-5.128892509275262961e-41,4.954150590773958273e-41,1.526574547035455717e-41,4.928086439337516675e-41,-4.932990983962653535e-41,5.418961291390500095e-41,5.736915912945801088e-41,5.346514160784907052e-41,4.932570594423356090e-41,5.863593294120764552e-41,5.488465695221011022e-41,-5.112357187396230120e-41,-5.071018882698648016e-41,4.975870716970992937e-41,5.197836393720043961e-41,-4.934112022734113388e-41,6.030067551682552820e-41,-5.869899137210226228e-41,-5.023094475218739272e-41,5.116701212635637053e-41,-6.003162621167516332e-41,5.910957182214943369e-41,5.488745954913875985e-41,5.217734831913456364e-41,5.213250676827616949e-41,2.046053409576416016e-01,5.043133043258584157e-41,6.247128683806466984e-41,5.406629864904441705e-41,-5.018189930593602413e-41,-4.925984491641029449e-41,5.929594451790463436e-41,-4.973908899120938193e-41,-5.018189930593602413e-41,6.282721664800317337e-41,-5.472350762881275625e-41,5.061069663601941815e-41,6.232274920084623923e-41,5.556989190126494576e-41,-1.308782994747161865e-01,5.224601194388647967e-41,5.206384314352425345e-41,5.823516158041074783e-41,-1.170482859015464783e-01,-5.118803160332124278e-41,-5.794929669368848515e-41,5.037808109094149852e-41,5.201619899573720967e-41,-1.399406711397978568e-40,5.139822637296996534e-41,5.254448851678766571e-41,-4.995488895471540376e-41,4.920799687323027626e-41,-5.344412213088419827e-41,-5.184944447848255644e-41,5.230766907631677162e-41,6.300658285143674996e-41,5.223059766077890668e-41,4.996890193935865193e-41,-5.123007055725098730e-41,-5.099465241524441803e-41,-5.357304158960208144e-41,5.385330128246704485e-41,7.959761470556259155e-02,-4.908888650376266681e-41,-5.587117107109478143e-41,4.909589299608429090e-41,-5.246741710124980077e-41,5.128612249582397998e-41,4.974749678199533083e-41,-1.365685462951660156e-01,5.058407196519724663e-41,4.909589299608429090e-41,-5.097923813213684504e-41,4.931729815344761199e-41,-5.823936547580372228e-41,5.045795510340801309e-41,-5.387011686403894266e-41,5.915581467147215265e-41,5.052802002662425394e-41,5.084331218109733778e-41
7.034502178430557251e-02,2.313397228717803955e-01,-2.182128094136714935e-02,2.869693189859390259e-02,-5.148230428082945437e-41,5.080267452563191809e-41,2.331898175179958344e-02,5.754432143749861302e-41,-1.455027051270008087e-02,3.509221225976943970e-02,4.376116394996643066e-02,-8.690165728330612183e-02,5.536950622086649692e-41,3.911178559064865112e-02,7.695706933736801147e-02,5.491688681688958101e-41,1.066622734069824219e-01,5.232588595635299425e-41,-8.993621915578842163e-02,2.494179829955101013e-02,-4.210129007697105408e-02,3.010302409529685974e-02,1.005385443568229675e-01,-5.286593735218048096e-02,3.828986734151840210e-02,-4.213377460837364197e-02,-4.920565336942672729e-02,-5.176962167024612427e-02,-5.520555430054049333e-41,3.652873914688825607e-03,-1.034541279077529907e-01,-1.463310420513153076e-02,1.470129378139972687e-02,1.422558445483446121e-02,4.615436494350433350e-02,-5.018470190286467376e-41,1.353440899401903152e-02,1.452425401657819748e-02,2.009081281721591949e-02,1.422950066626071930e-02,8.308718353509902954e-02,2.825868725776672363e-01,4.705007001757621765e-02,1.047722473740577698e-01,2.740182168781757355e-02,3.396931290626525879e-02,2.106846496462821960e-02,7.206945121288299561e-02,6.269515305757522583e-02,5.046776419265828681e-41,-2.331679873168468475e-02,5.716108530759811401e-02,1.982457749545574188e-02,-4.165050759911537170e-02,-6.187853758765527222e-41,1.151019781827926636e-01,6.596171855926513672e-02,3.480983152985572815e-02,1.074167564511299133e-01,4.963959680024231992e-41,4.511238262057304382e-02,-4.915755012851458285e-41,5.164765749961978278e-41,1.268172115087509155e-01,1.678451336920261383e-02,-5.169249905047817693e-41,5.883912121853474399e-41,5.952318385243415833e-02,-4.919220507144927979e-02,-2.778907679021358490e-02,2.764661423861980438e-02,1.566257700324058533e-02,5.194052887866366955e-41,5.108713811388985595e-41,1.239056661725044250e-01,-6.219663233905700569e-41,8.755773305892944336e-02,-5.200779120495126077e-41,2.381760999560356140e-02,1.846339404582977295e-01,1.107933521270751953e-01,-8.843363821506500244e-02,2.232904434204101562e-01,8.957816660404205322e-02,9.064043313264846802e-02,1.606330871582031250e-01,2.373792976140975952e-01,1.995803117752075195e-01,1.031993404030799866e-01,1.402928084135055542e-01,-5.296067416069213638e-41,5.908715104672023661e-41,5.526360869407653809e-02,2.656258046627044678e-01,-9.359453618526458740e-02,3.053871989250183105e-01,4.936185106635093689e-02
7.155193388462066650e-02,1.461216211318969727e-01,-1.016656607389450073e-01,-4.912672156229943687e-41,-6.030768200914715228e-41,5.003756556411056797e-41,2.223484590649604797e-02,5.346934550324204498e-41,7.211849838495254517e-02,3.493621200323104858e-02,-3.735936805605888367e-02,3.685074299573898315e-02,5.994438752532005310e-02,-5.166780203580856323e-02,7.702163606882095337e-02,-6.124374938331613008e-41,-1.288549989885242289e-40,2.838315442204475403e-02,-1.350744664669036865e-01,-4.444354400038719177e-02,-6.367179751396179199e-02,3.925191611051559448e-02,1.009282991290092468e-01,5.596505806820454418e-41,-1.113514304161071777e-01,-1.771000958979129791e-02,-2.359158545732498169e-02,5.114581435918807983e-02,1.259898673743009567e-02,5.623355880379676819e-02,1.003280729055404663e-01,-4.725015535950660706e-02,1.467555947601795197e-02,1.047764644026756287e-01,-2.992263734340667725e-01,5.553626073812115015e-41,6.141610909442808258e-41,5.165606529040573169e-41,-5.559651657208711729e-41,5.833325247291348503e-41,-4.926404881180326895e-41,-3.064302541315555573e-02,-6.240962970563437789e-41,-5.885250400751829147e-03,-5.995788425207138062e-02,4.939436956898547693e-41,-6.270646303892135620e-02,-8.982152491807937622e-02,6.448908150196075439e-02,2.496498078107833862e-02,-1.014287854447589092e-40,1.931398361921310425e-01,-5.104790175688876108e-41,-5.354501562031558510e-41,-5.196995614641449071e-41,-7.251761108636856079e-02,-1.018931716680526733e-01,1.224038656800985336e-02,4.263018444180488586e-02,-1.847846060991287231e-02,-8.681337535381317139e-02,5.106751993538930852e-41,5.090076541813465528e-41,1.285678148269653320e-01,-7.035138458013534546e-02,3.986200317740440369e-02,1.084637921303510666e-02,1.256312131881713867e-01,-4.981476813554763794e-02,6.375524401664733887e-02,-4.977009817957878113e-02,-4.907066962372644419e-41,5.157478997947489230e-41,4.914073454694268504e-41,1.263217031955718994e-01,4.919258259012270327e-41,-1.252433210611343384e-01,4.908468260836969236e-41,-5.097643553520819541e-41,-4.533210769295692444e-03,1.157524660229682922e-01,-5.199377822030801260e-41,4.906506442986914492e-41,-5.034865382319067736e-41,-5.388833374407516528e-41,-6.104756759831065569e-41,1.893600970506668091e-01,1.857228390872478485e-02,-2.115021459758281708e-03,-7.488892227411270142e-02,5.857847970417032802e-41,-5.302513389005107796e-41,5.175563693046569824e-02,9.949777275323867798e-02,-4.952266463078558445e-04,-5.694385617971420288e-02,4.728282615542411804e-02
7.131762802600860596e-02,2.278187274932861328e-01,-1.685523986816406250e-01,-5.028419409383173577e-41,-1.612602025270462036e-01,5.033884473394040364e-41,5.133376664361102376e-41,-5.323813125662845016e-41,4.910149818994159017e-41,5.264538200621905254e-41,-2.630010247230529785e-01,-8.020453155040740967e-03,-5.519014001743292034e-41,-5.262184888124465942e-02,-1.764047145843505859e-01,4.998992141632352419e-41,6.000500154085299179e-41,2.779660187661647797e-02,6.773218512535095215e-02,-1.344152241945266724e-01,3.021822124719619751e-02,8.976129442453384399e-02,-2.599516212940216064e-01,5.203301457730910748e-41,3.456975147128105164e-02,1.632652840784844369e-41,1.804350875318050385e-02,5.169950554279980101e-41,-5.014966944125655333e-41,2.913243323564529419e-02,5.769846426857434290e-41,5.069757714080755681e-41,1.545409392565488815e-02,1.100741177797317505e-01,4.346748068928718567e-02,1.899528317153453827e-02,-6.924546509981155396e-02,1.562655717134475708e-02,-6.792566180229187012e-02,1.476895250380039215e-02,5.640786838293118637e-41,-3.039889270439743996e-03,6.150018700228757161e-41,1.060188189148902893e-01,-6.367422640323638916e-02,5.090637061199195455e-41,2.006986737251281738e-02,-1.689451783895492554e-01,6.455670297145843506e-02,5.896944197571695198e-41,-5.084471347956166260e-41,9.033292531967163086e-02,-5.190409511859122431e-41,1.312890544210564362e-40,-3.676379099488258362e-02,-1.789644509553909302e-01,4.227545578032732010e-03,1.008796971291303635e-02,4.204572364687919617e-02,-4.909309039915564126e-41,-1.226710155606269836e-01,-1.050330251455307007e-01,-4.706808552145957947e-02,4.539588466286659241e-02,-7.056866586208343506e-02,-5.887506902217864990e-02,9.317834675312042236e-02,2.542111650109291077e-02,-4.911971506997781279e-41,5.367673767596211790e-41,4.936634359969898059e-41,-4.905665663908319602e-41,-3.328757733106613159e-02,-4.761819541454315186e-02,4.449127241969108582e-02,-6.317067891359329224e-02,-1.906947940587997437e-01,4.949946695380983821e-41,2.360882051289081573e-02,-7.241965085268020630e-02,1.390594542026519775e-01,2.998396055772900581e-03,3.156559765338897705e-01,8.946964144706726074e-02,4.854567814618349075e-03,-1.125512123107910156e-01,-5.312127526849508286e-03,2.505614459514617920e-01,3.894273191690444946e-02,1.385070532560348511e-01,-2.259077690541744232e-02,-2.367740683257579803e-02,5.298606678843498230e-02,-3.996894881129264832e-02,-9.347641665971557235e-41,3.077641129493713379e-01,5.032560974359512329e-02
7.188677042722702026e-02,2.276598811149597168e-01,-8.377507328987121582e-02,-6.783003360033035278e-02,4.928226569183949157e-41,-5.561613475058766473e-41,-6.426480412483215332e-02,5.128191860043100553e-41,7.494630664587020874e-02,3.189400583505630493e-02,6.420657783746719360e-02,2.805743217468261719e-01,-1.476856619119644165e-01,-4.886476323008537292e-02,-1.079007983207702637e-02,3.131032362580299377e-02,-4.949946695380983821e-41,-5.389591678977012634e-02,6.778191030025482178e-02,-1.520966738462448120e-01,2.598801814019680023e-02,-1.068078577518463135e-01,1.190879568457603455e-02,3.493798151612281799e-02,-1.409051120281219482e-01,-4.407171905040740967e-02,1.197568699717521667e-01,3.562856093049049377e-02,1.174505203962326050e-01,1.878471486270427704e-02,3.935119882225990295e-02,-1.025481075048446655e-01,1.443152315914630890e-02,-7.839691638946533203e-02,4.544318094849586487e-02,-5.076624076555947285e-41,1.189203001558780670e-02,1.247847639024257660e-02,1.811887137591838837e-02,1.487705111503601074e-02,-1.006536092609167099e-02,3.089077770709991455e-01,-1.366663575172424316e-01,1.023135036230087280e-01,-6.053202599287033081e-02,-4.576645419001579285e-02,-6.522812694311141968e-02,7.243464142084121704e-02,6.358294934034347534e-02,-5.061349923294806778e-41,5.181301071841011120e-41,1.381630152463912964e-01,-6.589585542678833008e-02,-4.428867623209953308e-02,5.361087664813885150e-41,2.751081250607967377e-02,-7.884299755096435547e-02,1.107881963253021240e-02,4.305391013622283936e-02,-1.715714111924171448e-02,-1.013743951916694641e-01,-4.973908899120938193e-41,-4.989743571767808626e-41,4.285813868045806885e-02,2.035188302397727966e-02,3.940163180232048035e-02,9.404912590980529785e-02,-6.175263971090316772e-02,3.884675353765487671e-02,-1.147509217262268066e-01,-5.655228346586227417e-02,1.535370573401451111e-02,4.927946309491084193e-41,-5.170230813972845065e-41,-1.400846093893051147e-01,-5.187747044776905278e-41,-8.522304706275463104e-03,5.559791787055144211e-41,-6.429089605808258057e-02,3.407337144017219543e-02,1.490934640169143677e-01,4.137020930647850037e-02,1.425579041242599487e-01,-9.238718450069427490e-02,-4.402543883770704269e-03,-3.701137006282806396e-02,1.584045886993408203e-01,2.281624674797058105e-01,1.329191494733095169e-02,-8.050507307052612305e-02,-4.919678648551567773e-41,-4.918557609780107919e-41,5.621084198355674744e-02,9.619114547967910767e-02,-9.420473128557205200e-02,3.045043051242828369e-01,5.314105749130249023e-02
5.293825338526293931e-41,-5.270703913864934449e-41,-4.743864387273788452e-02,-5.334322864145281144e-41,4.967462926185044035e-41,4.942940203059359736e-41,5.102127708606658955e-41,-5.930435230869058326e-41,-5.837949532223620399e-41,-6.016334826732169612e-41,4.790176078677177429e-02,1.121869236230850220e-01,-5.299290402537160717e-41,-4.947144098452334187e-41,-4.992686298542890742e-41,1.151881350659642880e-40,5.799694084147552893e-41,-5.036406810629825035e-41,-4.905525534061887120e-41,-4.910570208533456462e-41,5.445025442826941692e-41,5.029400318308200949e-41,5.074101739320162614e-41,-5.473191541959870516e-41,-5.115159784324879754e-41,-5.290742481904779333e-41,-5.256690929221686278e-41,5.381967011932324924e-41,-5.848459270706056527e-41,1.051324172859694007e-40,-4.971106302192288559e-41,-6.115126368467069216e-41,5.478656605970737302e-41,-5.578709316323529241e-41,5.047196808805126126e-41,-5.095821865517197278e-41,-5.383228180550217260e-41,5.201900159266585931e-41,4.980635131749697315e-41,-6.250071410581549100e-41,-4.973208249888775785e-41,1.913061290979385376e-01,5.894561990182343009e-41,1.063775494694709778e-01,-5.030801616772525766e-41,5.558670748283684357e-41,-5.217034182681293955e-41,4.924022673790974706e-41,-6.202427262794505319e-41,5.110255239699742894e-41,4.925003582716002077e-41,-5.180460292762416229e-41,5.333762344759551217e-41,4.915755012851458285e-41,-5.036967330015554961e-41,8.159561455249786377e-02,5.901988872043264539e-41,-5.204842886041668047e-41,-5.078165504866704583e-41,5.962665095548529118e-41,-4.968303705263638925e-41,-2.827161690729248185e-40,4.990444220999971035e-41,5.802636810922635009e-41,5.142765364072078650e-41,4.910710338379888943e-41,-1.385183531985081675e-41,-5.048177717730153498e-41,5.152294193629487406e-41,-5.695297348555354021e-41,5.002215128100299498e-41,-5.025476682608091461e-41,5.040330446329934522e-41,6.004423789785408667e-41,-4.934672542119843315e-41,1.423018590521851736e-40,-4.913793195001403541e-41,-4.919398388858702809e-41,-4.975450327431695492e-41,1.050073429942131042e-01,1.424574553966522217e-01,-5.051120444505235614e-41,-5.094840956592169906e-41,5.519434391282589479e-41,-4.991705389617863370e-41,-5.007680192111166285e-41,1.277707219123840332e-01,5.420935526490211487e-02,5.266079628932662553e-41,5.356042990342315808e-41,5.315405334876896113e-41,5.466885698870408839e-41,5.801655901997607637e-41,5.033464083854742919e-41,4.425861069723502237e-41,2.711932918007818477e-41,-4.913793195001403541e-41
6.641667336225509644e-02,2.258215546607971191e-01,1.665392890572547913e-03,5.088394983656275748e-41,-4.910009689147726535e-41,5.276589367415098681e-41,-6.481770426034927368e-02,-5.561333215365901509e-41,-1.152890734374523163e-02,3.366268798708915710e-02,2.304044961929321289e-01,2.444334477186203003e-01,-1.719033420085906982e-01,-4.070633649826049805e-02,7.798529416322708130e-02,3.610402718186378479e-02,5.011603827811275772e-41,3.771186247467994690e-02,1.084980592131614685e-01,-1.449893862009048462e-01,5.283650383353233337e-02,2.381413131952285767e-01,1.016385406255722046e-01,-5.380702763795852661e-02,-1.116429418325424194e-01,-4.261818528175354004e-02,-8.751038461923599243e-03,-5.103710293769836426e-02,-1.145396605134010315e-01,1.826020330190658569e-01,-1.340027451515197754e-01,-1.482293941080570221e-02,1.248448900878429413e-02,1.064025387167930603e-01,4.183404520153999329e-02,-5.487204526603118686e-41,1.325391791760921478e-02,1.483656838536262512e-02,1.447204779833555222e-02,1.568475179374217987e-02,1.783743151463568211e-03,1.632539182901382446e-01,4.808875173330307007e-02,1.058197766542434692e-01,2.824023924767971039e-02,3.515136241912841797e-02,2.154310606420040131e-02,7.133436203002929688e-02,6.440417468547821045e-02,9.818434715270996094e-02,-2.183253318071365356e-02,1.473365873098373413e-01,-4.668034613132476807e-02,5.403967397822224552e-41,5.030381227233228321e-41,1.161605715751647949e-01,7.269990444183349609e-02,5.973841622471809387e-02,4.169849306344985962e-02,-1.709663495421409607e-02,-1.269068568944931030e-01,1.074783504009246826e-01,-5.152154063783054925e-41,-1.120007038116455078e-01,-1.536207646131515503e-01,4.024290665984153748e-02,9.101821482181549072e-02,1.910915672779083252e-01,3.598172590136528015e-02,-2.701534703373908997e-02,-1.390037834644317627e-01,5.870599786442388637e-41,-4.907907741451239309e-41,-4.912952415922808651e-41,-7.373866438865661621e-02,1.317589427344501019e-03,-1.258381754159927368e-01,5.688150726387297454e-41,2.492347545921802521e-02,2.064440399408340454e-01,1.511633247137069702e-01,1.323118358850479126e-01,3.850182294845581055e-01,9.167231619358062744e-02,8.752174675464630127e-02,1.601854711771011353e-01,8.040972054004669189e-02,2.833003997802734375e-01,5.840038135647773743e-02,1.400769799947738647e-01,-4.905105144522589675e-41,6.051647548033155002e-41,5.612235143780708313e-02,3.510299324989318848e-01,-4.187727172393351793e-04,-2.905502021312713623e-01,4.632243514060974121e-02
7.165552675724029541e-02,2.255582958459854126e-01,9.268247336149215698e-02,-5.562734513830226326e-41,-5.113338096321257492e-41,-4.904965014676157193e-41,-6.457711011171340942e-02,-5.182141850919606010e-41,-1.454123295843601227e-02,3.499765694141387939e-02,-5.043133043258584157e-41,5.607716194535052954e-41,-4.908188001144104273e-41,-5.132676015128939967e-41,-5.515510755582479991e-41,5.240015477496220955e-41,-4.961857732327744766e-41,5.545638672565463558e-41,4.339988529682159424e-02,4.976571366203155346e-41,2.397862076759338379e-02,2.908665835857391357e-01,5.704686048266330296e-41,-5.211485177278518677e-02,5.105490824921038516e-41,5.063311741144861522e-41,4.910430078687023980e-41,5.443904404055481839e-41,6.053609365883209746e-41,-5.226983401778000156e-41,5.042012004487124303e-41,-6.248810241963656764e-41,1.437545381486415863e-02,1.068903654813766479e-01,4.594579711556434631e-02,5.418120512311905205e-41,5.513829197425290211e-41,-5.159580945643976455e-41,5.132816144975372449e-41,5.106331603999633406e-41,4.963959680024231992e-41,2.363281697034835815e-01,-2.511799471332948103e-40,1.039117127656936646e-01,4.906366313140482010e-41,4.973068120042343303e-41,5.405789085825846815e-41,-4.963259030792069584e-41,-4.619606956839561462e-02,1.476350426673889160e-01,6.345783919095993042e-02,-1.655008085072040558e-02,4.963259030792069584e-41,-5.087974594116978303e-41,4.778082296252250671e-02,-1.365957717054545184e-40,3.880441933870315552e-02,1.835457235574722290e-01,5.005438114568246577e-41,-5.057846677133994736e-41,-5.247162099664277522e-41,5.663207613722315710e-41,3.667724132537841797e-02,1.495928149620671968e-40,-3.079409427292358506e-40,5.117261732021366980e-41,4.968303705263638925e-41,4.983157468985481986e-41,3.843647614121437073e-02,6.082953885197639465e-02,1.148865520954132080e-01,5.396960905500600467e-41,4.064272344112396240e-02,-5.330092832446098328e-02,-5.230346518092379717e-41,-5.266500018471959998e-41,-5.033043694315445474e-41,-5.707768904887844893e-41,-4.924443063330272151e-41,2.090950459241867065e-01,1.143564656376838684e-01,5.089796282120600565e-41,5.051961223583830504e-41,5.063311741144861522e-41,-4.964800459102826882e-41,4.929207478108976529e-41,6.250330805778503418e-02,2.665812075138092041e-01,4.269519820809364319e-02,5.149911986240135217e-41,5.948783084750175476e-02,-2.333728224039077759e-02,-5.479917774588629638e-41,3.219229876995086670e-01,-1.803433522582054138e-02,3.079634308815002441e-01,-5.102688227992388882e-41
5.215773014063401620e-41,5.405648955979414333e-41,-5.057821050286293030e-02,-4.928366699030381638e-41,-4.952889422156065937e-41,-5.361788314046047558e-41,2.160505019128322601e-02,-5.380705843314432589e-41,-5.379955098032951355e-02,-5.809642747044563293e-02,6.245306995802844722e-41,4.977272015435317754e-41,4.909869559301294053e-41,3.356950601136531775e-41,-4.963819550177799510e-41,4.930748906419733827e-41,-4.933131113809086016e-41,-4.948965786455956449e-41,-5.243518723657032998e-41,5.252487033828711827e-41,5.038648888172744742e-41,4.935513321198438206e-41,1.198810836229881004e-40,6.183789993218985252e-41,4.961857732327744766e-41,-5.034725252472635254e-41,-5.039489667251339632e-41,-4.907487351911941864e-41,-4.908188001144104273e-41,5.478376346277872339e-41,-4.915755012851458285e-41,-5.031642395851120657e-41,4.914914233772863395e-41,5.128331989889533034e-41,4.410607367753982544e-02,-5.039769926944204596e-41,5.659003718329341259e-41,-4.910710338379888943e-41,-5.049438886348045833e-41,4.982036430214022132e-41,-5.122026146800071358e-41,3.104616105556488037e-01,2.789915177547494547e-40,1.045706272125244141e-01,-5.628455411807060247e-41,-5.028559539229606059e-41,-9.673163299234212241e-41,5.968270289405828387e-41,6.407998502254486084e-02,-5.016928761975710077e-41,-5.199377822030801260e-41,-1.470502745360136032e-02,-4.922901635019514852e-41,-5.216473663295564028e-41,5.282194561272397949e-41,-4.906646572833346974e-41,-5.921046531158082051e-41,5.489726863838903357e-41,-6.202987782180235246e-41,-5.789324475511549247e-41,-5.585295419105855881e-41,5.331520267216631510e-41,-4.912532026383511206e-41,-6.191777394465636710e-41,4.973488509581640748e-41,-5.555868151355034723e-41,5.931976659179815625e-41,6.116387537084961551e-41,6.396366748958826065e-03,1.795757003128528595e-02,-5.164905879808410760e-41,-5.718278643370281021e-41,-5.106751993538930852e-41,5.300971960694350498e-41,-5.554326723044277424e-41,-5.229225479320919864e-41,5.046636289419396199e-41,-4.987921883764186364e-41,-5.045655380494368827e-41,-4.334305878728628159e-03,7.824167609214782715e-02,5.832624598059186094e-41,-5.808802524165664204e-41,-5.069477454387890717e-41,-5.785821229350737204e-41,-4.917436571008648065e-41,1.482122093439102173e-01,6.175522332279468832e-41,5.787923177047224430e-41,-4.960176174170554986e-41,4.906646572833346974e-41,5.472771152420573070e-41,4.909589299608429090e-41,6.203449890017509460e-02,-1.557693933136761189e-03,3.062673211097717285e-01,-5.802356551229770046e-41
-5.121745887107206394e-41,5.646392032150417906e-41,9.150273352861404419e-02,-5.540313738401029253e-41,-5.023935254297334163e-41,-6.035252356000554643e-41,2.234467677772045135e-02,4.921500336555190035e-41,7.454723864793777466e-02,3.489911183714866638e-02,-4.988622532996348772e-41,-1.351033888409485883e-40,5.030100967540363358e-41,5.174434709365819516e-41,-4.997730973014460083e-41,5.452312194841430741e-41,-5.887555497860718923e-41,-5.007259802571868840e-41,-4.722484201192855835e-02,-5.552505035040655162e-41,-6.416578590869903564e-02,2.147998511791229248e-01,-4.987221234532023955e-41,3.609666973352432251e-02,-6.089062217030627618e-41,5.138701598525536681e-41,-5.212409897749022059e-41,-4.906086053447617047e-41,5.336705071534633333e-41,6.069023648990782734e-41,-5.084050958416868815e-41,-5.263277032004012918e-41,-5.740419159106613131e-41,-4.918697739626540401e-41,4.320191219449043274e-02,-4.918557609780107919e-41,-6.279498678332370258e-41,-5.083770698724003852e-41,-5.198396913105773888e-41,-5.062470962066266632e-41,-6.286084781114696898e-41,2.252817749977111816e-01,-5.173734060133657108e-41,-5.236652361181841394e-41,6.027685344293200631e-41,-4.919678648551567773e-41,5.407330514136604113e-41,-2.602603611821196249e-40,6.361171603202819824e-02,9.918051213026046753e-02,-1.763584837317466736e-02,-5.713201314210891724e-02,-5.429611159719368705e-41,5.231887946403137016e-41,-4.992125779157160815e-41,-5.419661940622662504e-41,3.798364102840423584e-02,1.843529194593429565e-01,-4.983717988371211913e-41,5.016368242589980150e-41,-5.235531322410381540e-41,-4.918977999319405364e-41,5.090637061199195455e-41,-5.884192381546339363e-41,1.422177811443256845e-40,-5.247862748896439931e-41,4.981055521288994760e-41,-6.221905311448620277e-41,3.906346112489700317e-02,6.271679699420928955e-02,3.540625795722007751e-02,-5.342870784777662528e-41,4.904824884829724712e-41,-4.914774103926430913e-41,-5.006559153339706431e-41,6.135024806660481618e-41,5.289901702826184443e-41,-5.075082648245189986e-41,5.087414074731248376e-41,1.517812162637710571e-01,5.483336746692657471e-02,-5.119503809564286687e-41,1.192757226863997794e-40,5.144727181922133394e-41,5.040750835869231968e-41,-4.948405267070226523e-41,1.639373600482940674e-01,3.269328474998474121e-01,1.264024227857589722e-01,-5.391215581796868717e-41,-4.910149818994159017e-41,-5.104089526456713699e-41,6.084998451484085649e-41,1.747579872608184814e-01,8.165975660085678101e-02,1.714365333318710327e-01,5.494631408464040217e-41
6.940083950757980347e-02,2.302766144275665283e-01,9.183350950479507446e-02,5.526729300618171692e-02,5.168969645354952730e-41,-1.690526467361459314e-40,1.564664021134376526e-02,1.484254281967878342e-02,7.612054795026779175e-02,3.609632328152656555e-02,2.350759804248809814e-01,3.922134637832641602e-01,1.036752089858055115e-01,4.442992806434631348e-02,8.011736720800399780e-02,3.163293004035949707e-02,-4.910149818994159017e-41,1.273941546678543091e-01,6.724257767200469971e-02,1.734543144702911377e-01,2.878500521183013916e-02,1.811519712209701538e-01,9.925793856382369995e-02,-4.858956485986709595e-02,1.541833728551864624e-01,7.288460433483123779e-02,1.457745879888534546e-01,5.506896227598190308e-02,1.192080825567245483e-01,1.785451173782348633e-01,3.968197107315063477e-02,7.626234740018844604e-02,1.438209600746631622e-02,1.069462299346923828e-01,4.346604645252227783e-02,5.041311355254961894e-41,1.253722142428159714e-02,1.696536876261234283e-02,1.850452646613121033e-02,1.648207008838653564e-02,7.204779982566833496e-02,3.831853568553924561e-01,4.737806320190429688e-02,1.055113077163696289e-01,2.425382286310195923e-02,3.250106051564216614e-02,2.114985883235931396e-02,6.872019916772842407e-02,5.966990813612937927e-02,1.801359355449676514e-01,4.916595791930053175e-41,2.025645077228546143e-01,1.878857985138893127e-02,3.905520588159561157e-02,5.650876187236257320e-41,1.125560253858566284e-01,8.040469139814376831e-02,9.533013217151165009e-03,4.238226637244224548e-02,8.044144511222839355e-02,2.723633944988250732e-01,2.076931595802307129e-01,5.873542513217470753e-41,1.275295615196228027e-01,1.100842207670211792e-01,4.023147001862525940e-02,1.032071840018033981e-02,3.364261984825134277e-02,3.926738351583480835e-02,6.207260489463806152e-02,3.429547697305679321e-02,5.841804668307304382e-02,-5.131554976357480114e-41,-5.150332375779432662e-41,1.872820705175399780e-01,9.066475182771682739e-02,6.421861052513122559e-01,-3.700446337461471558e-02,-1.212150976061820984e-01,2.074488103389739990e-01,1.494922637939453125e-01,1.474929302930831909e-01,3.835067152976989746e-01,-5.302237812429666519e-03,8.926537632942199707e-02,2.217011451721191406e-01,2.396016716957092285e-01,4.834583699703216553e-01,3.632800653576850891e-02,-7.713787257671356201e-02,-5.498975433703447150e-41,-5.254448851678766571e-41,5.524979159235954285e-02,2.297868579626083374e-01,9.499663859605789185e-02,8.440511673688888550e-02,5.003629252314567566e-02
-1.380748152732849121e-01,2.299296855926513672e-01,9.088040143251419067e-02,5.732177942991256714e-02,-5.057286157748264809e-41,-6.240122191484842899e-41,2.241804078221321106e-02,1.632369309663772583e-02,8.130248636007308960e-02,2.968426980078220367e-02,3.921346366405487061e-01,2.928876280784606934e-01,1.853431463241577148e-01,-5.338640883564949036e-02,-9.155619889497756958e-03,3.558545932173728943e-02,6.091304294573547326e-41,1.227774247527122498e-01,-7.068888098001480103e-02,2.008240818977355957e-01,-1.223485730588436127e-02,1.662859469652175903e-01,9.810987114906311035e-02,2.985842153429985046e-02,-2.390416152775287628e-02,7.244925200939178467e-02,-1.102971881628036499e-01,5.494912713766098022e-02,1.187895238399505615e-01,9.380910545587539673e-02,4.465567320585250854e-02,7.532510161399841309e-02,1.738509163260459900e-02,1.056412532925605774e-01,4.383259639143943787e-02,4.916876051622918138e-41,1.211002748459577560e-02,1.539193466305732727e-02,-6.582923233509063721e-02,1.581805199384689331e-02,2.166922437027096748e-03,3.090735971927642822e-01,4.514446854591369629e-02,1.907912790775299072e-01,2.995840646326541901e-02,3.455151617527008057e-02,2.241670899093151093e-02,7.464455813169479370e-02,-4.729800298810005188e-02,1.593862660229206085e-02,-2.215602248907089233e-02,2.722012996673583984e-01,5.224020779132843018e-02,-4.166880622506141663e-02,5.232308335942434461e-41,1.151543110609054565e-01,1.510017812252044678e-01,3.683472797274589539e-02,1.040455549955368042e-01,8.245120197534561157e-02,2.301945984363555908e-01,1.279781013727188110e-01,-5.567358798762498223e-41,1.246471181511878967e-01,1.169999539852142334e-01,3.961316496133804321e-02,9.292623400688171387e-02,2.966276556253433228e-02,3.621551394462585449e-02,6.972727924585342407e-02,3.295174613595008850e-02,5.801676958799362183e-02,5.036546940476257516e-41,-5.773209543171813850e-41,2.574910819530487061e-01,9.015405923128128052e-02,5.156420469284057617e-01,9.246188402175903320e-02,-3.046534396708011627e-02,3.228607773780822754e-01,2.491605132818222046e-01,1.472782194614410400e-01,3.843148350715637207e-01,3.023546189069747925e-03,9.040433913469314575e-02,4.497851058840751648e-02,4.356814622879028320e-01,4.043781161308288574e-01,9.239495545625686646e-02,-1.436243951320648193e-01,-4.974189158813803157e-41,4.991845519464295852e-41,5.433540418744087219e-02,4.137090444564819336e-01,6.043339380994439125e-04,4.107476174831390381e-01,4.952766001224517822e-02
-5.853644075024058350e-41,-5.177797825680199077e-41,-5.109974980006877931e-41,-5.022533955833009346e-41,5.266780278164824961e-41,4.917716830701513029e-41,4.906366313140482010e-41,-5.405088436593684406e-41,5.053502651894587803e-41,6.218682324980673197e-41,5.091337710431357864e-41,4.976711496049587827e-41,4.938175788280655358e-41,-2.934459114142599428e-41,-5.789184345665116765e-41,-6.177484150129523575e-41,-5.883631862160609436e-41,-5.528122441761403345e-41,5.192511459555609656e-41,-6.096629228737981630e-41,-1.056775223885917546e-40,4.937054749509195504e-41,-4.955411759391850608e-41,-5.781056814572032826e-41,-5.498975433703447150e-41,5.386170907325299376e-41,5.093719917820710053e-41,-5.083910828570436333e-41,-5.292564169908401595e-41,-5.126230042193045809e-41,-6.261982447528310045e-41,-5.197836393720043961e-41,-4.977832534821047681e-41,5.267340797550554888e-41,4.418203234672546387e-02,-5.337125461073930778e-41,5.047056678958693644e-41,-6.117088186317123960e-41,-4.906086053447617047e-41,5.744623054499587582e-41,5.056445378669669919e-41,2.355803996324539185e-01,5.397381295039897912e-41,1.045599654316902161e-01,-5.052661872815992913e-41,2.576679590231187134e-40,5.058687456212589626e-41,5.981302365124049186e-41,6.320625543594360352e-02,-4.935513321198438206e-41,-4.910990598072753907e-41,4.973068120042343303e-41,-4.965220848642124327e-41,5.667131249422425198e-41,-5.271124303404231894e-41,5.792687591825928808e-41,5.014826814279222852e-41,-4.940838255362872510e-41,-5.131414846511047632e-41,-5.940244320119332045e-41,-5.143606143150673541e-41,5.073681349780865169e-41,5.001514478868137090e-41,4.977832534821047681e-41,5.201199510034423522e-41,-4.980635131749697315e-41,5.283735989583155248e-41,5.126650431732343254e-41,-5.231047167324542126e-41,5.020572137982954602e-41,-5.099325111678009321e-41,-4.988762662842781254e-41,-5.738036951717260942e-41,-5.260194175382498321e-41,5.833745636830645948e-41,4.913933324847836023e-41,4.982316689906887096e-41,-4.905805793754752084e-41,4.970125393267261187e-41,2.842869423329830170e-02,5.975548923015594482e-02,-2.913579767024159654e-41,5.059668365137616998e-41,-5.363890261742534784e-41,-6.129980132188912277e-41,5.061910442680536705e-41,1.489631086587905884e-01,-4.919958908244432736e-41,4.906366313140482010e-41,5.490847902610363211e-41,5.982843793434806484e-41,-5.053642781741020285e-41,-5.322832216737817644e-41,5.164745077490806580e-02,-6.142311558674970667e-41,3.080468475818634033e-01,4.950086825227416303e-41
7.075425982475280762e-02,1.300497949123382568e-01,6.308156531304121017e-03,5.267200667704122406e-41,-5.018049800747169931e-41,-5.196855484795016589e-41,2.292047441005706787e-02,-5.652137355854149656e-41,-2.318331971764564514e-02,-5.656934902071952820e-02,2.131820619106292725e-01,3.901464119553565979e-02,4.297739360481500626e-03,4.435754939913749695e-02,7.625431567430496216e-02,-5.372298052528483687e-41,-1.337903721798762347e-40,1.289894133806228638e-01,6.450992077589035034e-02,2.788129821419715881e-02,2.985963970422744751e-02,2.481414079666137695e-01,1.028360947966575623e-01,3.400798514485359192e-02,4.113484174013137817e-03,-4.255755245685577393e-02,3.173600509762763977e-02,3.433525562286376953e-02,1.351381652057170868e-02,-9.000989049673080444e-02,7.558607310056686401e-02,-1.543397456407546997e-02,1.371651329100131989e-02,1.258815824985504150e-02,4.299890622496604919e-02,5.010482789039815919e-41,1.384649239480495453e-02,1.390102785080671310e-02,2.111682109534740448e-02,1.644928008317947388e-02,8.045831322669982910e-02,2.425212264060974121e-01,4.601688683032989502e-02,1.037155687808990479e-01,-5.891711264848709106e-02,3.684952110052108765e-02,-6.434439122676849365e-02,-8.930153399705886841e-02,6.346768885850906372e-02,1.595252938568592072e-02,-2.248544245958328247e-02,1.635589152574539185e-01,-2.588798478245735168e-02,-1.398565932319383678e-40,4.915755012851458285e-41,-9.414610266685485840e-02,9.081078320741653442e-02,-1.031736508011817932e-01,4.285455867648124695e-02,8.315883576869964600e-02,-2.183166146278381348e-01,1.201461032032966614e-01,-5.639105280135928857e-41,4.549315944314002991e-02,-1.878859288990497589e-02,3.988497331738471985e-02,9.643284603953361511e-03,6.151390448212623596e-02,3.797683492302894592e-02,-3.180369362235069275e-02,3.076734766364097595e-02,-5.042852783565719193e-41,4.974329288660235638e-41,5.207084963584587754e-41,2.618649005889892578e-01,8.835817873477935791e-02,1.788244992494583130e-01,1.322840154170989990e-02,2.633691951632499695e-02,1.248059272766113281e-01,1.498935073614120483e-01,9.776882082223892212e-02,3.848882317543029785e-01,9.197710454463958740e-02,9.089541435241699219e-02,1.538915932178497314e-01,1.286905705928802490e-01,3.888466954231262207e-01,6.628393381834030151e-02,3.404559940099716187e-02,4.981616040674724687e-41,5.178778734605226449e-41,5.770695209503173828e-02,1.659004390239715576e-01,-1.944719254970550537e-02,-2.783429622650146484e-01,4.752895981073379517e-02
-1.336759179830551147e-01,-1.885409206151962280e-01,5.684661213308572769e-03,5.733424425125122070e-02,-6.071966375765864850e-41,5.423305316629907028e-41,2.207977883517742157e-02,1.574531570076942444e-02,7.702095061540603638e-02,3.551016375422477722e-02,1.569405794143676758e-01,2.442064136266708374e-01,1.848834007978439331e-01,-5.081138387322425842e-02,7.947937399148941040e-02,3.608770668506622314e-02,7.389435172080993652e-02,7.980620115995407104e-02,1.032850220799446106e-01,-1.903149783611297607e-01,5.180734395980834961e-02,-8.040258288383483887e-02,1.012415736913681030e-01,3.930484503507614136e-02,6.521401554346084595e-02,-1.950731873512268066e-02,-2.668541669845581055e-02,-2.836563251912593842e-02,1.967004500329494476e-02,-1.569824218750000000e-01,-4.448626562952995300e-02,-1.694895140826702118e-02,1.409709360450506210e-02,1.317657995969057083e-02,4.811720177531242371e-02,5.345953641399177126e-41,1.454560272395610809e-02,1.498573645949363708e-02,1.774414815008640289e-02,-6.940542906522750854e-02,7.490470260381698608e-02,1.583826541900634766e-01,4.791090637445449829e-02,1.024751588702201843e-01,2.848567813634872437e-02,3.581476211547851562e-02,-6.418816745281219482e-02,7.373621314764022827e-02,6.524983048439025879e-02,1.463909540325403214e-02,-2.311621047556400299e-02,1.779348254203796387e-01,1.949718222022056580e-02,4.278089106082916260e-02,4.919818778398000254e-41,8.700473234057426453e-03,2.839954802766442299e-03,-2.604053355753421783e-02,4.300370812416076660e-02,8.435004204511642456e-02,3.383454307913780212e-02,1.171340867877006531e-01,4.958774875706230169e-41,1.260211467742919922e-01,2.080071344971656799e-02,-5.355477705597877502e-02,4.352114163339138031e-03,1.083476003259420395e-02,3.664612397551536560e-02,6.294734776020050049e-02,2.717826701700687408e-02,5.568344518542289734e-02,-5.067795896230700937e-41,4.984979156989104248e-41,1.119052469730377197e-01,8.858703076839447021e-02,-3.428585454821586609e-02,-1.247725039720535278e-01,5.368361249566078186e-02,2.056292593479156494e-01,7.563345134258270264e-02,-1.359412372112274170e-01,3.121310770511627197e-01,9.066138416528701782e-02,8.999730646610260010e-02,-2.051902115345001221e-01,-2.518544718623161316e-02,3.989122211933135986e-01,4.391828179359436035e-02,3.352975472807884216e-02,5.306016635165919839e-41,-5.166167048426303095e-41,5.612738803029060364e-02,1.216329708695411682e-01,-1.725676357746124268e-01,-5.379639565944671631e-02,4.937065765261650085e-02
7.029173523187637329e-02,2.299943715333938599e-01,9.171217679977416992e-02,-5.212550027595454540e-41,-5.772929283478948887e-41,6.109381044763337466e-41,2.107913419604301453e-02,-5.064152520223456413e-41,-1.876400969922542572e-02,3.470877930521965027e-02,9.534692019224166870e-02,4.451448619365692139e-01,5.918608233332633972e-02,-5.273780599236488342e-02,7.987546920776367188e-02,4.915334623312160840e-41,3.337653353810310364e-02,1.032160129398107529e-02,-3.565793111920356750e-02,-2.103176116943359375e-01,-6.367108225822448730e-02,-7.400799542665481567e-02,1.413255278021097183e-02,-6.115546758006366661e-41,3.424959629774093628e-02,6.238720893020518081e-41,2.384384721517562866e-02,-5.406910124597306668e-41,-5.587778612971305847e-02,1.514336168766021729e-01,4.274144396185874939e-02,4.804423078894615173e-02,1.341911032795906067e-02,1.093240380287170410e-01,4.659589380025863647e-02,-5.725985784924067515e-41,1.241197437047958374e-02,1.435337122529745102e-02,2.171281352639198303e-02,1.436031702905893326e-02,4.907907741451239309e-41,3.177128732204437256e-01,4.746827855706214905e-02,1.262583732604980469e-01,2.753715217113494873e-02,3.311247751116752625e-02,2.234616503119468689e-02,7.197359204292297363e-02,6.477848440408706665e-02,-1.645921380259096622e-03,-4.909449169761996608e-41,7.211589068174362183e-02,5.069057064848593272e-41,4.924583193176704632e-41,-5.177517565987334114e-41,1.138660460710525513e-01,5.609204247593879700e-02,1.138551719486713409e-02,1.042889207601547241e-01,-1.570951007306575775e-02,-4.696427285671234131e-02,-3.041204251348972321e-02,-5.466185049638246430e-41,4.573115333914756775e-02,7.185643166303634644e-02,-5.271303281188011169e-02,9.562072157859802246e-02,5.743857845664024353e-02,3.874399513006210327e-02,6.330429762601852417e-02,3.046744130551815033e-02,4.912812286076376169e-41,-6.173140124890116643e-41,-5.070738623005783053e-41,-8.918347954750061035e-02,-5.367393507903346827e-41,1.884193718433380127e-01,-6.125495977103072862e-41,2.525007911026477814e-02,3.434866294264793396e-02,2.351683974266052246e-01,1.008848473429679871e-01,3.861120343208312988e-01,8.696699887514114380e-02,8.946046978235244751e-02,1.590266078710556030e-01,1.993911713361740112e-01,2.454218268394470215e-02,7.415414601564407349e-02,3.267869353294372559e-02,5.218155221452753809e-41,5.875924720606822942e-41,5.656496435403823853e-02,1.650652736425399780e-01,9.461987763643264771e-02,3.518470749258995056e-02,4.739401116967201233e-02
5.423585576322771991e-41,-6.211815962505481594e-41,-5.305456115780189912e-41,-5.277990665879423498e-41,5.392757010107626016e-41,3.207703307271003723e-02,2.200920879840850830e-02,6.078412348701759009e-41,7.744997739791870117e-02,3.590902313590049744e-02,-1.888797134160995483e-01,2.952180504798889160e-01,-1.155006662011146545e-01,-4.948669578880071640e-03,4.953870331081093309e-41,5.641347357678848564e-41,1.090085804462432861e-01,-4.887898638844490051e-02,-3.070528991520404816e-02,-5.178358345065929004e-41,-1.146567612886428833e-01,3.012601733207702637e-01,-4.997450713321595120e-41,3.554243966937065125e-02,5.086853555345518449e-41,5.240575996881950882e-41,-4.911971506997781279e-41,-4.990864610539268480e-41,4.910149818994159017e-41,-5.931556269640518180e-41,-5.418540901851202650e-41,-4.930328516880436382e-41,-4.961997862174177248e-41,-6.003863270399678740e-41,6.236759075170463338e-41,5.500376732167771967e-41,5.321851307812790272e-41,5.019451099211494748e-41,-5.088815373195573193e-41,4.933691633194815943e-41,2.913131351515575712e-40,1.373084783554077148e-01,5.031081876465390730e-41,1.054089516401290894e-01,-5.150472505625865144e-41,-4.916595791930053175e-41,-5.569040356919688003e-41,4.985119286835536730e-41,-1.509433835744857788e-01,1.322797724353340819e-40,6.409811973571777344e-02,7.282482087612152100e-02,3.641295060515403748e-02,-5.357584418653073107e-41,5.720380591066768247e-41,-1.325211971998214722e-01,4.346114397048950195e-02,2.075726399198174477e-03,1.091479584574699402e-01,8.370278030633926392e-02,6.002576276659965515e-02,1.047848952668168461e-40,5.851261867634706161e-41,-5.109694720314012967e-41,7.804288528859615326e-03,3.958309814333915710e-02,9.495536237955093384e-02,-2.472828887403011322e-02,3.886605426669120789e-02,5.890900269150733948e-02,1.153953969478607178e-01,-5.956219122612634960e-41,4.916455662083620693e-41,4.919258259012270327e-41,4.909869559301294053e-41,-4.970405652960126151e-41,5.184944447848255644e-41,-4.920799687323027626e-41,-5.080127322716759327e-41,1.262065619230270386e-01,7.501091808080673218e-02,5.133797053900399821e-41,4.947984877530929077e-41,-6.093686501962899515e-41,-5.731590978781366783e-41,5.239735217803355992e-41,1.747523695230484009e-01,1.791625916957855225e-01,1.777744442224502563e-01,3.054744377732276917e-02,-5.205543535273830455e-41,-5.894982379721640454e-41,5.207505353123885199e-41,2.697227895259857178e-01,-7.033462170511484146e-04,-3.756971657276153564e-02,-4.919258259012270327e-41
-1.378213167190551758e-01,2.286771088838577271e-01,8.345341309905052185e-03,-4.946723708913036742e-41,-1.828367561101913452e-01,-5.549702438112005528e-41,2.122785337269306183e-02,-6.209153495423264441e-41,-2.044426277279853821e-02,3.468756377696990967e-02,5.848743021488189697e-02,-1.286453306674957275e-01,1.287744101136922836e-02,-5.169908702373504639e-02,-1.007790211588144302e-02,6.001901452549623996e-41,-4.978533184053210090e-41,-1.393978595733642578e-01,1.110270619392395020e-01,-1.954204440116882324e-01,-3.300418704748153687e-02,-1.210783272981643677e-01,-5.245760801199952705e-41,4.925984491641029449e-41,1.274457722902297974e-01,5.046666786074638367e-02,-1.444628387689590454e-01,3.654135018587112427e-02,-8.386505395174026489e-02,-2.938266657292842865e-02,5.050700054965938169e-41,4.564879462122917175e-02,1.210208144038915634e-02,1.191878877580165863e-02,4.323913156986236572e-02,-6.587696075439453125e-02,4.973208249888775785e-41,-5.566658149530335814e-41,5.701463061798383216e-41,-5.399763502429250101e-41,1.981061324477195740e-02,7.836274802684783936e-02,-6.023761708593091143e-41,-1.226550340652465820e-02,4.981756170521157169e-41,-5.259353396303903431e-41,5.660264886947233595e-41,-4.906366313140482010e-41,-4.595002532005310059e-02,-3.341401740908622742e-02,-2.190546318888664246e-02,5.077885245173839620e-41,-6.063558584979915948e-41,-4.966902406799314108e-41,4.682866483926773071e-02,8.120968937873840332e-02,-3.367618024349212646e-01,4.415683075785636902e-02,-4.983175173401832581e-02,-1.634448207914829254e-02,-1.275183111429214478e-01,5.461747944355010986e-02,-4.502740129828453064e-02,-4.197590798139572144e-02,-7.329919189214706421e-02,-5.401598662137985229e-02,-4.833099618554115295e-02,-5.494511500000953674e-02,3.884001448750495911e-02,-2.912596799433231354e-02,-5.618511512875556946e-02,5.289761572979751961e-41,-3.298088535666465759e-02,2.786823548376560211e-02,-5.236802995204925537e-02,-4.501982033252716064e-02,-2.042042911052703857e-01,-9.236012399196624756e-02,-6.604633480310440063e-02,-4.673766717314720154e-02,1.161991953849792480e-01,-5.557478219270706177e-02,-7.802157104015350342e-02,-9.312050789594650269e-02,-1.048514172434806824e-01,2.084744349122047424e-02,1.493453830480575562e-01,1.012491732835769653e-01,-2.495391294360160828e-02,-1.793489456176757812e-01,-1.812615804374217987e-02,-2.451514825224876404e-02,-1.250906288623809814e-01,-7.846315205097198486e-02,7.969260960817337036e-02,-6.674686670303344727e-01,4.941679034441467401e-41
-1.404941231012344360e-01,2.281894087791442871e-01,9.292374551296234131e-02,2.850008569657802582e-02,-7.786958664655685425e-02,-4.984558767449806803e-41,2.251509577035903931e-02,5.006699283186138913e-41,3.800392150878906250e-02,-5.719560384750366211e-02,-1.852722316980361938e-01,1.053321808576583862e-01,9.411148726940155029e-02,-5.186766758561134338e-02,8.006528019905090332e-02,5.249404177207197229e-41,-4.920799687323027626e-41,4.139207303524017334e-02,1.322298962622880936e-02,7.271590828895568848e-02,-3.587815538048744202e-02,-1.632787883281707764e-01,1.008375808596611023e-01,-5.732151498167096710e-41,-1.516020596027374268e-01,4.755825549364089966e-02,-5.059894174337387085e-02,3.501924872398376465e-02,-7.915009558200836182e-02,1.818672716617584229e-01,-4.778789728879928589e-02,-4.632115736603736877e-02,1.537948101758956909e-02,1.096347346901893616e-01,4.340847954154014587e-02,-5.955238213687607588e-41,1.306390948593616486e-02,1.586200669407844543e-02,2.120824344456195831e-02,1.411050558090209961e-02,-1.008865050971508026e-02,2.355604916810989380e-01,-4.451027885079383850e-02,1.029934734106063843e-01,-5.934957787394523621e-02,3.589689359068870544e-02,-6.410012394189834595e-02,-8.861823007464408875e-03,6.447924673557281494e-02,4.910710338379888943e-41,-2.230557613074779510e-02,-2.142458781599998474e-02,6.424217671155929565e-02,-5.040190316483502041e-41,4.704501107335090637e-02,-9.107337146997451782e-02,1.546253915876150131e-03,-1.240309923887252808e-01,4.159184917807579041e-02,-7.216764986515045166e-02,1.882404237985610962e-01,-2.074902802705764771e-01,-4.514988884329795837e-02,4.408968240022659302e-02,-7.302185148000717163e-02,4.014566168189048767e-02,-7.658524066209793091e-02,2.143986336886882782e-02,1.054868381470441818e-02,1.816521212458610535e-02,-4.923462154405244779e-41,5.300271311462188089e-41,4.740111902356147766e-02,-6.013587489724159241e-02,-2.065194100141525269e-01,4.917716830701513029e-41,1.516226120293140411e-02,5.683386311608593076e-41,-6.508047133684158325e-02,-5.363886803388595581e-02,1.514067053794860840e-01,5.459590349346399307e-03,7.401422411203384399e-02,8.948870003223419189e-02,9.129387885332107544e-02,7.158278673887252808e-02,-8.496187627315521240e-02,1.611382067203521729e-01,5.774832144379615784e-02,-8.133590221405029297e-02,5.799017474055290222e-02,5.846009030938148499e-02,5.585404112935066223e-02,-2.137240469455718994e-01,-1.369468867778778076e-02,3.051921427249908447e-01,-1.360726803541183472e-01
7.211403548717498779e-02,-9.815464913845062256e-02,8.936935663223266602e-02,5.628042295575141907e-02,-1.613582372665405273e-01,4.907347222065509382e-41,2.234787680208683014e-02,1.606150344014167786e-02,-1.100387871265411377e-01,3.450791165232658386e-02,-1.640152558684349060e-02,2.297151274979114532e-02,1.234843675047159195e-02,-5.150828510522842407e-02,7.832309603691101074e-02,3.661549836397171021e-02,5.517472573432534735e-41,-1.289332360029220581e-01,1.076092198491096497e-01,-5.127742514014244080e-02,5.251362547278404236e-02,1.848859712481498718e-03,1.015218719840049744e-01,3.492607176303863525e-02,-2.308478206396102905e-02,7.189509272575378418e-02,-2.366391755640506744e-02,-1.133679673075675964e-01,-8.208484202623367310e-02,-3.952632546424865723e-01,4.576694965362548828e-02,7.582304626703262329e-02,1.395413093268871307e-02,1.090683266520500183e-01,4.431842267513275146e-02,-5.743922405267425174e-41,1.408626604825258255e-02,1.547036599367856979e-02,1.866440102458000183e-02,-6.838454306125640869e-02,8.252026885747909546e-02,3.215730190277099609e-01,4.382686316967010498e-02,1.055429354310035706e-01,2.930850535631179810e-02,3.782322257757186890e-02,2.214220724999904633e-02,7.302959263324737549e-02,6.130075082182884216e-02,-1.477652490139007568e-01,-2.183977141976356506e-02,2.779518067836761475e-01,-2.470657601952552795e-02,-4.914353714387133468e-41,4.905525534061887120e-41,9.248165413737297058e-03,3.135587321594357491e-03,-4.551123827695846558e-02,-4.391438141465187073e-02,-1.168173253536224365e-01,1.934748440980911255e-01,4.045976325869560242e-02,-5.508504263260855906e-41,1.276284605264663696e-01,-7.332508265972137451e-02,4.139230400323867798e-02,9.594833850860595703e-02,2.188694663345813751e-02,3.767187148332595825e-02,-2.837396226823329926e-02,1.148817837238311768e-01,5.232168206096001979e-41,-5.216894052834861473e-41,-4.991004740385700962e-41,-3.269252181053161621e-01,1.815775758586823940e-04,1.167183592915534973e-01,-1.202613040804862976e-01,-2.926645241677761078e-02,1.208965480327606201e-01,1.468600034713745117e-01,3.512522578239440918e-02,3.870604932308197021e-01,9.035547077655792236e-02,8.799419552087783813e-02,1.587765514850616455e-01,1.616629809141159058e-01,3.404210805892944336e-01,6.286779046058654785e-02,-1.745104491710662842e-01,-5.000113180403812272e-41,4.907066962372644419e-41,-1.216899305582046509e-01,1.674149483442306519e-01,-9.528166055679321289e-02,3.632212057709693909e-02,-1.365903913974761963e-01
6.929796934127807617e-02,2.282900959253311157e-01,4.132027551531791687e-02,2.773194015026092529e-02,2.642568573355674744e-02,-6.196261549551476124e-41,2.143096365034580231e-02,-6.298556337447187770e-41,7.449124008417129517e-02,3.570747748017311096e-02,2.320225983858108521e-01,2.041878104209899902e-01,-8.430585265159606934e-02,4.334830120205879211e-02,7.871346175670623779e-02,-5.158039517333219156e-41,-5.092458749202817717e-41,4.195093736052513123e-02,8.583462238311767578e-02,2.634245902299880981e-02,5.477206408977508545e-02,-2.580844797194004059e-02,1.054916232824325562e-01,3.787237033247947693e-02,3.355119377374649048e-02,-5.753451234824833930e-41,2.416575513780117035e-02,-5.632379047507169735e-41,2.272914722561836243e-02,2.809481024742126465e-01,3.912677988409996033e-02,-1.025391593575477600e-01,1.353954803198575974e-02,1.057243272662162781e-01,4.463275894522666931e-02,1.005032882094383240e-01,1.266256906092166901e-02,1.205031853169202805e-02,1.487212814390659332e-02,1.427838671952486038e-02,-3.532429412007331848e-02,1.585980057716369629e-01,4.866253957152366638e-02,1.047060191631317139e-01,2.235566824674606323e-02,3.689732402563095093e-02,-6.418641656637191772e-02,7.399510592222213745e-02,-1.543723493814468384e-01,3.330670669674873352e-02,-4.412445425987243652e-02,1.509770601987838745e-01,-2.839795500040054321e-02,-6.020118332585846618e-41,-3.642034903168678284e-02,1.139608323574066162e-01,9.005689620971679688e-02,6.749861687421798706e-02,4.327817261219024658e-02,8.297466486692428589e-02,1.183186769485473633e-01,1.430013030767440796e-01,3.942197561264038086e-02,-4.361631348729133606e-02,2.248474583029747009e-02,4.069948196411132812e-02,9.444460272789001465e-02,-4.391771927475929260e-02,3.745053708553314209e-02,6.235952302813529968e-02,-5.388972908258438110e-02,5.316526373648355967e-41,4.799208417534828186e-02,-6.029566749930381775e-02,9.922973811626434326e-02,-4.639690159820020199e-04,2.820587158203125000e-01,9.794519096612930298e-02,-5.784925445914268494e-02,2.071681469678878784e-01,1.484214067459106445e-01,-1.787248253822326660e-01,-9.590381383895874023e-02,8.750303089618682861e-02,-1.019031256437301636e-01,6.150156632065773010e-02,2.405418902635574341e-01,4.603028893470764160e-01,6.969351321458816528e-02,1.379380375146865845e-01,-2.177325263619422913e-02,-2.290960028767585754e-02,5.389448627829551697e-02,2.197592407464981079e-01,-1.213388331234455109e-02,-2.129183560609817505e-01,5.290244147181510925e-02
7.153237611055374146e-02,2.293327450752258301e-01,9.098601341247558594e-02,5.781277641654014587e-02,5.046075770033666272e-41,-5.092038359663520272e-41,2.309122495353221893e-02,1.742611080408096313e-02,-1.102017015218734741e-01,-5.721623450517654419e-02,6.580308079719543457e-02,2.803338170051574707e-01,8.987041190266609192e-03,4.318151623010635376e-02,7.775127142667770386e-02,3.409736603498458862e-02,4.906786702679779456e-41,-1.598063111305236816e-01,1.077827587723731995e-01,-2.370445877313613892e-01,5.232542753219604492e-02,2.014644816517829895e-02,9.789120405912399292e-02,3.614080697298049927e-02,-1.870933547616004944e-02,-1.626880280673503876e-02,1.552448049187660217e-02,5.479995906352996826e-02,1.214047595858573914e-01,3.951296210289001465e-03,4.642445221543312073e-02,-1.558516826480627060e-02,1.247810665518045425e-02,1.238274294883012772e-02,4.542046412825584412e-02,5.281073522500938095e-41,1.378653571009635925e-02,1.532185450196266174e-02,2.114149741828441620e-02,1.566783897578716278e-02,1.628225594758987427e-01,1.600473970174789429e-01,-1.338588744401931763e-01,-1.023969501256942749e-01,2.845259569585323334e-02,3.640832006931304932e-02,2.193438261747360229e-02,7.236342132091522217e-02,6.515441834926605225e-02,1.109489612281322479e-02,-4.014601930975914001e-02,3.514387011528015137e-01,-6.830047816038131714e-02,-4.407389089465141296e-02,-5.097643553520819541e-41,1.101196408271789551e-01,8.967599272727966309e-02,-3.986902907490730286e-02,3.783892840147018433e-02,8.167169243097305298e-02,1.926900297403335571e-01,-1.952385157346725464e-01,-4.905525534061887120e-41,1.283797621726989746e-01,1.126754358410835266e-01,4.061279073357582092e-02,-6.986548006534576416e-02,1.098455488681793213e-01,3.894370049238204956e-02,-2.765961363911628723e-02,2.839296124875545502e-02,5.829889699816703796e-02,-5.932397048719113070e-41,6.131661690346102057e-41,8.493406325578689575e-02,2.284909365698695183e-03,-1.478583458811044693e-02,-4.404772538691759109e-03,-1.213789209723472595e-01,1.213952824473381042e-01,1.475958675146102905e-01,-1.101233512163162231e-01,-8.875706791877746582e-02,8.015527273528277874e-04,9.043574333190917969e-02,-3.848767280578613281e-02,2.404505163431167603e-01,3.178778588771820068e-01,-5.767571553587913513e-02,1.420251876115798950e-01,4.996189544703702785e-41,-5.248703527975034821e-41,-3.288808092474937439e-02,2.085579633712768555e-01,9.389681369066238403e-02,-7.991029880940914154e-03,4.931648820638656616e-02
-1.378184705972671509e-01,-9.914528578519821167e-02,-1.214298140257596970e-02,5.648101866245269775e-02,-5.319048710884140638e-41,5.180600422608848711e-41,-6.473083049058914185e-02,1.589123532176017761e-02,7.557279616594314575e-02,3.595967218279838562e-02,7.035943865776062012e-02,4.335317015647888184e-01,1.664832420647144318e-02,4.372553527355194092e-02,7.904093712568283081e-02,3.694893792271614075e-02,-4.992966558235755705e-41,-5.287052690982818604e-02,1.883332431316375732e-02,-6.377327442169189453e-02,4.938525334000587463e-02,2.266129255294799805e-01,9.707526862621307373e-02,-5.328497663140296936e-02,-2.352746762335300446e-02,-1.557578798383474350e-02,5.919404327869415283e-02,5.396219715476036072e-02,1.176846474409103394e-01,-1.547939777374267578e-01,-4.753961786627769470e-02,-1.660050824284553528e-02,1.537833921611309052e-02,-7.506416738033294678e-02,4.581797495484352112e-02,-5.085452256881193632e-41,1.257871650159358978e-02,9.789135307073593140e-03,1.855857297778129578e-02,1.414452306926250458e-02,1.639106720685958862e-01,1.652719080448150635e-01,4.503563791513442993e-02,1.033135652542114258e-01,2.779374457895755768e-02,3.540093079209327698e-02,2.127024345099925995e-02,-8.669640868902206421e-03,6.313087791204452515e-02,1.182035263627767563e-02,-1.962329447269439697e-02,1.233702749013900757e-01,-6.907131522893905640e-02,4.266690835356712341e-02,5.321711177966357790e-41,1.139492392539978027e-01,9.092957526445388794e-02,6.497978419065475464e-02,4.226103797554969788e-02,7.950758934020996094e-02,1.122782081365585327e-01,-1.140761598944664001e-01,-4.969004354495801333e-41,4.690607264637947083e-02,-7.036595791578292847e-02,3.992534056305885315e-02,9.230196475982666016e-02,3.236187621951103210e-02,3.536616265773773193e-02,-2.737164683640003204e-02,2.591266669332981110e-02,6.318698823451995850e-02,-4.905805793754752084e-41,-4.937895528587790395e-41,3.400518000125885010e-01,4.988964064978063107e-04,3.714914917945861816e-01,9.599218517541885376e-02,5.511021614074707031e-02,9.968528151512145996e-02,5.004716292023658752e-02,5.988672375679016113e-02,2.960782647132873535e-01,-7.282798178493976593e-03,8.864042162895202637e-02,-1.218456625938415527e-01,1.013334468007087708e-01,4.622962474822998047e-01,-1.023418232798576355e-01,1.386488229036331177e-01,-4.931309425805463754e-41,4.929767997494706456e-41,5.131052806973457336e-02,2.031273990869522095e-01,-1.741618267260491848e-03,2.918164134025573730e-01,4.889477789402008057e-02
-1.372123658657073975e-01,-3.150570094585418701e-01,-8.964902162551879883e-02,-5.363625288009643555e-02,-8.592954277992248535e-02,-5.536810492240217211e-41,1.741683110594749451e-02,-5.062891351605564077e-41,-1.663561351597309113e-02,-5.785810574889183044e-02,-4.962465763092041016e-01,6.537339091300964355e-02,6.807859521359205246e-03,-5.453152973920025631e-41,7.828172296285629272e-02,-1.271660178899765015e-01,2.925450727343559265e-02,1.104659307748079300e-02,5.538211790704542028e-41,-7.969313859939575195e-02,4.905245274369022157e-41,-1.209984049201011658e-01,-3.503350913524627686e-01,3.476059064269065857e-02,-6.047901138663291931e-02,6.202287132948072838e-41,-6.685138493776321411e-02,-5.051120444505235614e-41,2.372172474861145020e-02,-2.954946160316467285e-01,-5.023780092597007751e-02,-4.604237154126167297e-02,-7.076955586671829224e-02,2.148191817104816437e-02,4.501732066273689270e-02,-5.274054408073425293e-02,1.284114085137844086e-02,1.604849472641944885e-02,1.983467303216457367e-02,1.440197322517633438e-02,-1.428017858415842056e-02,1.617580652236938477e-01,-1.367752403020858765e-01,-1.694178879261016846e-01,-5.665802955627441406e-02,-1.320578306913375854e-01,2.012155391275882721e-02,-8.926725387573242188e-02,4.995909285010837821e-41,-4.905665663908319602e-41,5.248002878742872412e-41,-2.273412346839904785e-01,1.721260882914066315e-02,4.175759106874465942e-02,-3.194075077772140503e-02,-2.620920836925506592e-01,-3.762147948145866394e-02,-5.024776033375929053e-41,-1.416780650615692139e-01,-1.166466325521469116e-01,-2.014983147382736206e-01,-1.759701967239379883e-01,-5.823235898348209820e-41,4.419646784663200378e-02,-1.556652486324310303e-01,3.895642235875129700e-02,-7.934225350618362427e-02,3.218473494052886963e-02,3.780019283294677734e-02,-2.491390705108642578e-02,1.167065873742103577e-01,1.641390845179557800e-02,-3.317853063344955444e-02,5.268321706475582260e-41,2.356371097266674042e-02,-2.115345150232315063e-01,-1.974398940801620483e-01,-5.177377436140901632e-41,-6.432890146970748901e-02,4.773338139057159424e-02,1.778310537338256836e-01,4.727231711149215698e-02,-3.267638385295867920e-01,-1.763099730014801025e-01,-1.039034724235534668e-01,-9.122145175933837891e-02,-9.580916911363601685e-02,-1.009979620575904846e-01,9.587220847606658936e-02,4.071808233857154846e-02,4.952188772923903529e-41,-4.955972278777580535e-41,5.437166988849639893e-02,-2.763304673135280609e-02,-7.900100201368331909e-02,5.612760869006622296e-41,-1.418058127164840698e-01
4.911691247304916315e-41,6.080234036705381271e-41,1.626773853786289692e-03,-6.035112226154122161e-41,-5.887555497860718923e-41,-5.074381999013027577e-41,-5.292984559447699040e-41,5.059668365137616998e-41,4.942519813520062291e-41,5.620748270253273753e-41,-2.871477305889129639e-01,-1.017860323190689087e-01,-7.815781980752944946e-02,4.915054363619295876e-41,5.677921247597726290e-41,-4.993246817928620669e-41,2.864802815020084381e-02,-7.332127541303634644e-02,-5.518593612203994589e-41,6.228631544077379399e-41,5.275608458490071309e-41,-6.079432368278503418e-02,-5.160701984415436309e-41,-5.228524830088757455e-41,-4.975450327431695492e-41,5.186626006005445425e-41,-5.288080014822562181e-41,-5.982003014356211594e-41,4.921220076862325071e-41,5.626773853649870467e-41,5.780496295186302899e-41,-5.184944447848255644e-41,-5.986907558981348454e-41,-5.792827721672361289e-41,-1.248826682567596436e-01,4.993106688082188187e-41,6.283842703571777191e-41,-5.441802456358994613e-41,1.385603921524379120e-40,5.757935389910673344e-41,5.482860501363711753e-41,1.914237439632415771e-01,5.622289698564031052e-41,8.277655392885208130e-02,5.948932370598145911e-41,4.920379297783730181e-41,-5.606455025917160619e-41,4.951207863998876157e-41,-4.905105144522589675e-41,5.532606596847242759e-41,-6.170057268268602045e-41,-5.654659693089934326e-41,4.947564487991631632e-41,4.989183052382078699e-41,-5.222779506385025705e-41,-1.277006268501281738e-01,-2.182504348456859589e-02,-6.079813647166083826e-41,-4.798371344804763794e-02,-1.987454108893871307e-02,6.259880499831822819e-41,4.905665663908319602e-41,-4.906086053447617047e-41,-2.835989871054494533e-40,-5.476134268734952631e-41,5.153835621940244705e-41,6.074208453308784557e-41,-5.095121216285034870e-41,5.003196037025326870e-41,-4.919118129165837846e-41,5.838650181455782808e-41,-1.112126513226747820e-40,-5.854204594409788277e-41,1.475006763548302449e-40,-4.917156311315783102e-41,5.646812421689715351e-41,-4.921780596248054998e-41,-4.976991755742452791e-41,-4.914914233772863395e-41,6.955914944410324097e-02,-9.961373172700405121e-03,4.909869559301294053e-41,5.753170975131968966e-41,-4.991004740385700962e-41,-4.953870331081093309e-41,5.265659239393365107e-41,2.750220298767089844e-01,-1.431523114442825317e-01,-6.671616435050964355e-02,-1.837947666645050049e-01,-6.281320366335992520e-41,5.203161327884478266e-41,5.637984241364469003e-41,8.673208206892013550e-02,5.121045237875043986e-41,6.091724684112844771e-41,-5.414477136304660680e-41
-3.647811710834503174e-02,2.286945879459381104e-01,1.018060930073261261e-02,5.577027758166339461e-41,-2.478421665728092194e-02,3.155224025249481201e-02,-7.088282704353332520e-02,4.973768769274505712e-41,-5.197864025831222534e-03,3.529639914631843567e-02,1.348945945501327515e-01,3.299269676208496094e-01,1.030713543295860291e-01,1.190731674432754517e-01,7.449613511562347412e-02,3.262108191847801208e-02,1.093049868941307068e-01,2.082968354225158691e-01,7.032897323369979858e-02,7.074069231748580933e-02,2.691010758280754089e-02,2.310757339000701904e-01,1.012792214751243591e-01,-5.389689281582832336e-02,3.502476960420608521e-02,5.290602352058346851e-41,2.587440237402915955e-02,-3.033110526031066550e-40,-8.233422040939331055e-02,-2.958917021751403809e-01,4.290631040930747986e-02,7.588253915309906006e-02,1.442039757966995239e-02,1.094201765954494476e-02,4.194985702633857727e-02,1.940708793699741364e-02,1.253060810267925262e-02,1.314113568514585495e-02,1.908640563488006592e-02,1.349411811679601669e-02,7.764354348182678223e-02,2.392095923423767090e-01,4.642020910978317261e-02,1.042594239115715027e-01,2.972641959786415100e-02,3.684445470571517944e-02,2.084456756711006165e-02,7.526157796382904053e-02,6.446798890829086304e-02,1.542102266103029251e-02,-2.234051190316677094e-02,3.332124352455139160e-01,3.127141296863555908e-02,3.011950919219761812e-40,-5.009642009961221029e-41,1.147341355681419373e-01,1.489476561546325684e-01,3.390399739146232605e-02,1.029940024018287659e-01,8.225651085376739502e-02,1.929759532213211060e-01,1.319989860057830811e-01,5.096662644595792169e-41,4.438570514321327209e-02,2.005388587713241577e-02,3.706734627485275269e-02,1.203618757426738739e-02,1.073959246277809143e-01,-4.839915409684181213e-02,-2.964641340076923370e-02,2.996720001101493835e-02,-4.114394262433052063e-02,-5.691373712855244534e-41,-6.169777008575737082e-41,6.896027922630310059e-02,2.540552522987127304e-03,1.880282610654830933e-01,6.022500539975198807e-41,2.479002438485622406e-02,2.076781243085861206e-01,1.496130079030990601e-01,-1.131169795989990234e-01,3.850235342979431152e-01,9.227021038532257080e-02,8.857084810733795166e-02,5.491388961672782898e-02,2.409989088773727417e-01,5.008033514022827148e-01,1.140311732888221741e-01,-8.419448137283325195e-02,-5.310500790251759254e-41,5.261315214153958174e-41,5.705520138144493103e-02,1.857700943946838379e-01,-1.599386148154735565e-02,2.283755093812942505e-01,4.835638403892517090e-02
-1.423481019015078925e-40,-6.060896117897698795e-41,-6.795433163642883301e-02,5.702163711030545625e-41,5.499816212782042040e-41,-6.300518155297242514e-41,-5.059948624830481961e-41,5.791146163515171509e-41,5.969111068484423277e-41,5.023094475218739272e-41,-1.512507647275924683e-01,-8.583682030439376831e-02,4.997310583475162638e-41,-5.099325111678009321e-41,5.104650045842443626e-41,6.032169499379040045e-41,5.144446922229268431e-41,-5.098484332599414431e-41,5.761298506225052905e-41,6.135741248726844788e-03,-5.018750449979332340e-41,-5.298449623458565827e-41,5.183543149383930827e-41,5.227684051010162565e-41,5.643169045682470826e-41,5.325354553973602315e-41,-5.094000177513575016e-41,-6.140630000517780886e-41,-4.045413434505462646e-02,-4.945602670141576888e-41,4.224796965718269348e-02,4.719222709536552429e-02,6.118209225088583813e-41,5.192371329709177175e-41,-5.565537110758875961e-41,-4.992826428389323224e-41,5.575346200009149680e-41,4.999552661018082346e-41,-4.905105144522589675e-41,-5.013845905354195480e-41,-4.931869945191193681e-41,1.210169866681098938e-01,-5.543816984561841296e-41,5.094140307360007498e-41,4.966622147106449144e-41,-4.931869945191193681e-41,-5.043973822337179047e-41,4.907207092219076901e-41,5.003476296718191833e-41,6.164732334104167740e-41,4.998852011785919937e-41,5.212409897749022059e-41,-5.334883383531011071e-41,5.227543921163730083e-41,-6.168796099650709710e-41,-1.243188604712486267e-01,-5.529313545456079439e-40,4.976571366203155346e-41,-4.911691247304916315e-41,-5.834025896523510911e-41,-5.025336552761658980e-41,4.998852011785919937e-41,5.896944197571695198e-41,-4.954570980313255718e-41,6.053329106190344783e-41,5.415878434768985497e-41,5.661946445104423375e-41,4.994928376085810449e-41,-5.226422882392270229e-41,-5.326055203205764723e-41,-6.003302751013948814e-41,4.989463312074943663e-41,5.065553818687781230e-41,-4.958354486166932724e-41,-4.932010075037626163e-41,-5.057286157748264809e-41,5.877886538456877686e-41,4.952889422156065937e-41,-5.403967397822224552e-41,-3.155820537358522415e-03,1.156986504793167114e-01,-5.429891419412233668e-41,4.910009689147726535e-41,4.996890193935865193e-41,4.939857346437845138e-41,-4.918137220240810474e-41,1.646150350570678711e-01,4.911410987612051352e-41,-6.148056882378702417e-41,4.910570208533456462e-41,-4.905385404215454638e-41,5.670494365736804759e-41,5.150472505625865144e-41,4.930188387034003901e-41,-5.870179396903091192e-41,6.298556337447187770e-41,-4.980495001903264833e-41
-3.235293552279472351e-02,2.266224026679992676e-01,-1.483246398518532373e-40,5.691143497824668884e-02,-5.599588663441969015e-41,3.417762368917465210e-02,2.207131683826446533e-02,1.592503674328327179e-02,7.359103858470916748e-02,-5.812460929155349731e-02,3.931362628936767578e-01,3.967579305171966553e-01,1.868873983621597290e-01,4.344334080815315247e-02,8.040503412485122681e-02,3.495543822646141052e-02,1.104901358485221863e-01,2.070886045694351196e-01,1.277364939451217651e-01,-4.655471444129943848e-02,7.383617013692855835e-02,1.700880378484725952e-01,9.973291307687759399e-02,3.605961799621582031e-02,-1.142470687627792358e-01,-1.151608955115079880e-02,6.698393821716308594e-02,5.702620744705200195e-02,1.194712892174720764e-01,3.099146857857704163e-02,-4.711705073714256287e-02,7.549989223480224609e-02,1.472672075033187866e-02,1.053945049643516541e-01,4.655056446790695190e-02,-5.561052955673036546e-41,1.342310663312673569e-02,1.572221331298351288e-02,-6.657280772924423218e-02,1.240725629031658173e-02,1.634185165166854858e-01,2.606294155120849609e-01,4.685642197728157043e-02,1.046228557825088501e-01,-5.890978500247001648e-02,3.621772676706314087e-02,2.173854224383831024e-02,7.366808503866195679e-02,6.482883542776107788e-02,1.755729615688323975e-01,-2.206898108124732971e-02,1.127328425645828247e-01,-7.465444505214691162e-02,4.223141074180603027e-02,5.879007577228337539e-41,-9.394261986017227173e-02,1.068260148167610168e-02,8.786527812480926514e-02,1.063138023018836975e-01,8.234325796365737915e-02,2.012597024440765381e-01,2.087159156799316406e-01,-6.099151565973766301e-41,4.692422971129417419e-02,-7.027541846036911011e-02,4.044755920767784119e-02,7.799401413649320602e-03,1.926502287387847900e-01,3.844597190618515015e-02,6.239788234233856201e-02,1.175457984209060669e-01,-3.008455969393253326e-02,4.925003582716002077e-41,-5.110115109853310413e-41,1.801008582115173340e-01,-1.437230548617662862e-05,6.260957717895507812e-01,4.893235862255096436e-02,5.432572960853576660e-02,4.938852041959762573e-02,1.103858575224876404e-01,1.465109586715698242e-01,2.137560993432998657e-01,9.011037647724151611e-02,-1.099306419491767883e-01,1.283102631568908691e-01,5.308591574430465698e-02,5.679343938827514648e-01,1.565128415822982788e-01,-8.064347505569458008e-02,-5.401445060586439882e-41,5.433254535726613229e-41,5.682120844721794128e-02,3.538648188114166260e-01,1.150321494787931442e-02,3.537588417530059814e-01,4.954439029097557068e-02
7.117406278848648071e-02,2.307096719741821289e-01,7.169651985168457031e-02,5.658983811736106873e-02,-5.909836143443483515e-41,3.222855553030967712e-02,-6.293928623199462891e-02,1.639628410339355469e-02,7.606599479913711548e-02,3.831244632601737976e-02,2.325240075588226318e-01,5.493308901786804199e-01,1.857948601245880127e-01,4.424318298697471619e-02,-1.684275805018842220e-03,2.764396555721759796e-02,4.907066962372644419e-41,1.268780082464218140e-01,-8.306695520877838135e-02,4.611480236053466797e-02,-3.914179280400276184e-02,-1.609615534543991089e-01,9.999112039804458618e-02,3.485837578773498535e-02,1.517300009727478027e-01,7.166896015405654907e-02,5.551091209053993225e-02,5.534514412283897400e-02,1.187196448445320129e-01,-6.603505462408065796e-02,4.821071773767471313e-02,-1.024703402072191238e-02,1.295112166553735733e-02,8.791192434728145599e-03,4.574256017804145813e-02,5.395559607036275650e-41,1.427305024117231369e-02,-6.837443262338638306e-02,2.000009827315807343e-02,1.367937400937080383e-02,5.782896280288696289e-02,3.189680278301239014e-01,4.551842436194419861e-02,-5.989833734929561615e-03,2.913380786776542664e-02,3.495079651474952698e-02,2.053126133978366852e-02,7.381285727024078369e-02,6.258667260408401489e-02,1.632755994796752930e-02,-2.002664096653461456e-02,2.697234451770782471e-01,1.027416437864303589e-01,4.396679624915122986e-02,-5.031502266004688175e-41,9.513259865343570709e-03,2.600497100502252579e-03,3.640104457736015320e-02,3.936133161187171936e-02,-1.656320132315158844e-02,1.077435314655303955e-01,2.855989038944244385e-01,5.065693948534213711e-41,1.234274283051490784e-01,1.123838424682617188e-01,3.792142495512962341e-02,9.052185341715812683e-03,1.132900714874267578e-01,3.534684330224990845e-02,5.790754035115242004e-02,1.168255805969238281e-01,-2.531564235687255859e-02,-6.016054567039304649e-41,-5.047056678958693644e-41,3.422804176807403564e-01,-2.047418849542737007e-03,-3.844732046127319336e-02,4.123083874583244324e-02,5.418597906827926636e-02,2.491867542266845703e-02,1.111259385943412781e-01,1.527255773544311523e-01,-8.802564442157745361e-02,8.889228105545043945e-02,8.973377197980880737e-02,-9.266334772109985352e-02,1.067531481385231018e-01,2.223757058382034302e-01,5.425082147121429443e-02,1.377786397933959961e-01,-5.958601330001987149e-41,5.034865382319067736e-41,5.693476274609565735e-02,4.786299169063568115e-02,9.490455687046051025e-02,-2.329847402870655060e-02,4.739783704280853271e-02
-3.315285220742225647e-02,2.283938527107238770e-01,-6.986190378665924072e-02,2.891280688345432281e-02,-4.952328902770336010e-41,4.956953187702607907e-41,1.718512922525405884e-02,5.188727953701932650e-41,-1.097280979156494141e-01,3.611904010176658630e-02,-3.763147071003913879e-02,-1.062227338552474976e-01,-8.719085901975631714e-02,-5.454800650477409363e-02,7.917824387550354004e-02,3.477224707603454590e-02,-5.566938409223200778e-41,-1.277134567499160767e-01,1.060037314891815186e-01,-1.189639978110790253e-02,4.809350147843360901e-02,-1.125532947480678558e-02,9.856075793504714966e-02,-5.793808630597388661e-41,-1.525620184838771820e-02,-4.194956645369529724e-02,1.219862923026084900e-01,3.718385472893714905e-02,-8.177541196346282959e-02,-4.896065592765808105e-02,-4.806281253695487976e-02,4.749029129743576050e-02,1.302024722099304199e-02,1.046872884035110474e-01,4.384177923202514648e-02,4.905245274369022157e-41,1.406064815819263458e-02,1.383563689887523651e-02,1.830172352492809296e-02,1.414124760776758194e-02,8.040117472410202026e-02,4.373386129736900330e-02,4.498082771897315979e-02,1.058222204446792603e-01,2.998852916061878204e-02,3.612648323178291321e-02,1.947697065770626068e-02,7.145376503467559814e-02,6.349851191043853760e-02,4.705234989523887634e-02,6.312999874353408813e-02,-1.215151771903038025e-01,-6.953357160091400146e-02,-5.022814215525874309e-41,-5.269302615400609632e-41,7.257127668708562851e-03,9.083215892314910889e-02,-6.225503981113433838e-02,4.237496852874755859e-02,-1.177824735641479492e-01,2.762614935636520386e-02,-2.120362669229507446e-01,-4.983717988371211913e-41,4.609353840351104736e-02,-7.248785346746444702e-02,-5.261292308568954468e-02,9.460101276636123657e-02,9.991661459207534790e-02,3.688902780413627625e-02,6.454277783632278442e-02,-5.443815514445304871e-02,4.329623281955718994e-02,5.380285453775135144e-41,5.003336166871759352e-41,-8.340469747781753540e-02,8.328045904636383057e-02,-6.562623661011457443e-03,1.006211712956428528e-02,2.101741917431354523e-02,-4.353133216500282288e-02,1.509700268507003784e-01,4.208311438560485840e-03,-4.893577396869659424e-01,-8.167150616645812988e-02,-9.235826879739761353e-02,4.643017053604125977e-02,-6.011431571096181870e-03,4.899726808071136475e-01,-2.518808282911777496e-02,1.351772695779800415e-01,5.772649023786083924e-41,5.356743639574478217e-41,5.691568553447723389e-02,3.525938093662261963e-02,-9.554365277290344238e-02,3.761938586831092834e-02,4.734711349010467529e-02
7.201703637838363647e-02,2.308825999498367310e-01,8.975689113140106201e-02,-7.736323866993188858e-03,-1.700964868068695068e-01,3.219840303063392639e-02,2.167706005275249481e-02,1.583748124539852142e-02,7.471653819084167480e-02,-5.991252884268760681e-02,3.924458026885986328e-01,4.682757854461669922e-01,-7.921704649925231934e-02,1.198704242706298828e-01,7.529927790164947510e-02,-4.766455292701721191e-02,3.184642270207405090e-02,3.225027769804000854e-02,2.653903700411319733e-02,-2.054976373910903931e-01,7.584839314222335815e-02,3.118059635162353516e-01,1.022912338376045227e-01,3.639903664588928223e-02,-2.381239086389541626e-02,6.974317878484725952e-02,5.508042499423027039e-02,5.387028679251670837e-02,-1.563484072685241699e-01,2.933034896850585938e-01,2.159471437335014343e-02,7.534829527139663696e-02,1.531032565981149673e-02,9.854423999786376953e-02,4.269307851791381836e-02,1.723053492605686188e-02,1.362182758748531342e-02,1.248784083873033524e-02,1.923695020377635956e-02,1.610127836465835571e-02,1.637023389339447021e-01,2.308568209409713745e-01,4.659909009933471680e-02,1.862275153398513794e-01,2.912371419370174408e-02,3.479986637830734253e-02,2.006220631301403046e-02,6.871981173753738403e-02,6.456142663955688477e-02,1.787776201963424683e-01,-2.185738645493984222e-02,-1.677444279193878174e-01,5.963915213942527771e-02,4.152842983603477478e-02,5.056725638362534882e-41,1.147185713052749634e-01,1.497429013252258301e-01,1.692991703748703003e-01,1.042535081505775452e-01,8.291679620742797852e-02,2.735224962234497070e-01,2.052713483572006226e-01,-4.930889036266166309e-41,1.396119147539138794e-01,-7.032016664743423462e-02,3.887103870511054993e-02,9.615864604711532593e-03,2.564450912177562714e-02,-4.197958111763000488e-02,6.291425973176956177e-02,1.157224103808403015e-01,5.861712619662284851e-02,6.282861794646749819e-41,6.226109206841594728e-41,2.615563869476318359e-01,9.345719218254089355e-02,2.105312794446945190e-01,-1.161757782101631165e-01,-3.154589980840682983e-02,1.714259386062622070e-01,1.082408800721168518e-01,-4.926354438066482544e-02,3.864619135856628418e-01,9.091830998659133911e-02,8.958697319030761719e-02,7.908251881599426270e-02,2.338557839393615723e-01,6.219291090965270996e-01,1.688550412654876709e-01,1.365546137094497681e-01,6.121712471249395856e-41,-5.349316757713556687e-41,5.482887849211692810e-02,1.673340648412704468e-01,-1.915628788992762566e-03,1.325096935033798218e-01,4.771022498607635498e-02
-5.146408740079323175e-41,4.974329288660235638e-41,-5.054203301126750211e-41,-5.446566871137698991e-41,-6.203828561258830136e-41,-5.115299914171312236e-41,-5.728648252006284668e-41,-4.967603056031476516e-41,5.287239235743967290e-41,-5.197976523566476443e-41,-6.207979470491409302e-02,-3.691651523113250732e-01,4.986940974839158992e-41,-5.112497317242662602e-41,5.607576064688620473e-41,4.919538518705135291e-41,-5.044534341722908974e-41,-4.904965014676157193e-41,-5.319048710884140638e-41,-5.477535567199277449e-41,5.556568800587197131e-41,-4.959895914477690023e-41,-4.979654222824669943e-41,5.192091070016312211e-41,5.366832988517616900e-41,5.110815759085472821e-41,5.083910828570436333e-41,5.131414846511047632e-41,5.860370307652817472e-41,-4.939997476284277620e-41,5.241556905806978254e-41,-5.260474435075363284e-41,-5.023654994604469199e-41,5.204422496502370601e-41,-4.915895142697890767e-41,-5.383368310396649741e-41,-5.236512231335408912e-41,5.060929533755509333e-41,1.303207571822079876e-41,5.113618356014122455e-41,6.165713243029195112e-41,5.567161738872528076e-02,4.924162803637407187e-41,-1.262044999748468399e-02,5.107732902463958224e-41,-5.065413688841348748e-41,-5.223199895924323150e-41,-5.050700054965938169e-41,5.658162939250746369e-41,-4.906226183294049529e-41,9.682972388484485960e-42,4.952328902770336010e-41,-5.899326404961047387e-41,5.248843657821467303e-41,5.743922405267425174e-41,-2.320808172225952148e-02,5.528262571607835827e-41,-5.135618741904022083e-41,5.132535885282507486e-41,-4.909028780222699163e-41,4.922060855940919962e-41,-5.133937183746832303e-41,-5.551524126115627790e-41,5.201900159266585931e-41,-5.829822001130536460e-41,5.325774943512899760e-41,-5.924970166858191539e-41,-4.950086825227416303e-41,5.818331353723072960e-41,4.910009689147726535e-41,5.003756556411056797e-41,-4.904684754983292230e-41,-5.452872714227160668e-41,-5.120624848335746541e-41,-4.911551117458483834e-41,5.032623304776148029e-41,5.454834532077215412e-41,-5.639946059214523747e-41,-5.700201893180490881e-41,-5.819780379533767700e-02,5.621517449617385864e-02,-5.216473663295564028e-41,-5.125389263114450919e-41,4.915474753158593321e-41,-5.239735217803355992e-41,5.262856642464715473e-41,-3.577441349625587463e-02,-5.534568414697297503e-41,-5.964907173091448826e-41,6.199344406172990722e-41,-4.908888650376266681e-41,5.700762412566220808e-41,5.221378207920700888e-41,4.906646572833346974e-41,5.063732130684158967e-41,-5.103949396610281217e-41,6.147916752532269935e-41
7.170458883047103882e-02,2.317051440477371216e-01,9.281385689973831177e-02,5.634202435612678528e-02,-6.029507032296822893e-41,-5.260474435075363284e-41,2.182177826762199402e-02,1.757564209401607513e-02,-1.880381628870964050e-02,-5.795009806752204895e-02,-6.443313509225845337e-02,1.315175145864486694e-01,-1.254118680953979492e-01,4.392740130424499512e-02,7.752122730016708374e-02,3.621898218989372253e-02,-5.063872260530591449e-41,-5.379444674696540254e-41,-1.360558569431304932e-01,1.964102983474731445e-01,-6.516405940055847168e-02,1.001744121313095093e-01,1.513466797769069672e-02,-5.212970417134751986e-41,6.524094939231872559e-02,7.076429575681686401e-02,6.244878098368644714e-02,5.132705345749855042e-02,1.218462921679019928e-02,-1.566539555788040161e-01,-9.059131145477294922e-02,7.786647975444793701e-02,1.536662131547927856e-02,1.069899722933769226e-01,4.312111437320709229e-02,5.103809266763848736e-41,1.341085880994796753e-02,1.683403737843036652e-02,1.913355477154254913e-02,1.613729819655418396e-02,7.872166484594345093e-02,8.557779341936111450e-02,4.848287999629974365e-02,1.020746529102325439e-01,3.088670410215854645e-02,3.584343567490577698e-02,1.544898096472024918e-02,7.230828702449798584e-02,6.437763571739196777e-02,-4.905385404215454638e-41,-5.301532480080080424e-41,7.556088268756866455e-02,1.805235631763935089e-02,-4.269174113869667053e-02,5.120764978182179022e-41,9.283682331442832947e-03,-1.158997975289821625e-02,1.711545698344707489e-02,4.130823910236358643e-02,-1.661160215735435486e-02,-1.763410121202468872e-01,-5.336564941688200851e-41,5.319469100423438083e-41,1.241924092173576355e-01,-6.660115718841552734e-02,3.964310884475708008e-02,9.383772313594818115e-02,5.658993124961853027e-02,3.169950097799301147e-02,-2.868141792714595795e-02,3.132081776857376099e-02,5.820133537054061890e-02,-5.499816212782042040e-41,-4.997450713321595120e-41,1.287750899791717529e-01,-4.913933324847836023e-41,9.033885598182678223e-02,-5.398222074118492802e-41,5.378811806440353394e-02,1.386637389659881592e-01,1.496892124414443970e-01,6.985366344451904297e-02,3.856523036956787109e-01,8.445160090923309326e-02,8.961079269647598267e-02,2.213269323110580444e-01,2.384803742170333862e-01,4.182901233434677124e-02,3.747918456792831421e-02,1.395312100648880005e-01,4.969845133574396224e-41,5.000953959482407163e-41,-3.963318839669227600e-02,1.237946897745132446e-01,9.332802891731262207e-02,3.127626776695251465e-01,4.480041936039924622e-02
6.701064109802246094e-02,2.287192344665527344e-01,9.235660731792449951e-02,5.903877690434455872e-02,5.180740552455281193e-41,4.907487351911941864e-41,2.402421832084655762e-02,1.610244065523147583e-02,-1.728009432554244995e-02,-5.395222082734107971e-02,5.446621403098106384e-02,-1.359253749251365662e-02,-8.129643648862838745e-02,-4.987253248691558838e-02,7.885456085205078125e-02,3.702783584594726562e-02,-5.526440883604213564e-41,-4.963921010494232178e-02,2.136062085628509521e-02,-6.496922671794891357e-02,5.361257120966911316e-02,7.800368219614028931e-02,1.028591990470886230e-01,3.479968011379241943e-02,-5.269069969654083252e-02,4.865386709570884705e-02,-5.418180301785469055e-02,-5.363182723522186279e-02,1.411080267280340195e-02,2.971779555082321167e-03,1.269841194152832031e-01,7.667296379804611206e-02,1.498548593372106552e-02,1.059393286705017090e-01,4.544158279895782471e-02,6.195841160012178679e-41,1.263742055743932724e-02,1.510241255164146423e-02,1.848603039979934692e-02,1.619921624660491943e-02,8.287103474140167236e-02,3.153831362724304199e-01,4.854618385434150696e-02,1.050174534320831299e-01,2.822988107800483704e-02,3.590684011578559875e-02,1.729669794440269470e-02,7.116660475730895996e-02,-1.518310159444808960e-01,1.766649782657623291e-01,-2.176137454807758331e-02,-2.330358512699604034e-02,6.412544101476669312e-02,-5.426528303097854107e-41,-4.960316304016987468e-41,1.085024252533912659e-01,9.011846035718917847e-02,3.552268072962760925e-02,4.323259741067886353e-02,-1.171925663948059082e-01,-4.305173829197883606e-02,-1.264524906873703003e-01,-5.320730269041330418e-41,1.255425959825515747e-01,-6.931169331073760986e-02,4.454322904348373413e-02,9.701644629240036011e-02,1.115371733903884888e-01,-5.083909630775451660e-02,-2.661856822669506073e-02,-5.801625177264213562e-02,4.293468594551086426e-02,5.840752129152270033e-41,5.592161781581047485e-41,-1.661426424980163574e-01,-5.427695577964186668e-05,-1.365179270505905151e-01,5.442983936518430710e-03,5.359042435884475708e-02,1.193732246756553650e-01,1.512988060712814331e-01,-1.979699879884719849e-01,5.088203400373458862e-02,-5.019469652324914932e-03,9.098768234252929688e-02,3.259305655956268311e-02,2.415387928485870361e-01,3.508110046386718750e-01,5.950497090816497803e-02,1.384870558977127075e-01,-5.093159398434980126e-41,6.280899976796695075e-41,5.034945160150527954e-02,2.055764794349670410e-01,-1.619189232587814331e-02,3.031553924083709717e-01,4.964948818087577820e-02
7.302243262529373169e-02,-1.878036260604858398e-01,-1.173052354715764523e-03,5.892180651426315308e-02,5.044954731262206419e-41,3.277669474482536316e-02,2.105289511382579803e-02,5.049298756501613352e-41,7.554557919502258301e-02,-5.688930675387382507e-02,1.866424456238746643e-02,3.736045956611633301e-02,-7.116912305355072021e-02,1.179764494299888611e-01,7.856196910142898560e-02,3.675309568643569946e-02,1.063461229205131531e-01,3.700011223554611206e-02,3.651740774512290955e-02,2.867691814899444580e-01,7.722713798284530640e-02,7.389036566019058228e-02,1.535438280552625656e-02,3.596457093954086304e-02,6.499855220317840576e-02,7.277985662221908569e-02,6.523251533508300781e-02,-3.406227380037307739e-02,1.160569936037063599e-01,-1.596597880125045776e-01,5.034925043582916260e-02,7.581071555614471436e-02,1.358652301132678986e-02,1.079690754413604736e-01,4.453032463788986206e-02,-6.140770130364213368e-41,1.243325229734182358e-02,-6.896987557411193848e-02,1.939255744218826294e-02,1.662569493055343628e-02,8.109831809997558594e-02,3.183773756027221680e-01,4.754103720188140869e-02,1.904140114784240723e-01,2.778204344213008881e-02,3.390523418784141541e-02,2.095026709139347076e-02,7.248572260141372681e-02,6.424228101968765259e-02,9.695111215114593506e-02,-2.300252206623554230e-02,1.314263194799423218e-01,-2.615010924637317657e-02,-4.331744089722633362e-02,-5.052802002662425394e-41,9.514786303043365479e-03,1.478041857481002808e-01,-6.336893886327743530e-02,1.073750182986259460e-01,-1.185564324259757996e-01,1.122203394770622253e-01,1.155302450060844421e-01,-1.101336515051446729e-40,1.269546598196029663e-01,2.020118944346904755e-02,3.910740464925765991e-02,9.240671247243881226e-02,-6.036262959241867065e-02,3.631845489144325256e-02,-2.938688173890113831e-02,-6.002739444375038147e-02,-6.583026796579360962e-02,5.394858957804113241e-41,4.966482017260016663e-41,1.775191724300384521e-01,8.836889266967773438e-02,3.770600259304046631e-01,5.226594209671020508e-02,5.471798405051231384e-02,8.998978883028030396e-02,3.185690641403198242e-01,-2.324078790843486786e-02,3.881353139877319336e-01,9.165886789560317993e-02,-2.460406161844730377e-03,1.589682996273040771e-01,3.520277440547943115e-01,6.223285198211669922e-01,1.717380136251449585e-01,1.411909461021423340e-01,-5.125249133268018437e-41,5.246601580278547595e-41,5.821286514401435852e-02,2.533630430698394775e-01,9.368620812892913818e-02,2.735442519187927246e-01,4.822458699345588684e-02
-3.563807532191276550e-02,-3.119094371795654297e-01,4.571181721985340118e-03,5.397941814425627839e-41,-5.322131567505655235e-41,3.101903572678565979e-02,2.360982261598110199e-02,-5.984665481438428747e-41,-1.489243935793638229e-02,3.412572294473648071e-02,1.934319883584976196e-01,2.012994140386581421e-01,1.866712421178817749e-01,-5.025770515203475952e-02,8.066703379154205322e-02,5.490287383224633284e-41,6.107419226913282722e-41,2.104808837175369263e-01,6.411649286746978760e-03,-1.345283985137939453e-01,-3.856142610311508179e-02,-4.416225850582122803e-02,6.657065823674201965e-03,3.648293018341064453e-02,7.375209778547286987e-02,-3.968852013349533081e-02,-1.104784011840820312e-02,-4.967581480741500854e-02,2.331502549350261688e-02,-5.514950957149267197e-03,4.140592738986015320e-02,7.568024843931198120e-02,1.395157165825366974e-02,-1.631321758031845093e-01,4.362772777676582336e-02,-4.905105144522589675e-41,1.277888659387826920e-02,1.593839190900325775e-02,1.883921585977077484e-02,1.430000271648168564e-02,1.109173148870468140e-01,1.052849553525447845e-02,-1.360438466072082520e-01,1.036332547664642334e-01,3.043005242943763733e-02,-5.237639322876930237e-02,2.444147318601608276e-02,6.946736574172973633e-02,-4.521449282765388489e-02,9.623167663812637329e-02,-4.204321652650833130e-02,2.722173035144805908e-01,-6.717196106910705566e-02,-4.265311732888221741e-02,5.051400704198100577e-41,1.141564026474952698e-01,4.334188997745513916e-03,6.279822438955307007e-02,3.768116235733032227e-02,-3.331591561436653137e-02,2.792610600590705872e-02,6.470524519681930542e-02,5.647232811229012796e-41,4.332050681114196777e-02,2.125787362456321716e-02,4.041631519794464111e-02,9.518140554428100586e-02,1.068952605128288269e-01,3.652702271938323975e-02,6.265103816986083984e-02,3.745609521865844727e-02,1.633083261549472809e-02,-5.123007055725098730e-41,-4.991985649310728333e-41,1.789920628070831299e-01,8.844471722841262817e-02,1.450911462306976318e-01,1.355483084917068481e-01,2.390166372060775757e-02,1.262688934803009033e-01,7.364182919263839722e-02,5.386628210544586182e-02,-2.391069978475570679e-01,8.669199049472808838e-02,8.862150460481643677e-02,-3.845690935850143433e-02,-4.554083570837974548e-02,3.046003878116607666e-01,-6.925614923238754272e-02,1.376067548990249634e-01,5.076203687016649839e-41,-9.146555336340945985e-41,5.509408563375473022e-02,2.760923206806182861e-01,1.626934856176376343e-03,3.048371970653533936e-01,4.623990878462791443e-02
-5.076203687016649839e-41,5.488745954913875985e-41,-3.933583572506904602e-02,4.998571752093054974e-41,-5.813006419558638655e-41,-5.575065940316284717e-41,5.178498474912361486e-41,-5.532746726693675241e-41,5.137720689600509309e-41,-5.136179261289752010e-41,-6.011290152260600271e-41,-6.074628842848082002e-41,5.429050640333638778e-41,-5.904511209279049210e-41,-4.994788246239377968e-41,6.129139353110317387e-41,-4.975730587124560455e-41,4.942800073212927254e-41,-5.484962449060198979e-41,-3.146055182255646806e-41,4.905525534061887120e-41,5.228805089781622418e-41,5.329558449366576766e-41,-5.759476818221430643e-41,-5.197416004180746516e-41,-5.008520971189761175e-41,-5.673016702972589430e-41,-5.534848674390162467e-41,-5.260194175382498321e-41,-5.839490960534377698e-41,4.956532798163310462e-41,5.862332125502872216e-41,5.296627935454943565e-41,5.324794034587872388e-41,4.498932138085365295e-02,6.282301275261019892e-41,-5.447127390523428918e-41,1.150185779517809852e-41,-5.141784455147051278e-41,-5.068916935002160791e-41,5.024495773683064090e-41,1.054438203573226929e-01,5.065133429148483785e-41,5.124128094496558583e-41,4.986240325606996583e-41,6.197242458476503496e-41,-4.976150976663857901e-41,5.365151430360427119e-41,6.526938825845718384e-02,-5.218575610992051254e-41,5.739858639720883204e-41,-4.993667207467918114e-41,-5.241837165499843217e-41,5.988168727599240789e-41,-5.057566417441129772e-41,5.093299528281412608e-41,5.778814737029113119e-41,4.948125007377361559e-41,1.501491304524041491e-40,-6.066921701294295509e-41,5.385330128246704485e-41,5.049719146040910797e-41,6.215599468359158600e-41,5.327596631516522022e-41,5.112076927703365156e-41,-5.631398138582142363e-41,-5.175275488444414406e-41,-5.731030459395636857e-41,-5.216333533449131547e-41,-5.217874961759888845e-41,5.465904789945381467e-41,-4.946443449220171779e-41,4.967743185877908998e-41,5.937021333651384966e-41,-4.929627867648273974e-41,-4.913232675615673614e-41,6.219242844366403124e-41,4.996329674550135266e-41,5.001094089328839644e-41,5.923416465520858765e-02,7.999120652675628662e-02,5.403126618743629662e-41,4.910570208533456462e-41,5.080267452563191809e-41,4.960736693556284913e-41,5.320590139194897937e-41,6.098204851150512695e-02,5.814687977715828436e-41,4.986800844992726510e-41,5.266780278164824961e-41,5.561052955673036546e-41,5.343851693702689900e-41,-5.236932620874706357e-41,5.087663605809211731e-02,-5.366692858671184418e-41,-2.886661887168884277e-01,5.970372237102315612e-41
-1.366142481565475464e-01,3.668181225657463074e-02,1.986182481050491333e-02,5.763891339302062988e-02,-1.573605835437774658e-02,-5.136179261289752010e-41,-6.518892943859100342e-02,-5.134777962825427193e-41,-2.136985026299953461e-02,-5.657136067748069763e-02,-2.710379958152770996e-01,2.134270071983337402e-01,2.780148526653647423e-03,4.454480484127998352e-02,8.145271986722946167e-02,1.631671931859816997e-41,6.041838458782881283e-41,9.337130934000015259e-02,-6.367217749357223511e-02,-1.099294945597648621e-01,-8.781445212662220001e-03,3.382639214396476746e-02,-7.503475993871688843e-02,-5.265044048428535461e-02,-6.198955699801445007e-02,5.651857096161284692e-41,2.336229197680950165e-02,5.134637832978994711e-41,-1.779468953609466553e-01,1.363965589553117752e-02,-1.061521470546722412e-01,-1.005021408200263977e-01,-6.880688667297363281e-02,-6.153611466288566589e-02,4.341056570410728455e-02,-6.485223770141601562e-02,-6.960977613925933838e-02,1.576153188943862915e-02,-6.038211658596992493e-02,1.559895928949117661e-02,8.196714520454406738e-02,-2.214998155832290649e-01,-4.545015096664428711e-02,7.801071554422378540e-02,2.915143035352230072e-02,-1.284683495759963989e-01,2.217786759138107300e-02,7.239421457052230835e-02,-1.528335958719253540e-01,5.127771470503803108e-41,-2.076366171240806580e-02,-2.382403984665870667e-02,-6.809351593255996704e-02,-4.190373793244361877e-02,-3.607446700334548950e-02,2.874245308339595795e-02,-2.263456583023071289e-01,3.322809236124157906e-03,3.955682367086410522e-02,-1.166530549526214600e-01,-1.185794640332460403e-02,-8.112129569053649902e-02,-4.630633071064949036e-02,-4.325610771775245667e-02,-6.942240893840789795e-02,3.959328681230545044e-02,5.759583320468664169e-03,-5.656134337186813354e-02,-5.100844800472259521e-02,6.423266232013702393e-02,-1.531955003738403320e-01,-1.040789261460304260e-01,4.996504262089729309e-02,2.763768471777439117e-02,-5.005661398172378540e-02,-8.013721555471420288e-02,-2.146060317754745483e-01,-4.915980249643325806e-02,2.569062449038028717e-02,8.301200717687606812e-02,1.834089607000350952e-01,2.184298587962985039e-03,1.285738050937652588e-01,8.827780187129974365e-02,8.656644076108932495e-02,-1.306323409080505371e-01,-2.087423056364059448e-01,1.638773083686828613e-01,-1.996703147888183594e-01,1.421670168638229370e-01,-2.391112782061100006e-02,-2.387066185474395752e-02,-1.225032582879066467e-01,-1.590298861265182495e-01,-1.742474138736724854e-01,1.199930440634489059e-02,-1.406949460506439209e-01
5.523498156829131448e-41,-5.082369400259679035e-41,5.059668365137616998e-41,4.933971892887680907e-41,1.406637411473894624e-40,5.089796282120600565e-41,-4.915895142697890767e-41,-4.988902792689213736e-41,-5.189848992473392504e-41,6.073227544383757185e-41,-1.175448223948478699e-01,8.424947969615459442e-03,4.418257251381874084e-02,6.061036247744131277e-41,-5.020151748443657157e-41,-6.026143915982443332e-41,5.629856710271385064e-41,6.093686501962899515e-41,-4.905525534061887120e-41,-4.909028780222699163e-41,4.922341115633784925e-41,5.020291878290089638e-41,-4.940277735977142584e-41,-5.741540197878072985e-41,-5.612760869006622296e-41,-6.117788835549286368e-41,5.554466852890709906e-41,-5.323813125662845016e-41,-5.245900931046385187e-41,-4.920099038090865218e-41,5.407330514136604113e-41,5.915020947761485338e-41,-4.906366313140482010e-41,-5.233149115021029351e-41,-4.909028780222699163e-41,5.158319777026084120e-41,5.126230042193045809e-41,-5.117541991714231943e-41,5.069897843927188163e-41,-5.323112476430682607e-41,4.917016181469350620e-41,-8.328583091497421265e-02,5.007960451804031248e-41,-1.178134083747863770e-01,-5.424146095708501918e-41,5.037247589708419925e-41,5.019310969365062266e-41,-5.216193403602699065e-41,-6.018016384889359393e-41,-5.723883837227580290e-41,-4.909168910069131645e-41,-5.580110614787854058e-41,-5.308959361941001955e-41,5.093579787974277571e-41,-4.905385404215454638e-41,-1.287258416414260864e-01,5.320169749655600491e-41,5.123707704957261138e-41,5.156357959176029376e-41,-5.553065554426385089e-41,5.216613793141996510e-41,5.805439407851284643e-41,6.297295168829295435e-41,-4.911270857765618870e-41,-5.747705911121102180e-41,4.906786702679779456e-41,2.591126977398375998e-40,-5.517892962971832180e-41,-1.525873897803293309e-40,-6.066921701294295509e-41,-4.908468260836969236e-41,5.518593612203994589e-41,5.429611159719368705e-41,6.193038563083529045e-41,-5.911657831447105777e-41,-5.547180100876220857e-41,-5.904230949586184247e-41,6.113304680463446954e-41,-5.172052501976467327e-41,-1.271560881286859512e-02,2.379187010228633881e-02,4.973208249888775785e-41,5.106051344306768443e-41,-5.852943425791895942e-41,5.649334758925500021e-41,5.259073136611038467e-41,-1.038919240236282349e-01,5.784840320425709832e-41,4.908608390683401718e-41,5.028559539229606059e-41,5.886434459089259070e-41,5.161262503801166236e-41,-5.556708930433629613e-41,6.125215717410207899e-41,5.855886152566978058e-41,4.994648116392945486e-41,-6.212656741584076484e-41
-5.702303840876978107e-41,4.988902792689213736e-41,1.850557513535022736e-02,-6.113865199849176880e-41,-5.679602805754916070e-41,6.204669340337425027e-41,5.077324725788109693e-41,-4.912672156229943687e-41,5.734253445863583936e-41,-5.117682121560664425e-41,6.558166444301605225e-02,3.230459690093994141e-01,9.426496922969818115e-02,-5.083910828570436333e-41,5.001094089328839644e-41,-4.979373963131804980e-41,-5.627614632728465357e-41,8.494991809129714966e-03,1.650729590974634510e-41,4.957693163305521011e-03,5.166727567812033022e-41,5.896383678185965271e-41,-6.074768972694514484e-41,5.000673699789542199e-41,5.885033160624934253e-41,5.986066779902753564e-41,4.993667207467918114e-41,-4.909589299608429090e-41,-4.799087718129158020e-02,-1.409513689577579498e-02,7.589869946241378784e-02,3.402992710471153259e-02,5.748686820046129552e-41,4.911410987612051352e-41,4.996189544703702785e-41,-4.905385404215454638e-41,-6.001761322703191515e-41,-5.048598107269450943e-41,4.956532798163310462e-41,4.914633974079998431e-41,8.198542147874832153e-02,2.364641726016998291e-01,4.928506828876814120e-41,1.061879619956016541e-01,-5.168969645354952730e-41,-5.693195400858866796e-41,5.909555883750618551e-41,4.917296441162215584e-41,4.930328516880436382e-41,5.038789018019177224e-41,5.353941042645828583e-41,5.819452392494532814e-41,-4.930328516880436382e-41,-5.475854009042087668e-41,-5.962665095548529118e-41,8.110213279724121094e-02,5.290742481904779333e-41,-6.060475728358401350e-41,-5.067375506691403492e-41,-7.340559363365173340e-02,2.521972898183946275e-40,-4.905665663908319602e-41,-4.979654222824669943e-41,-4.980214742210399870e-41,5.325662717223167419e-02,-5.345223471522331238e-02,9.512168914079666138e-02,4.923462154405244779e-41,6.138668182667726143e-41,5.279952483729478242e-41,6.087100399180572874e-41,-5.808522264472799241e-41,4.937615268894925431e-41,5.244920022121357815e-41,4.904684754983292230e-41,-5.384489349168109595e-41,5.182141850919606010e-41,5.153695492093812223e-41,5.323813125662845016e-41,1.154188215732574463e-01,2.237994782626628876e-02,-5.188027304469770242e-41,5.064713039609186339e-41,6.066080922215700618e-41,4.910710338379888943e-41,6.085979360409113021e-41,1.395499259233474731e-01,1.902469247579574585e-01,6.190235966154879411e-41,-6.060055338819103905e-41,5.408031163368766522e-41,-5.527281662682808455e-41,-5.030100967540363358e-41,5.169530164740682656e-41,-4.960876823402717394e-41,-5.844115245466649594e-41,4.963679420331367029e-41
-3.343610838055610657e-02,2.278940081596374512e-01,9.358815103769302368e-02,4.981616040674724687e-41,4.965641238181421773e-41,-5.795209929061713479e-41,2.155280485749244690e-02,-5.662226704797288338e-41,7.487071305513381958e-02,3.031702339649200439e-02,8.955928683280944824e-02,1.908624768257141113e-01,1.002567037940025330e-01,-4.709214344620704651e-02,-9.289017319679260254e-02,3.703746199607849121e-02,5.478796735817169784e-41,2.093972265720367432e-01,1.100574880838394165e-01,-1.479633599519729614e-01,5.296945571899414062e-02,1.646935492753982544e-01,9.990210086107254028e-02,3.568403050303459167e-02,1.531619429588317871e-01,7.332258671522140503e-02,-1.854042336344718933e-02,5.376708507537841797e-02,7.140610367059707642e-02,2.582308948040008545e-01,-4.013112187385559082e-02,-1.023059189319610596e-01,1.192748360335826874e-02,1.448865048587322235e-02,4.437845945358276367e-02,1.292599742447141011e-40,-4.975730587124560455e-41,5.027718760151011169e-41,-5.063732130684158967e-41,-5.143185753611376095e-41,-8.157870918512344360e-02,3.166465461254119873e-01,4.468470066785812378e-02,1.051482185721397400e-01,-5.694558471441268921e-02,3.317618742585182190e-02,2.210790477693080902e-02,7.192756235599517822e-02,6.249179691076278687e-02,6.101831421256065369e-02,-1.930486597120761871e-02,3.464135527610778809e-01,5.155096790558137041e-41,-5.772789153632516405e-41,-4.978252924360345126e-41,1.171601787209510803e-01,8.965881168842315674e-02,1.143543496727943420e-01,3.824556991457939148e-02,8.305482566356658936e-02,4.847538471221923828e-02,-5.333341955220253772e-41,4.932150204884058645e-41,-2.557086758315563202e-02,1.114688217639923096e-01,3.878781571984291077e-02,9.437585622072219849e-02,1.942419856786727905e-01,3.795010969042778015e-02,6.580916792154312134e-02,1.141984835267066956e-01,5.622009438871166089e-41,-5.092879138742115163e-41,-5.109834850160445449e-41,-8.650261163711547852e-02,-5.573944901544824863e-41,-1.036592479795217514e-02,-4.905105144522589675e-41,-6.500297039747238159e-02,1.184357777237892151e-01,1.144000068306922913e-01,8.667820692062377930e-02,-7.139930129051208496e-02,5.263735540211200714e-03,8.894132822751998901e-02,-4.191522952169179916e-03,1.627381294965744019e-01,5.275534391403198242e-01,6.656869500875473022e-02,-8.047620207071304321e-02,4.998431622246622492e-41,-6.153381816543136722e-41,5.517255514860153198e-02,2.495698332786560059e-01,-3.528789151459932327e-03,2.552469968795776367e-01,4.863218963146209717e-02
-1.216887586419671144e-40,4.934812671966275797e-41,7.717506960034370422e-04,-5.724444356613310216e-41,-5.201900159266585931e-41,-5.825057586351832082e-41,2.229867503046989441e-02,-5.197556134027178998e-41,-1.107628792524337769e-01,-5.720132589340209961e-02,5.085171997188328669e-41,4.988902792689213736e-41,5.968830808791558314e-41,-5.104992538690567017e-02,4.979233833285372498e-41,-5.162523672419058571e-41,4.909869559301294053e-41,5.493930759231877808e-41,2.009986340999603271e-02,5.116841342482069534e-41,-3.293943032622337341e-02,9.841252118349075317e-02,4.969004354495801333e-41,-5.389025807380676270e-02,5.638684890596631412e-41,5.029260188461768468e-41,-5.164625620115545797e-41,5.259633655996768394e-41,-5.918804453615162344e-41,6.176222981511631240e-41,-5.530224389457890570e-41,-5.616824634553164265e-41,5.729489031084879558e-41,-3.955305045403228664e-41,4.696787148714065552e-02,-5.159721075490408937e-41,-5.505141146946476345e-41,-4.994367856700080522e-41,-5.401865450125737327e-41,-4.979093703438940016e-41,5.600569572366996387e-41,-1.316779404878616333e-01,-4.911410987612051352e-41,1.055139228701591492e-01,1.158089102856601820e-40,6.020678851971576545e-41,6.167534931032817374e-41,-6.007786906099788228e-41,-1.490028202533721924e-01,4.770318791270256042e-02,6.428188085556030273e-02,-1.690959744155406952e-02,-2.531025286263484594e-40,5.995875869153027283e-41,2.705416880148708078e-40,5.963505874627124009e-41,8.932183682918548584e-02,1.100311279296875000e-01,-4.357701167464256287e-02,-4.971526691731586004e-41,4.910430078687023980e-41,-4.940557995670007547e-41,-4.910570208533456462e-41,5.855045373488383167e-41,-5.302092999465810351e-41,6.074768972694514484e-41,-5.437598560966020162e-41,5.478656605970737302e-41,3.788868337869644165e-02,-2.896459586918354034e-02,-1.418643146753311157e-01,-5.818051094030207997e-41,5.526300753757781083e-41,-5.445305702519806656e-41,-5.400884541200709955e-41,-5.073961609473730132e-41,-5.048457977423018461e-41,-6.038895732007799167e-41,-4.973208249888775785e-41,4.357572644948959351e-02,2.227903604507446289e-01,-5.456095700695107747e-41,6.040577290164988948e-41,5.088815373195573193e-41,-5.322832216737817644e-41,-5.252627163675144309e-41,2.388773113489151001e-01,1.383291035890579224e-01,1.455777734518051147e-01,3.245741128921508789e-02,4.990724480692835998e-41,4.912812286076376169e-41,1.270823564311533353e-40,2.483802437782287598e-01,7.637392729520797729e-02,3.380760550498962402e-02,-4.970125393267261187e-41
-1.366456896066665649e-01,2.298643738031387329e-01,1.133706653490662575e-03,5.687837675213813782e-02,-4.937895528587790395e-41,5.357304158960208144e-41,2.335294894874095917e-02,1.719955354928970337e-02,7.659778743982315063e-02,-5.699936673045158386e-02,3.901454806327819824e-01,4.672221541404724121e-01,1.860702633857727051e-01,4.386530071496963501e-02,7.927630096673965454e-02,3.610694408416748047e-02,1.092897728085517883e-01,2.497351542115211487e-02,1.977509632706642151e-02,-4.589557275176048279e-02,-1.259144544601440430e-01,7.001379132270812988e-02,9.791724383831024170e-02,3.398524597287178040e-02,6.703382730484008789e-02,7.008143514394760132e-02,5.902694538235664368e-02,5.348541587591171265e-02,2.212386764585971832e-02,2.789665572345256805e-02,1.260593533515930176e-01,-1.777493581175804138e-02,1.504798047244548798e-02,1.058999300003051758e-01,4.548331722617149353e-02,4.923181894712379815e-41,1.240260619670152664e-02,1.533219031989574432e-02,1.916963979601860046e-02,1.411849725991487503e-02,-1.552107394672930241e-03,-2.590643242001533508e-02,-1.379749029874801636e-01,-2.065594643354415894e-01,2.963045611977577209e-02,3.702690824866294861e-02,1.707351952791213989e-02,7.540095597505569458e-02,-1.484123766422271729e-01,1.166881248354911804e-02,-2.142758667469024658e-02,1.956190168857574463e-01,1.098588258028030396e-01,-4.199257865548133850e-02,-5.434515704344505564e-41,9.309330023825168610e-03,1.495471447706222534e-01,3.833055123686790466e-02,4.266941174864768982e-02,8.348187059164047241e-02,1.891142576932907104e-01,1.606136858463287354e-01,5.820853690958857631e-41,1.259551048278808594e-01,-1.547424644231796265e-01,3.933648020029067993e-02,5.692352075129747391e-03,-5.480457097291946411e-02,3.963238000869750977e-02,6.398437917232513428e-02,2.742582373321056366e-02,-2.497309818863868713e-02,-5.904230949586184247e-41,5.604913597606403320e-41,2.620128691196441650e-01,-4.424147307872772217e-02,-1.480572484433650970e-02,4.944267868995666504e-02,-3.087224252521991730e-02,2.091842740774154663e-01,2.546344399452209473e-01,-4.391130805015563965e-02,2.122435420751571655e-01,9.010424464941024780e-02,9.061281383037567139e-02,3.231677040457725525e-02,2.384988218545913696e-01,4.501771628856658936e-01,1.653950363397598267e-01,1.407803595066070557e-01,-5.112357187396230120e-41,5.103108617531686327e-41,-3.393016755580902100e-02,1.859072446823120117e-01,9.538119286298751831e-02,-3.052707314491271973e-01,4.893564432859420776e-02
7.077170908451080322e-02,2.252025306224822998e-01,5.084891737495463705e-41,2.842865884304046631e-02,-4.918277350087242956e-41,-5.963786134319988972e-41,2.142607048153877258e-02,5.368234286981941717e-41,4.246821627020835876e-02,3.580775111913681030e-02,1.779329329729080200e-01,3.657168447971343994e-01,1.049962863326072693e-01,4.423278942704200745e-02,-9.311322122812271118e-03,5.845936933470271856e-41,-5.101567189220929028e-41,-5.411170795559883118e-02,-3.450449928641319275e-02,-1.974567025899887085e-02,-6.504609435796737671e-02,3.552421927452087402e-02,1.005501449108123779e-01,5.605193857299268284e-41,3.440147265791893005e-02,-4.385146498680114746e-02,-5.224754288792610168e-02,3.448942303657531738e-02,-8.336588740348815918e-02,-8.932787925004959106e-02,-1.068021655082702637e-01,-9.899005293846130371e-02,1.211746037006378174e-02,1.055846661329269409e-01,-2.985323965549468994e-01,-5.732291628013529192e-41,1.066655199974775314e-02,1.513247843831777573e-02,1.953126676380634308e-02,1.628813147544860840e-02,8.216591179370880127e-02,-3.703393340110778809e-01,4.676051810383796692e-02,-1.057127676904201508e-02,2.863037958741188049e-02,3.820223361253738403e-02,2.005012333393096924e-02,7.284206897020339966e-02,-4.591134563088417053e-02,2.748987870290875435e-03,-5.001794738561002053e-41,-1.168987974524497986e-01,6.344742327928543091e-02,5.085171997188328669e-41,4.904965014676157193e-41,8.355678059160709381e-03,5.365858227014541626e-02,1.108343899250030518e-02,-5.848140269517898560e-02,-1.649715378880500793e-02,-1.642657793127000332e-03,5.860533192753791809e-02,-5.633079696739332143e-41,4.348506405949592590e-02,2.251558937132358551e-02,4.054208844900131226e-02,9.593420475721359253e-02,-1.413367986679077148e-01,1.058138627558946609e-02,1.838898658752441406e-02,6.061596767129861204e-41,-4.982596949599752059e-41,-5.099745501217306766e-41,4.997030323782297675e-41,-5.119165778160095215e-02,5.709539982490241528e-05,-2.259678393602371216e-01,9.247255511581897736e-03,5.107858777046203613e-02,4.650726914405822754e-02,2.845576219260692596e-02,9.491726756095886230e-02,-1.774246245622634888e-01,8.901142328977584839e-02,9.104506671428680420e-02,5.692559480667114258e-02,1.502908617258071899e-01,8.931542932987213135e-02,2.051279693841934204e-02,-1.761911362409591675e-01,5.189008213394797614e-41,5.465904789945381467e-41,5.760654062032699585e-02,1.069851145148277283e-01,-4.994928376085810449e-41,-3.779464960098266602e-01,4.865724593400955200e-02
5.950053409369605765e-41,5.246601580278547595e-41,-4.905105144522589675e-41,5.951034318294633137e-41,4.934952801812708279e-41,-5.686329038383675192e-41,2.141766995191574097e-02,-5.743502015728127729e-41,-5.437137931585311890e-02,-5.684300139546394348e-02,-5.097923813213684504e-41,-5.730329810163474448e-41,-4.989323182228511181e-41,-5.229854956269264221e-02,-4.994788246239377968e-41,1.383375856966102661e-40,5.031642395851120657e-41,-6.244606346570682313e-41,-1.291319578886032104e-01,-5.102548098145956400e-41,-4.257140308618545532e-02,-1.024412140250205994e-01,-4.908888650376266681e-41,-6.005825088249733484e-41,5.584454640027260991e-41,5.028839798922471022e-41,-5.570581785230445302e-41,4.959475524938392577e-41,-5.163224321651220980e-41,-5.152154063783054925e-41,5.238614179031896138e-41,6.214338299741266264e-41,-5.111096018778337784e-41,-6.060055338819103905e-41,-4.118396714329719543e-02,4.924022673790974706e-41,5.074522128859460059e-41,-4.931589685498328718e-41,-4.919678648551567773e-41,-5.069617584234323199e-41,5.616964764399596747e-41,-2.313547730445861816e-01,5.266920408011257443e-41,-3.206134438514709473e-01,5.171211722897872437e-41,-1.050833718397180321e-40,6.245166865956412240e-41,5.501497770939231820e-41,6.337344646453857422e-02,-5.939987674355506897e-02,5.997277167617352100e-41,-4.908047871297671791e-41,5.186906265698310388e-41,-5.051120444505235614e-41,1.073576792473172103e-40,4.917856960547945510e-41,-7.906816154718399048e-02,3.705106209963560104e-03,-4.885219410061836243e-02,-6.300798414990107478e-41,5.076203687016649839e-41,-5.022674085679441827e-41,-4.907207092219076901e-41,-4.904684754983292230e-41,4.950226955073848785e-41,5.059528235291184516e-41,4.927666049798219230e-41,5.089235762734870638e-41,1.094325911253690720e-02,1.797747611999511719e-02,-4.910990598072753907e-41,-5.480338164127927083e-41,5.173173540747927181e-41,-5.280793262808073132e-41,5.606455025917160619e-41,-5.424986874787096808e-41,5.114459135092717345e-41,-5.818751743262370405e-41,-5.120764978182179022e-41,-1.326237320899963379e-01,-1.833216995000839233e-01,5.515791015275344955e-41,-6.143292467599998039e-41,5.646812421689715351e-41,-5.154676401018839595e-41,5.210448079898967315e-41,-2.207702845335006714e-01,-1.209587156772613525e-01,-4.677474498748779297e-02,-2.559177577495574951e-01,-4.911270857765618870e-41,4.952889422156065937e-41,-5.014126165047060443e-41,-1.284893751144409180e-01,-5.293264819140564004e-41,-4.190378636121749878e-02,6.026704435368173259e-41
-3.531438857316970825e-02,2.298571318387985229e-01,8.959922194480895996e-02,-2.296885475516319275e-02,7.654419541358947754e-02,6.028105733832498076e-41,2.387337014079093933e-02,-5.064432779916321376e-41,7.468004524707794189e-02,3.606909886002540588e-02,3.153601884841918945e-01,3.073990046977996826e-01,1.800465583801269531e-02,-5.282353982329368591e-02,7.759643346071243286e-02,-1.026353034225425767e-40,-5.162523672419058571e-41,1.261815130710601807e-01,1.095972284674644470e-01,-4.450064897537231445e-02,5.369103699922561646e-02,-1.941864341497421265e-01,-5.504580627560746418e-41,3.955360502004623413e-02,-7.202773541212081909e-02,-1.819149963557720184e-02,-2.656217291951179504e-02,5.017736181616783142e-02,-8.106311410665512085e-02,5.399491786956787109e-01,-1.356227248907089233e-01,-1.831991970539093018e-02,1.264361664652824402e-02,-7.682178914546966553e-02,4.292455315589904785e-02,9.984762221574783325e-02,1.188169419765472412e-02,1.280746050179004669e-02,2.030202373862266541e-02,1.382496207952499390e-02,-2.583399415016174316e-01,2.348542511463165283e-01,4.751226305961608887e-02,1.303688436746597290e-01,-5.535864830017089844e-02,3.465644642710685730e-02,2.241750061511993408e-02,7.361212372779846191e-02,-1.506579667329788208e-01,1.682388968765735626e-02,4.171216860413551331e-02,6.311506032943725586e-02,1.827244833111763000e-02,4.317672550678253174e-02,-3.692712262272834778e-02,-2.430864982306957245e-02,1.455674469470977783e-01,-4.313902184367179871e-02,1.071694716811180115e-01,-1.135607883334159851e-01,1.165046766400337219e-01,2.121626883745193481e-01,-4.583986476063728333e-02,1.269299685955047607e-01,2.010559290647506714e-02,3.944983333349227905e-02,1.204473990947008133e-02,2.030666917562484741e-02,4.377064481377601624e-02,6.406698375940322876e-02,-5.399297177791595459e-02,5.552684143185615540e-02,4.987147450447082520e-02,2.631811983883380890e-02,1.965170353651046753e-02,8.770190179347991943e-02,3.605526089668273926e-01,1.372697204351425171e-01,5.065574496984481812e-02,4.635819792747497559e-02,1.492957770824432373e-01,4.523873329162597656e-02,3.107473552227020264e-01,8.998198807239532471e-02,-1.018360722810029984e-02,3.366561606526374817e-02,2.209724485874176025e-01,2.899634540081024170e-01,2.454383075237274170e-01,1.397756785154342651e-01,5.977627635002136230e-02,5.552453920245170593e-02,5.721551552414894104e-02,2.149090766906738281e-01,-9.420687705278396606e-02,2.280622348189353943e-02,-5.477255307506412485e-41
7.271450757980346680e-02,2.308803945779800415e-01,-3.667312487959861755e-02,2.875610254704952240e-02,-2.520264685153961182e-02,1.091338694095611572e-03,-5.955518473380472551e-41,5.750368378203319332e-41,-1.035223253504601859e-40,5.075503037784487431e-41,1.806013882160186768e-01,2.317564636468887329e-01,4.471286758780479431e-02,4.255407676100730896e-02,7.950596511363983154e-02,5.359546236503127851e-41,-4.909168910069131645e-41,-4.811508581042289734e-02,6.642085313796997070e-02,1.558096259832382202e-01,2.880613319575786591e-02,8.631760627031326294e-02,1.016188487410545349e-01,-5.346654290631339534e-41,8.910414576530456543e-02,-4.915474753158593321e-41,7.181713730096817017e-02,5.163364451497653461e-41,8.350234478712081909e-03,6.171965599060058594e-02,-5.037076398730278015e-02,4.681171104311943054e-02,1.446253526955842972e-02,1.059455052018165588e-01,4.309931769967079163e-02,1.014524996280670166e-01,1.194859109818935394e-02,1.326564326882362366e-02,1.849929429590702057e-02,1.531190704554319382e-02,-1.069051679223775864e-02,1.615672409534454346e-01,4.708297923207283020e-02,1.046489551663398743e-01,2.909163944423198700e-02,3.414648026227951050e-02,2.504323609173297882e-02,7.067617028951644897e-02,-1.523888856172561646e-01,4.980354872056832352e-41,5.501357641092799339e-41,8.933672308921813965e-02,5.997780710458755493e-02,-6.218682324980673197e-41,6.069444038530080179e-41,1.149739027023315430e-01,7.705790549516677856e-02,9.913734160363674164e-03,4.169295355677604675e-02,8.440726995468139648e-02,8.286840468645095825e-02,-7.444649189710617065e-02,-5.674558131283346729e-41,4.527569562196731567e-02,2.665103413164615631e-02,-5.403730273246765137e-02,5.561219993978738785e-03,1.042566075921058655e-01,4.943220462752224699e-41,5.546199191951193485e-41,-4.911831377151348797e-41,6.236058425938300929e-41,-4.907627481758374346e-41,-5.091057450738492900e-41,7.111698389053344727e-02,-5.070598493159350571e-41,-1.159229800105094910e-01,5.103540793061256409e-02,2.406385540962219238e-02,1.060293540358543396e-01,1.167859882116317749e-01,9.762768447399139404e-02,3.883272707462310791e-01,8.706821501255035400e-02,9.583165496587753296e-02,1.591155678033828735e-01,1.490018069744110107e-01,1.477577984333038330e-01,1.850519143044948578e-02,-8.059981465339660645e-02,5.553065554426385089e-41,-5.898485625882452497e-41,5.484352633357048035e-02,2.112135887145996094e-01,6.282441405107452374e-41,3.004610240459442139e-01,4.741857573390007019e-02
6.692153215408325195e-02,2.240172177553176880e-01,1.155556528829038143e-03,-5.376922337460755583e-41,9.880025684833526611e-02,-5.193912758019934473e-41,5.023795124450901681e-41,-5.655640602014961698e-41,5.165886788733438132e-41,4.909589299608429090e-41,4.692816361784934998e-02,1.095776855945587158e-01,1.179444891452912032e-40,-5.192325264215469360e-02,7.879315316677093506e-02,-4.913092545769241132e-41,1.071817949414253235e-01,-4.942940203059359736e-41,-1.311593595892190933e-02,6.296454389750700545e-41,5.517872422933578491e-02,-2.950488328933715820e-01,9.773586690425872803e-02,5.918944583461594826e-41,-6.005684958403301003e-41,-5.102407968299523919e-41,-6.000920543624596625e-41,-4.910430078687023980e-41,5.816509665719450698e-41,1.432452499866485596e-01,-4.911410987612051352e-41,4.918697739626540401e-41,1.353342086076736450e-02,1.013321802020072937e-01,4.338096454739570618e-02,5.014546554586357888e-41,1.356836687773466110e-02,1.438918244093656540e-02,1.991352997720241547e-02,1.356611400842666626e-02,5.070598493159350571e-41,1.554693579673767090e-01,4.543182998895645142e-02,-1.987980864942073822e-02,2.878094650804996490e-02,2.960044145584106445e-02,2.231845073401927948e-02,7.318872958421707153e-02,6.474976241588592529e-02,-5.077604985480974656e-41,5.112217057549797638e-41,8.994257450103759766e-02,5.263417161850445400e-41,6.011990801492762679e-41,4.628783464431762695e-02,1.128381416201591492e-01,-7.377336919307708740e-02,-4.465123265981674194e-02,1.069133803248405457e-01,5.358845587270965443e-41,4.554835706949234009e-02,5.461841024398839497e-41,3.757951781153678894e-02,5.771527985014624070e-41,1.669016852974891663e-02,5.211288858977562205e-41,-5.297328584687105973e-41,5.858854204416275024e-02,-5.064993299302051303e-41,5.246881839971412559e-41,6.098871306280901338e-41,4.961297212942014840e-41,4.916775226593017578e-02,2.963003516197204590e-02,1.271030008792877197e-01,-5.005017725028949132e-41,9.066009521484375000e-02,4.916035272544323248e-41,2.524560131132602692e-02,2.379390783607959747e-02,1.332125067710876465e-01,6.151493638753890991e-03,3.848785758018493652e-01,8.904560655355453491e-02,8.902890235185623169e-02,1.567347645759582520e-01,1.529320925474166870e-01,-4.531138017773628235e-02,5.830039456486701965e-02,3.277141228318214417e-02,5.957432836294174194e-02,5.575587227940559387e-02,-3.187015280127525330e-02,-1.491659134626388550e-01,-1.090254858136177063e-01,3.014019727706909180e-01,4.811686649918556213e-02
-5.181160941994578638e-41,6.259319980446092892e-41,9.029073268175125122e-02,4.907066962372644419e-41,-6.108400135838310094e-41,4.910990598072753907e-41,2.241233177483081818e-02,-6.204529210490992545e-41,-5.326144769787788391e-02,3.489852696657180786e-02,5.557549709512224503e-41,5.599168273902671570e-41,5.461841024398839497e-41,5.744062535113857655e-41,-6.232415049931056405e-41,5.004036816103921760e-41,4.919958908244432736e-41,-5.375380909149998284e-41,-5.031227692961692810e-02,-5.094700826745737425e-41,2.297602780163288116e-02,4.878277331590652466e-02,-5.425407264326394253e-41,-6.183229473833255325e-41,-5.424005965862069436e-41,-4.920519427630162663e-41,4.907907741451239309e-41,-1.015633100973340917e-40,-5.132816144975372449e-41,5.105911214460335961e-41,4.976571366203155346e-41,-6.105597538909660460e-41,-4.908188001144104273e-41,-5.661245795872260967e-41,4.503621906042098999e-02,-4.907907741451239309e-41,5.840051479920107625e-41,4.915614883005025803e-41,-4.994648116392945486e-41,-5.883912121853474399e-41,-4.960036044324122504e-41,1.903173774480819702e-01,5.055044080205345102e-41,-5.166307178272735577e-41,-5.166727567812033022e-41,5.800674993072580265e-41,5.420782979394122357e-41,-4.915614883005025803e-41,6.108377128839492798e-02,-4.915334623312160840e-41,6.472106277942657471e-02,4.949105916302388931e-41,-5.698660464869733582e-41,4.907907741451239309e-41,5.050980314658803132e-41,5.891759393253693375e-41,3.734754398465156555e-02,1.047536656260490417e-01,5.074942518398757504e-41,5.525740234372051156e-41,5.075923427323784876e-41,-5.229645868860217309e-41,4.934532412273410834e-41,-4.966201757567151699e-41,6.130961041113939649e-41,-5.156918478561759303e-41,-4.994227726853648041e-41,-5.279391964343748315e-41,1.025277003645896912e-02,1.745229400694370270e-02,2.769274051167989992e-40,5.343991823549122382e-41,-4.934112022734113388e-41,4.968583964956503888e-41,-4.920519427630162663e-41,4.969284614188666297e-41,-5.916141986532945192e-41,-5.144867311768565876e-41,5.123707704957261138e-41,9.656722098588943481e-02,9.334972500801086426e-02,-5.194613407252096882e-41,5.100025760910171730e-41,5.233989894099624242e-41,-6.256517383517443258e-41,-5.140803546222023906e-41,1.631128489971160889e-01,2.294011861085891724e-01,1.254814416170120239e-01,5.012864996429168108e-41,5.054063171280317730e-41,5.245340411660655260e-41,4.982877209292617022e-41,1.978557854890823364e-01,7.920370250940322876e-02,-2.797529995441436768e-01,4.906506442986914492e-41
7.154207676649093628e-02,-2.007871270179748535e-01,6.273753354628638508e-41,-4.907627481758374346e-41,5.459178557316622345e-41,5.872701734138875863e-41,-2.510958692254353213e-40,6.034551706768392234e-41,-5.039209407558474669e-41,5.566237759991038369e-41,-5.387572205789624193e-41,-5.769426037318136844e-41,-5.206384314352425345e-41,-5.247833579778671265e-02,-5.741540197878072985e-41,6.048985080950937850e-41,-4.906366313140482010e-41,-5.333482085066686254e-41,7.019995152950286865e-02,-4.917436571008648065e-41,2.885994501411914825e-02,-6.334175169467926025e-02,4.924443063330272151e-41,5.759476818221430643e-41,-5.865975501510116741e-41,5.117682121560664425e-41,4.934392282426978352e-41,-5.237773399953301248e-41,5.015667593357817742e-41,5.857567710724167838e-41,-5.788904085972251802e-41,5.196014705716421699e-41,1.615002937614917755e-02,1.061971858143806458e-01,4.297618940472602844e-02,5.946830422901658686e-41,5.256410669528821315e-41,6.129419612803182350e-41,-4.920379297783730181e-41,5.814968237408693399e-41,4.941258644902169955e-41,1.222406253218650818e-01,4.947284228298766669e-41,6.018857163967954283e-41,5.043413302951449120e-41,-5.270283524325637004e-41,5.143325883457808577e-41,4.924162803637407187e-41,6.279919296503067017e-02,5.509345042339450796e-41,5.053502651894587803e-41,5.162944061958356016e-41,-5.190129252166257467e-41,5.336845201381065815e-41,5.122312530875205994e-02,4.939296827052115212e-41,-3.426933288574218750e-02,1.193310320377349854e-02,4.653493687510490417e-02,-5.092739008895682681e-41,5.038368628479879779e-41,4.973068120042343303e-41,3.707501664757728577e-02,-5.660405016793666076e-41,4.929908127341138937e-41,-4.910009689147726535e-41,5.063592000837726486e-41,5.220257169149241034e-41,-5.137160170214779382e-41,6.197102328630071014e-41,-5.125389263114450919e-41,5.026177331840253870e-41,-3.499645739793777466e-02,3.129931911826133728e-02,5.022253696140144382e-41,-1.198978992045599982e-40,-6.072386765305162295e-41,-6.059915208972671423e-41,2.706542797386646271e-02,-6.281880885721722447e-41,3.642691671848297119e-02,3.533214330673217773e-02,3.507208526134490967e-01,9.179997444152832031e-02,-9.206991642713546753e-03,9.723275899887084961e-02,6.571105122566223145e-02,-3.524033352732658386e-02,2.078824304044246674e-02,1.392517685890197754e-01,-2.115306816995143890e-02,-2.374838665127754211e-02,-5.174014319826522071e-41,4.716125875711441040e-02,5.887275238167853960e-41,3.041820526123046875e-01,-5.053222392201722839e-41
4.944527521729469299e-02,-1.261551231145858765e-01,1.543114706873893738e-02,2.318519167602062225e-02,-1.162785198539495468e-02,1.063165720552206039e-03,-2.724104095250368118e-03,4.052353557199239731e-03,2.541347406804561615e-02,6.631776224821805954e-03,2.498132139444351196e-01,3.496101498603820801e-01,8.726628869771957397e-02,1.190834399312734604e-02,-1.005991920828819275e-02,9.707971476018428802e-03,2.307327277958393097e-02,3.672457486391067505e-02,5.628418922424316406e-02,-7.501828949898481369e-03,1.553576625883579254e-02,2.358236908912658691e-01,1.127317100763320923e-01,1.409925869666039944e-03,3.812912106513977051e-02,6.417327094823122025e-03,2.262289449572563171e-02,7.310997694730758667e-03,8.512360043823719025e-03,2.086565792560577393e-01,-1.451878342777490616e-02,2.133553475141525269e-02,5.973316729068756104e-03,9.040139615535736084e-02,3.679944947361946106e-02,3.560963552445173264e-03,5.557625554502010345e-03,5.452068988233804703e-03,5.146470852196216583e-03,5.545948632061481476e-03,6.785777956247329712e-02,3.874665498733520508e-01,1.981258392333984375e-02,1.867334842681884766e-01,5.540234502404928207e-03,1.450762525200843811e-02,5.028634797781705856e-03,5.190959572792053223e-02,5.081599205732345581e-02,2.800037339329719543e-02,-3.444616217166185379e-03,2.554631531238555908e-01,-7.296602707356214523e-03,2.666378626599907875e-03,-8.761963108554482460e-04,1.033533588051795959e-01,7.701450586318969727e-02,2.576633542776107788e-02,3.730547428131103516e-02,-5.572157911956310272e-03,2.152879536151885986e-01,-7.176428288221359253e-02,6.520507158711552620e-04,2.943229302763938904e-02,5.063939094543457031e-02,7.060640957206487656e-03,6.559070199728012085e-02,-8.512842655181884766e-02,2.962218131870031357e-03,1.813999563455581665e-02,-4.570741206407546997e-02,5.233239382505416870e-03,-1.122085959650576115e-03,1.815511379390954971e-03,2.259912341833114624e-02,7.116493303328752518e-03,2.895141541957855225e-01,2.012381888926029205e-02,-1.644215360283851624e-02,2.229880690574645996e-01,8.348910510540008545e-02,6.273220479488372803e-02,2.700639963150024414e-01,2.011236548423767090e-02,8.743058890104293823e-02,-1.205614358186721802e-01,3.273904621601104736e-01,4.002680480480194092e-01,1.101615875959396362e-01,-8.018091320991516113e-02,-2.899423474445939064e-03,-2.761570271104574203e-03,3.117283061146736145e-02,2.413160353899002075e-01,4.747300967574119568e-02,2.839929759502410889e-01,2.524970285594463348e-02
-2.205870747566223145e-01,-1.879698336124420166e-01,1.543114706873893738e-02,1.872641220688819885e-02,-1.162785198539495468e-02,1.063165720552206039e-03,3.407759824767708778e-03,4.047133959829807281e-03,2.777522196993231773e-03,1.544707105495035648e-03,4.462468996644020081e-02,1.092184484004974365e-01,6.982658058404922485e-03,1.214411924593150616e-03,2.609316632151603699e-02,7.778156548738479614e-03,2.307327277958393097e-02,8.815151639282703400e-03,1.006854418665170670e-02,-5.038783419877290726e-03,8.714863099157810211e-03,-2.128296047449111938e-01,3.421357646584510803e-02,1.409925869666039944e-03,3.606250742450356483e-03,2.322109183296561241e-03,3.892173292115330696e-03,5.051109008491039276e-03,-3.057961352169513702e-03,3.492038697004318237e-02,4.702717415057122707e-04,2.164382953196763992e-03,8.491274900734424591e-03,-1.800889670848846436e-01,8.276114612817764282e-02,3.560963552445173264e-03,5.062365438789129257e-03,4.567079711705446243e-03,4.069636575877666473e-03,4.702067002654075623e-03,1.822258159518241882e-02,1.352180987596511841e-01,7.716763298958539963e-03,-2.082840949296951294e-01,2.473563421517610550e-03,9.188944473862648010e-03,3.640709910541772842e-03,3.482635319232940674e-02,7.755919825285673141e-03,2.800037339329719543e-02,-3.444616217166185379e-03,3.391861170530319214e-02,-2.377872588112950325e-03,-8.176495612133294344e-05,-8.761963108554482460e-04,1.448232028633356094e-02,1.291847676038742065e-01,2.021514624357223511e-02,-4.236161708831787109e-02,2.687564585357904434e-03,2.789937332272529602e-02,2.425772696733474731e-02,6.520507158711552620e-04,3.749109059572219849e-02,4.054731689393520355e-03,9.579684701748192310e-04,2.298860251903533936e-02,2.006419003009796143e-02,8.605518378317356110e-03,4.569024778902530670e-03,1.004371326416730881e-02,4.159068688750267029e-03,-1.122085959650576115e-03,1.815511379390954971e-03,4.428759217262268066e-02,7.408155594021081924e-03,5.889261513948440552e-02,5.665476899594068527e-03,5.591423716396093369e-03,-1.684670895338058472e-01,3.046670258045196533e-01,1.123419031500816345e-02,9.050416946411132812e-02,2.535844594240188599e-02,1.940148696303367615e-02,2.475603297352790833e-02,-1.239410936832427979e-01,1.662363409996032715e-01,1.293403953313827515e-01,-2.064450532197952271e-01,-2.899423474445939064e-03,-2.761570271104574203e-03,1.412215270102024078e-02,3.167189359664916992e-01,7.126775104552507401e-03,5.099439993500709534e-02,8.147691376507282257e-03
4.188074916601181030e-02,-1.799340546131134033e-01,3.989154472947120667e-02,1.614833623170852661e-02,-1.162785198539495468e-02,1.063165720552206039e-03,4.893394652754068375e-03,4.047133959829807281e-03,-2.491274615749716759e-03,5.631965119391679764e-03,2.716173529624938965e-01,3.434212505817413330e-01,6.800656765699386597e-02,9.809724055230617523e-03,4.851920157670974731e-02,7.778156548738479614e-03,2.307327277958393097e-02,-3.999093174934387207e-02,6.661044806241989136e-02,-7.474344968795776367e-02,1.981333270668983459e-02,2.258715629577636719e-01,9.855516999959945679e-02,-2.667474560439586639e-03,5.777448415756225586e-03,8.950774557888507843e-03,6.682596635073423386e-03,8.748880587518215179e-03,-1.976693049073219299e-03,1.792666316032409668e-01,1.461807987652719021e-04,8.536218665540218353e-03,5.825209897011518478e-03,8.041183650493621826e-02,3.543759137392044067e-02,3.560963552445173264e-03,5.430306307971477509e-03,5.305477883666753769e-03,5.151393357664346695e-03,5.396766588091850281e-03,-8.215843141078948975e-02,3.356184363365173340e-01,-2.458554320037364960e-02,1.657125353813171387e-01,4.999705590307712555e-03,2.570464275777339935e-03,4.765307996422052383e-03,4.804817214608192444e-02,4.312434419989585876e-02,3.203772008419036865e-02,-4.549024160951375961e-03,-1.993441134691238403e-01,-6.442281417548656464e-03,-8.176495612133294344e-05,-8.761963108554482460e-04,-4.684203863143920898e-02,8.091981709003448486e-02,3.259174525737762451e-02,3.581708669662475586e-02,-4.041822161525487900e-03,-1.658208668231964111e-01,2.360581159591674805e-01,6.520507158711552620e-04,4.392006620764732361e-02,1.071465574204921722e-02,5.594180431216955185e-03,2.367856912314891815e-02,-1.723663136363029480e-02,1.199714001268148422e-02,1.607852987945079803e-02,1.986320503056049347e-02,4.159068688750267029e-03,-1.122085959650576115e-03,1.815511379390954971e-03,2.769909203052520752e-01,2.947290986776351929e-02,2.869358062744140625e-01,1.747811585664749146e-02,-5.094449035823345184e-03,2.531590461730957031e-01,1.849448233842849731e-01,1.231797412037849426e-02,-6.415944546461105347e-02,2.122789621353149414e-02,-1.362653374671936035e-01,7.179013639688491821e-02,3.049585223197937012e-01,3.909608423709869385e-01,1.403959095478057861e-01,4.105858504772186279e-02,-2.899423474445939064e-03,-2.761570271104574203e-03,2.731872908771038055e-02,3.223621547222137451e-01,1.159784849733114243e-02,2.899260818958282471e-01,2.138345316052436829e-02
-5.902684852480888367e-02,2.897694706916809082e-01,2.880514413118362427e-02,2.148009277880191803e-02,1.665067076683044434e-01,1.063165720552206039e-03,4.913509823381900787e-03,4.005331080406904221e-03,2.777522196993231773e-03,1.544707105495035648e-03,2.821621000766754150e-01,3.484387695789337158e-01,1.117822621017694473e-02,-9.576430544257164001e-03,4.863051325082778931e-02,9.269313886761665344e-03,2.307327277958393097e-02,7.058684527873992920e-02,4.972474649548530579e-02,-1.324873268604278564e-01,-4.162438213825225830e-03,1.028527766466140747e-01,9.909209609031677246e-02,1.409925869666039944e-03,-4.109982028603553772e-02,2.322109183296561241e-03,1.068161707371473312e-02,5.051109008491039276e-03,-3.840377181768417358e-02,2.587339282035827637e-01,-1.273239217698574066e-02,-1.163277542218565941e-03,5.832244642078876495e-03,2.893665991723537445e-02,3.553735837340354919e-02,6.033667363226413727e-03,5.435858853161334991e-03,5.312509834766387939e-03,5.150725599378347397e-03,5.403792019933462143e-03,6.230823323130607605e-02,3.580094575881958008e-01,1.880560629069805145e-02,-6.085596606135368347e-02,5.010877735912799835e-03,1.335189957171678543e-02,4.772032145410776138e-03,3.248979523777961731e-02,-7.470428198575973511e-02,5.962523818016052246e-02,-3.444616217166185379e-03,2.260961979627609253e-01,-1.381696481257677078e-02,2.362629631534218788e-03,-1.949136843904852867e-03,8.676855266094207764e-02,2.061346732079982758e-02,4.485263675451278687e-02,2.617371454834938049e-02,-2.683257684111595154e-02,2.035492509603500366e-01,-2.364893443882465363e-02,1.894145621918141842e-03,7.603648304939270020e-02,1.073620561510324478e-02,5.657283123582601547e-03,5.817664042115211487e-02,3.204735741019248962e-02,8.605518378317356110e-03,4.569024778902530670e-03,1.004371326416730881e-02,2.629536902531981468e-03,1.880602794699370861e-04,2.899820683524012566e-03,2.697365581989288330e-01,2.957180514931678772e-02,2.873749434947967529e-01,1.802079379558563232e-02,1.399887818843126297e-02,2.281633913516998291e-01,1.903577148914337158e-01,-2.927919151261448860e-03,-1.489593088626861572e-01,6.823441386222839355e-02,8.735965006053447723e-03,1.935091167688369751e-01,3.462068438529968262e-01,2.973473668098449707e-01,1.324994117021560669e-01,1.259483490139245987e-02,-3.494546748697757721e-03,-1.631742459721863270e-03,4.441027063876390457e-03,1.641501337289810181e-01,3.329290822148323059e-02,-1.896200776100158691e-01,2.152956835925579071e-02
5.489740520715713501e-02,2.934498488903045654e-01,3.353784605860710144e-02,2.455504611134529114e-02,-1.162785198539495468e-02,1.063165720552206039e-03,5.721186287701129913e-03,4.107239190489053726e-03,2.904371172189712524e-02,7.865167222917079926e-03,2.811492681503295898e-01,3.497878611087799072e-01,1.639763824641704559e-02,-1.258044410496950150e-02,5.861767753958702087e-02,1.008039433509111404e-02,2.307327277958393097e-02,1.696825325489044189e-01,6.135168299078941345e-02,1.113015934824943542e-01,1.714662276208400726e-02,2.564439773559570312e-01,1.303868740797042847e-01,-4.880448337644338608e-03,2.474998682737350464e-02,2.322109183296561241e-03,1.435974985361099243e-02,5.051109008491039276e-03,-3.057961352169513702e-03,4.253396391868591309e-02,3.038975782692432404e-02,-5.058096721768379211e-04,6.092379800975322723e-03,1.045889705419540405e-01,3.792039677500724792e-02,3.560963552445173264e-03,5.689610727131366730e-03,5.566293839365243912e-03,5.251218099147081375e-03,5.669292993843555450e-03,7.300272583961486816e-02,3.857547044754028320e-01,2.261238172650337219e-02,2.038616389036178589e-01,6.414671894162893295e-03,1.560405548661947250e-02,5.441992543637752533e-03,5.502204224467277527e-02,5.641496926546096802e-02,2.800037339329719543e-02,-3.444616217166185379e-03,1.612904965877532959e-01,2.209287136793136597e-03,3.565219696611166000e-03,-8.761963108554482460e-04,2.144449204206466675e-02,2.039147354662418365e-02,2.670000120997428894e-02,3.832083940505981445e-02,5.095074698328971863e-02,8.317549526691436768e-02,2.425772696733474731e-02,6.520507158711552620e-04,5.594703927636146545e-02,1.413233950734138489e-02,7.575262337923049927e-03,7.131291180849075317e-02,3.814458847045898438e-02,2.096974989399313927e-03,2.181364223361015320e-02,6.292792409658432007e-02,1.828451873734593391e-03,-1.122085959650576115e-03,1.815511379390954971e-03,2.566152215003967285e-01,7.408155594021081924e-03,2.830388844013214111e-01,5.665476899594068527e-03,1.701854355633258820e-02,2.654555737972259521e-01,2.145308256149291992e-01,9.098453819751739502e-02,3.281730711460113525e-01,1.898771524429321289e-02,7.565541658550500870e-03,1.936095356941223145e-01,3.399190008640289307e-01,3.981557488441467285e-01,4.567289724946022034e-02,1.896931529045104980e-01,-2.899423474445939064e-03,-2.761570271104574203e-03,3.429874032735824585e-02,3.013432621955871582e-01,5.374619364738464355e-02,7.528901845216751099e-02,2.835497632622718811e-02
5.045258626341819763e-02,2.921076118946075439e-01,3.229166613891720772e-03,2.113573439419269562e-02,-1.162785198539495468e-02,-6.579830660484731197e-04,5.421231500804424286e-03,4.060803446918725967e-03,1.566318422555923462e-02,6.878943648189306259e-03,1.161828860640525818e-01,9.411995857954025269e-02,-1.628719829022884369e-02,2.926749736070632935e-02,5.314192175865173340e-02,9.776855818927288055e-03,4.520458355545997620e-02,7.932393252849578857e-02,6.492514908313751221e-02,1.586360037326812744e-01,2.169505879282951355e-02,2.399110645055770874e-01,1.153986379504203796e-01,1.409925869666039944e-03,2.455596439540386200e-02,1.048725191503763199e-02,1.605263352394104004e-02,-1.465198700316250324e-03,-8.712278679013252258e-03,-5.053115263581275940e-02,4.789082333445549011e-02,-1.873218454420566559e-03,5.994922481477260590e-03,-3.248187899589538574e-02,3.691628202795982361e-02,3.560963552445173264e-03,5.578726530075073242e-03,5.473126191645860672e-03,5.152589175850152969e-03,5.568016320466995239e-03,-4.152440652251243591e-02,3.696803748607635498e-01,-3.386640548706054688e-02,2.127824127674102783e-01,2.473563421517610550e-03,1.475211139768362045e-02,3.640709910541772842e-03,3.482635319232940674e-02,5.185513198375701904e-02,2.800037339329719543e-02,-3.444616217166185379e-03,2.702282071113586426e-01,-9.008388034999370575e-03,-2.942254766821861267e-03,-8.761963108554482460e-04,-3.351612016558647156e-02,1.132128983736038208e-01,5.523563548922538757e-02,3.021575324237346649e-02,4.625981301069259644e-02,7.865052670240402222e-02,2.020478695631027222e-01,6.520507158711552620e-04,8.378373086452484131e-02,2.718112058937549591e-02,9.579684701748192310e-04,2.298860251903533936e-02,4.042683914303779602e-02,1.346457051113247871e-03,8.632133714854717255e-03,1.004371326416730881e-02,2.122381934896111488e-03,-1.122085959650576115e-03,1.815511379390954971e-03,2.743999361991882324e-01,2.002944611012935638e-02,2.746981680393218994e-01,5.665476899594068527e-03,1.632525958120822906e-02,2.825249135494232178e-01,2.064542770385742188e-01,-8.507775142788887024e-03,-1.534202843904495239e-01,1.987267844378948212e-02,-6.271137297153472900e-02,-2.390133030712604523e-02,3.314044177532196045e-01,4.045231640338897705e-01,2.227029204368591309e-01,-1.787825673818588257e-01,-2.899423474445939064e-03,-2.761570271104574203e-03,3.179010748863220215e-02,3.184940516948699951e-01,4.863142967224121094e-02,2.897521257400512695e-01,2.586476318538188934e-02
-4.765174910426139832e-02,1.166246384382247925e-01,1.657570526003837585e-02,2.181536704301834106e-02,-1.004309356212615967e-01,2.120349556207656860e-03,-6.132249254733324051e-04,3.952235449105501175e-03,-1.277971779927611351e-03,-4.412168171256780624e-03,-1.757804006338119507e-01,9.577637165784835815e-02,6.273696664720773697e-03,-5.392346065491437912e-03,2.250905893743038177e-02,8.891331031918525696e-03,3.778979182243347168e-02,-2.104212157428264618e-02,2.640381827950477600e-02,-2.134864330291748047e-01,6.136336829513311386e-03,-1.488008648157119751e-01,8.778144419193267822e-02,-2.128065796568989754e-03,-1.559943426400423050e-02,-9.073635563254356384e-03,-1.965467259287834167e-02,2.517193090170621872e-03,-5.800613760948181152e-02,1.091349720954895020e-01,-3.870001807808876038e-02,-1.219021156430244446e-02,5.635588895529508591e-03,-5.397545173764228821e-02,3.264630958437919617e-02,-1.376779656857252121e-02,5.291694775223731995e-03,5.114323459565639496e-03,5.126586183905601501e-03,2.970607019960880280e-03,-2.450871467590332031e-02,3.814323544502258301e-01,1.639872603118419647e-02,1.371753364801406860e-01,-1.674554659985005856e-03,1.291345339268445969e-02,2.786818949971348047e-04,3.254091367125511169e-02,3.386439755558967590e-02,3.062324412167072296e-02,-4.524183459579944611e-03,-1.289341598749160767e-01,-1.302339369431138039e-03,1.880911877378821373e-03,-1.958776265382766724e-03,1.825358904898166656e-02,9.126747399568557739e-02,-2.573701553046703339e-03,1.957970671355724335e-02,2.831489779055118561e-02,1.782289594411849976e-01,-1.080629453063011169e-01,1.725588226690888405e-03,4.116252437233924866e-02,-2.818165160715579987e-02,4.974787123501300812e-03,2.542346343398094177e-02,-3.698370978236198425e-02,1.113237347453832626e-02,1.458389963954687119e-02,-5.386830307543277740e-03,8.158395998179912567e-03,-2.191512379795312881e-03,6.722050602547824383e-04,2.408273071050643921e-01,-1.138377469033002853e-02,2.261915653944015503e-01,-1.290525775402784348e-03,1.554910442791879177e-03,1.411249041557312012e-01,1.477282792329788208e-01,3.463274613022804260e-02,1.939298808574676514e-01,5.774801969528198242e-02,6.914752721786499023e-02,-4.828241467475891113e-02,2.444033175706863403e-01,-2.394679002463817596e-02,2.193604409694671631e-01,1.240302324295043945e-01,-3.312106244266033173e-03,-1.684531220234930515e-03,2.529888786375522614e-02,2.762341499328613281e-01,-1.770245097577571869e-02,2.871253490447998047e-01,-2.576081082224845886e-02
3.341766446828842163e-02,2.866381108760833740e-01,-5.596464034169912338e-03,2.200886979699134827e-02,6.324577331542968750e-02,1.063165720552206039e-03,4.551355261355638504e-03,3.958552144467830658e-03,-8.600251749157905579e-03,-4.619235172867774963e-03,3.137579187750816345e-02,3.389119803905487061e-01,1.091681700199842453e-02,-7.166409865021705627e-03,4.619692265987396240e-02,8.916218765079975128e-03,3.851069882512092590e-02,-6.577329337596893311e-02,6.504940241575241089e-02,-1.830028593540191650e-01,2.116741053760051727e-02,1.877340376377105713e-01,8.889038860797882080e-02,1.409925869666039944e-03,-5.833181552588939667e-03,-9.239676408469676971e-03,-2.743053482845425606e-03,2.470216713845729828e-03,-4.894630238413810730e-02,2.398644387722015381e-01,1.551705063320696354e-03,-4.991604946553707123e-03,3.045718651264905930e-03,-5.175241455435752869e-02,3.290644288063049316e-02,5.728993564844131470e-03,5.309106316417455673e-03,5.139819812029600143e-03,5.136398132890462875e-03,5.233724601566791534e-03,5.375379323959350586e-02,3.721579313278198242e-01,-1.080156653188169003e-03,9.758257120847702026e-02,4.674791358411312103e-03,3.315488342195749283e-03,4.714975133538246155e-03,3.255412727594375610e-02,-5.691881477832794189e-02,3.900285810232162476e-02,-4.521255847066640854e-03,1.030469536781311035e-01,-1.250396016985177994e-02,-2.127190586179494858e-03,-1.960516208782792091e-03,1.867009326815605164e-02,5.886767804622650146e-02,5.705206654965877533e-03,2.874258905649185181e-02,-3.488349262624979019e-03,2.203361839056015015e-01,-1.602702289819717407e-01,-6.071061361581087112e-04,6.687334924936294556e-02,1.008148491382598877e-02,-4.548667464405298233e-03,4.969343543052673340e-02,1.604048535227775574e-02,9.644663892686367035e-03,7.207137532532215118e-03,1.004371326416730881e-02,3.005867125466465950e-03,-2.198428148403763771e-03,2.850573742762207985e-03,1.099307090044021606e-01,7.301423233002424240e-03,2.679157555103302002e-01,-2.148409839719533920e-03,1.225873921066522598e-02,8.294437825679779053e-02,1.399317830801010132e-01,-4.069574922323226929e-02,3.259661197662353516e-01,-1.342436205595731735e-02,1.510541047900915146e-02,5.332317575812339783e-02,2.699793875217437744e-01,3.461127281188964844e-01,9.565383940935134888e-02,-4.395537823438644409e-02,-1.815058058127760887e-03,-3.370807971805334091e-03,6.990202236920595169e-03,2.883774042129516602e-01,3.219769522547721863e-02,2.854615151882171631e-01,-2.723428234457969666e-02
-6.369821727275848389e-02,2.905958294868469238e-01,4.189782589673995972e-02,2.085795253515243530e-02,-1.162785198539495468e-02,1.063165720552206039e-03,5.078057292848825455e-03,4.047133959829807281e-03,2.417772077023983002e-02,5.862256977707147598e-03,2.789586484432220459e-01,3.411110639572143555e-01,1.533682197332382202e-01,1.081328745931386948e-02,4.967253655195236206e-02,7.778156548738479614e-03,2.307327277958393097e-02,3.332468494772911072e-02,-3.893251344561576843e-02,2.147357463836669922e-01,2.013404294848442078e-02,2.597785890102386475e-01,1.036802083253860474e-01,4.277727100998163223e-03,6.141716986894607544e-02,9.206822142004966736e-03,-1.345957722514867783e-02,9.021500125527381897e-03,8.029516786336898804e-03,3.422788903117179871e-02,2.304281853139400482e-02,1.913896016776561737e-02,5.886794067919254303e-03,8.388815075159072876e-02,3.618747368454933167e-02,3.560963552445173264e-03,5.480322986841201782e-03,5.366827361285686493e-03,5.144977476447820663e-03,5.458433181047439575e-03,6.457467377185821533e-02,1.914331167936325073e-01,1.908736675977706909e-02,1.745633929967880249e-01,-3.799346275627613068e-03,1.365241687744855881e-02,4.842454101890325546e-03,4.948836937546730042e-02,4.642010480165481567e-02,-1.499422593042254448e-03,-4.609594587236642838e-03,-3.259066492319107056e-02,-6.609091535210609436e-03,-8.176495612133294344e-05,-8.761963108554482460e-04,9.252930432558059692e-02,8.326446264982223511e-02,-1.669132267124950886e-03,3.662678971886634827e-02,4.068692401051521301e-02,2.106008231639862061e-01,2.390445172786712646e-01,6.520507158711552620e-04,7.882431149482727051e-02,1.101395301520824432e-02,6.211891304701566696e-03,6.111538782715797424e-02,8.283807337284088135e-02,1.240672264248132706e-02,1.662374846637248993e-02,2.128476835787296295e-02,4.159068688750267029e-03,-1.122085959650576115e-03,1.815511379390954971e-03,2.779802978038787842e-01,3.047684580087661743e-02,2.983466088771820068e-01,-1.589156314730644226e-02,9.642877615988254547e-03,1.857556104660034180e-01,8.597621321678161621e-02,1.431628596037626266e-02,3.305519521236419678e-01,7.062710076570510864e-02,8.068001270294189453e-02,1.773810237646102905e-01,3.437270522117614746e-01,4.078477323055267334e-01,1.488325595855712891e-01,3.556647151708602905e-02,-2.899423474445939064e-03,-2.761570271104574203e-03,2.875237166881561279e-02,1.985219717025756836e-01,7.762527675367891788e-04,-4.857048392295837402e-02,2.282756194472312927e-02
5.637595895677804947e-03,5.859605595469474792e-02,1.543114706873893738e-02,1.872641220688819885e-02,-1.162785198539495468e-02,1.063165720552206039e-03,3.407759824767708778e-03,4.047133959829807281e-03,2.777522196993231773e-03,1.544707105495035648e-03,4.462468996644020081e-02,1.092184484004974365e-01,6.982658058404922485e-03,1.214411924593150616e-03,2.609316632151603699e-02,7.778156548738479614e-03,2.307327277958393097e-02,8.815151639282703400e-03,1.006854418665170670e-02,-5.038783419877290726e-03,8.714863099157810211e-03,2.750374563038349152e-02,3.421357646584510803e-02,1.409925869666039944e-03,3.606250742450356483e-03,2.322109183296561241e-03,3.892173292115330696e-03,5.051109008491039276e-03,-3.057961352169513702e-03,3.492038697004318237e-02,4.702717415057122707e-04,2.164382953196763992e-03,5.108649842441082001e-03,2.342375926673412323e-02,2.560073323547840118e-02,3.560963552445173264e-03,5.062365438789129257e-03,4.567079711705446243e-03,4.069636575877666473e-03,4.702067002654075623e-03,1.822258159518241882e-02,-8.762156963348388672e-02,7.716763298958539963e-03,-2.128827869892120361e-01,2.473563421517610550e-03,9.188944473862648010e-03,3.640709910541772842e-03,3.482635319232940674e-02,7.755919825285673141e-03,2.800037339329719543e-02,-3.444616217166185379e-03,3.391861170530319214e-02,-2.377872588112950325e-03,-8.176495612133294344e-05,-8.761963108554482460e-04,1.448232028633356094e-02,3.507051989436149597e-02,2.021514624357223511e-02,2.617371454834938049e-02,2.687564585357904434e-03,2.789937332272529602e-02,2.425772696733474731e-02,6.520507158711552620e-04,3.749109059572219849e-02,4.054731689393520355e-03,9.579684701748192310e-04,2.298860251903533936e-02,2.006419003009796143e-02,8.605518378317356110e-03,4.569024778902530670e-03,1.004371326416730881e-02,4.159068688750267029e-03,-1.122085959650576115e-03,1.815511379390954971e-03,4.428759217262268066e-02,7.408155594021081924e-03,5.889261513948440552e-02,5.665476899594068527e-03,5.591423716396093369e-03,-1.792886853218078613e-01,-1.361735314130783081e-01,1.123419031500816345e-02,9.050416946411132812e-02,2.535844594240188599e-02,1.940148696303367615e-02,2.475603297352790833e-02,-1.259569078683853149e-01,1.662363409996032715e-01,5.191847681999206543e-02,1.259483490139245987e-02,-2.899423474445939064e-03,-2.761570271104574203e-03,1.412215270102024078e-02,8.802422881126403809e-02,7.126775104552507401e-03,5.099439993500709534e-02,8.147691376507282257e-03
-1.450601126998662949e-02,2.920276820659637451e-01,1.543114706873893738e-02,2.112403139472007751e-02,-1.162785198539495468e-02,1.063165720552206039e-03,5.402617622166872025e-03,4.058451857417821884e-03,2.570979483425617218e-02,-7.040004711598157883e-03,1.673096269369125366e-01,3.504765629768371582e-01,8.431029319763183594e-02,-1.058479771018028259e-02,-1.097017806023359299e-02,7.778156548738479614e-03,2.307327277958393097e-02,-3.702581673860549927e-02,-8.192560821771621704e-02,1.155922040343284607e-01,-8.174306713044643402e-03,-1.926595568656921387e-01,1.146523281931877136e-01,-3.793001873418688774e-03,-5.257462337613105774e-02,3.489031223580241203e-04,-3.571591526269912720e-02,-8.132135495543479919e-03,-4.658468812704086304e-02,2.103288322687149048e-01,-4.832962155342102051e-02,-1.869868603534996510e-03,5.989026278257369995e-03,-2.679998427629470825e-02,3.688384592533111572e-02,3.560963552445173264e-03,5.572879686951637268e-03,5.467391107231378555e-03,5.150565411895513535e-03,5.561983678489923477e-03,6.843669712543487549e-02,3.433389216661453247e-02,2.003370039165019989e-02,-1.402371525764465332e-01,5.657487083226442337e-03,1.187847694382071495e-03,5.072809755802154541e-03,5.235842615365982056e-02,-9.695404022932052612e-02,-7.846972905099391937e-03,-3.444616217166185379e-03,-1.863664090633392334e-01,-1.174480840563774109e-02,-2.910285489633679390e-03,-8.761963108554482460e-04,-6.112001836299896240e-02,6.659688800573348999e-02,2.593577094376087189e-02,1.327759865671396255e-02,-5.839583929628133774e-03,2.187711745500564575e-01,-1.809203773736953735e-01,6.520507158711552620e-04,8.353029936552047729e-02,-2.369245700538158417e-02,7.175281178206205368e-03,6.636613607406616211e-02,3.222820162773132324e-02,1.264752633869647980e-02,1.852648891508579254e-02,5.849951133131980896e-02,2.580129541456699371e-03,-1.122085959650576115e-03,1.815511379390954971e-03,2.138817310333251953e-01,-1.802241802215576172e-02,2.827385962009429932e-01,5.665476899594068527e-03,-7.541050435975193977e-04,1.182419061660766602e-02,1.760644316673278809e-01,9.016660600900650024e-02,3.310108482837677002e-01,7.461733371019363403e-02,8.892573416233062744e-02,1.787713766098022461e-01,1.784784942865371704e-01,-5.723482463508844376e-04,6.705065816640853882e-02,-7.140983641147613525e-02,-2.899423474445939064e-03,-2.761570271104574203e-03,3.162268549203872681e-02,3.152614533901214600e-01,1.318412180989980698e-02,2.884087264537811279e-01,2.569804340600967407e-02
3.655233979225158691e-02,2.879383862018585205e-01,3.779625892639160156e-02,1.728620566427707672e-02,-1.162785198539495468e-02,-3.511328031891025603e-05,4.651979077607393265e-03,3.975331317633390427e-03,-1.577205723151564598e-03,-4.933150950819253922e-03,2.344988733530044556e-01,3.325085937976837158e-01,6.594657897949218750e-02,7.895129732787609100e-03,4.718354716897010803e-02,9.012970142066478729e-03,4.036104306578636169e-02,7.838145643472671509e-02,1.917676255106925964e-02,-3.837669640779495239e-02,2.190021565183997154e-03,1.665002256631851196e-01,9.210927784442901611e-02,-2.580876927822828293e-03,2.899256907403469086e-02,1.202425081282854080e-02,2.078608237206935883e-02,9.612101130187511444e-03,6.305392365902662277e-03,-7.163438946008682251e-02,-1.081136893481016159e-02,-5.408221040852367878e-04,5.725396797060966492e-03,2.791062742471694946e-02,3.382520750164985657e-02,3.560963552445173264e-03,5.355067551136016846e-03,5.205203779041767120e-03,5.151324439793825150e-03,5.297592375427484512e-03,8.971044421195983887e-02,3.595466911792755127e-01,1.785380207002162933e-02,1.238883286714553833e-01,4.828915465623140335e-03,1.321738120168447495e-02,4.715969320386648178e-03,4.659233987331390381e-02,3.788153827190399170e-02,3.936019539833068848e-02,-4.517678637057542801e-03,2.245638817548751831e-01,1.260071806609630585e-02,-8.176495612133294344e-05,-8.761963108554482460e-04,7.758854329586029053e-02,9.661722183227539062e-02,-6.509816646575927734e-02,4.743086546659469604e-02,3.216968104243278503e-02,4.929373785853385925e-02,7.602633535861968994e-02,6.520507158711552620e-04,7.025787979364395142e-02,1.046976726502180099e-02,5.052736029028892517e-03,2.482561208307743073e-02,7.820360362529754639e-02,1.136765442788600922e-02,5.413489416241645813e-04,1.772875152528285980e-02,1.802849583327770233e-03,-1.122085959650576115e-03,1.815511379390954971e-03,2.474207431077957153e-01,2.816304191946983337e-02,2.960153520107269287e-01,-2.371695591136813164e-03,1.431428827345371246e-03,1.177101209759712219e-01,1.465875655412673950e-01,5.275389552116394043e-02,3.297182917594909668e-01,6.280811876058578491e-02,7.254631072282791138e-02,1.410108059644699097e-01,1.240576356649398804e-01,4.026913642883300781e-01,1.414198726415634155e-01,1.381953656673431396e-01,-2.899423474445939064e-03,-2.761570271104574203e-03,2.587680518627166748e-02,8.399323374032974243e-02,3.464550152420997620e-02,-1.100121811032295227e-01,1.991973258554935455e-02
-6.786434352397918701e-02,2.519494891166687012e-01,4.361894726753234863e-02,2.099033072590827942e-02,-1.162785198539495468e-02,1.063165720552206039e-03,5.210105329751968384e-03,3.426913870498538017e-03,-1.335753966122865677e-02,6.175159011036157608e-03,2.177349030971527100e-01,3.420931100845336914e-01,-1.535837352275848389e-02,-1.014364883303642273e-02,2.396164834499359131e-02,7.778156548738479614e-03,4.430196434259414673e-02,-7.144178450107574463e-02,5.435127392411231995e-02,-4.101813770830631256e-03,1.535451970994472504e-02,-2.095827087759971619e-02,1.077501401305198669e-01,1.409925869666039944e-03,-3.729284182190895081e-02,1.375777740031480789e-02,-1.228055730462074280e-02,-1.194273121654987335e-03,-4.354356974363327026e-02,1.416373997926712036e-01,-2.440763451159000397e-02,1.311403140425682068e-02,5.928553175181150436e-03,2.971095591783523560e-02,3.653316199779510498e-02,3.560963552445173264e-03,5.516394507139921188e-03,5.408129654824733734e-03,5.142545327544212341e-03,5.500520579516887665e-03,6.622458994388580322e-02,3.533703684806823730e-01,-3.023815527558326721e-02,1.336820274591445923e-01,5.275532603263854980e-03,1.993985380977392197e-03,4.920346662402153015e-03,5.062770843505859375e-02,4.858714342117309570e-02,3.815964609384536743e-02,-3.444616217166185379e-03,1.675512790679931641e-01,-1.474687457084655762e-02,-2.692731097340583801e-03,-8.761963108554482460e-04,9.747622162103652954e-02,-1.182769052684307098e-02,2.527295053005218506e-02,3.012723289430141449e-02,-4.986290819942951202e-03,6.126591935753822327e-02,4.999556019902229309e-02,6.520507158711552620e-04,5.859376862645149231e-02,1.140360813587903976e-02,-5.932370666414499283e-03,-6.231633946299552917e-03,4.787632077932357788e-02,9.683210402727127075e-03,8.589413948357105255e-03,1.004371326416730881e-02,-3.581216733437031507e-04,-1.122085959650576115e-03,1.815511379390954971e-03,1.726729422807693481e-01,7.408155594021081924e-03,2.351406961679458618e-01,9.669382125139236450e-03,1.553966943174600601e-02,2.050755321979522705e-01,1.993517279624938965e-01,1.230966765433549881e-02,3.272473216056823730e-01,2.551003918051719666e-02,8.365502953529357910e-02,1.829972565174102783e-01,2.651499509811401367e-01,4.046370387077331543e-01,1.285684555768966675e-01,-6.434446573257446289e-02,-2.899423474445939064e-03,-2.761570271104574203e-03,2.988997846841812134e-02,-1.296264976263046265e-01,1.259981188923120499e-02,-1.834389418363571167e-01,2.396813035011291504e-02
5.090334266424179077e-02,2.922407686710357666e-01,1.452166959643363953e-02,9.073714725673198700e-03,1.253293454647064209e-02,1.063165720552206039e-03,5.452143959701061249e-03,4.047133959829807281e-03,1.586752943694591522e-02,-7.324743550270795822e-03,3.408582881093025208e-02,3.108712434768676758e-01,-1.471629440784454346e-01,-1.075928006321191788e-02,5.357721447944641113e-02,7.778156548738479614e-03,2.307327277958393097e-02,3.061513975262641907e-02,7.929557561874389648e-02,-1.789908260107040405e-01,2.144004032015800476e-02,2.566487193107604980e-01,1.166746392846107483e-01,1.409925869666039944e-03,-5.581276863813400269e-02,1.065811794251203537e-02,-4.608063772320747375e-02,9.152422659099102020e-03,3.536950098350644112e-03,2.496297061443328857e-01,-5.956855602562427521e-03,9.218511171638965607e-03,6.004743743687868118e-03,9.340465813875198364e-02,-5.300343781709671021e-02,2.206797711551189423e-02,5.588631145656108856e-03,5.482660606503486633e-03,5.156632047146558762e-03,5.578084383159875870e-03,6.902928650379180908e-02,-1.460555568337440491e-02,-4.559142980724573135e-03,9.091595187783241272e-03,5.783746019005775452e-03,1.486125960946083069e-02,5.120197311043739319e-03,5.280098691582679749e-02,5.232041329145431519e-02,2.800037339329719543e-02,-4.854976199567317963e-03,2.140569686889648438e-01,-7.653248030692338943e-03,-8.176495612133294344e-05,-2.052553230896592140e-03,2.007236704230308533e-02,8.764760941267013550e-02,5.225967615842819214e-02,3.747806698083877563e-02,-6.223292555660009384e-03,-3.141223266720771790e-02,2.425772696733474731e-02,2.366447821259498596e-03,2.016525156795978546e-02,-2.443449199199676514e-02,7.272698450833559036e-03,6.713067740201950073e-02,4.516591504216194153e-02,9.678670205175876617e-03,8.645359426736831665e-03,1.004371326416730881e-02,7.818224839866161346e-03,-2.228856552392244339e-03,-3.036585112567991018e-04,-1.462353169918060303e-01,7.408155594021081924e-03,3.996163979172706604e-02,5.665476899594068527e-03,1.010930631309747696e-02,-1.183263286948204041e-01,2.079554349184036255e-01,-3.852325305342674255e-02,3.194752633571624756e-01,7.521880418062210083e-02,9.052325040102005005e-02,-2.812528610229492188e-02,3.473094701766967773e-01,2.184927314519882202e-01,-8.193733543157577515e-02,1.777009814977645874e-01,-3.670623525977134705e-03,-3.709449432790279388e-03,3.206659108400344849e-02,1.655816435813903809e-01,-5.631469562649726868e-02,7.437635213136672974e-02,2.613992244005203247e-02
5.283750966191291809e-02,2.928223907947540283e-01,-1.742849126458168030e-02,2.121730707585811615e-02,-1.162785198539495468e-02,1.063165720552206039e-03,-3.098767250776290894e-03,4.047133959829807281e-03,-1.660876721143722534e-02,7.472643163055181503e-03,2.708409726619720459e-01,3.451169431209564209e-01,-1.042151600122451782e-01,1.244205888360738754e-02,5.576054379343986511e-02,7.778156548738479614e-03,2.307327277958393097e-02,4.474302753806114197e-02,5.935312062501907349e-02,-1.787474602460861206e-01,1.630151271820068359e-02,-1.833908073604106903e-02,1.227802112698554993e-01,1.409925869666039944e-03,2.466102130711078644e-02,-5.407192744314670563e-03,5.192897096276283264e-02,9.337137453258037567e-03,9.388286620378494263e-03,-1.455159336328506470e-01,-1.964011974632740021e-02,1.388302911072969437e-02,6.047587841749191284e-03,9.824772179126739502e-02,3.729461506009101868e-02,3.560963552445173264e-03,5.634639877825975418e-03,5.523919127881526947e-03,5.186819937080144882e-03,5.622316617518663406e-03,7.080300897359848022e-02,-1.727304235100746155e-02,-3.666210174560546875e-02,1.972253769636154175e-01,6.136033684015274048e-03,1.154019701061770320e-04,5.265317857265472412e-03,5.394882708787918091e-02,5.431386455893516541e-02,9.552099555730819702e-02,-3.444616217166185379e-03,-1.977544277906417847e-01,-2.377872588112950325e-03,-8.176495612133294344e-05,-8.761963108554482460e-04,2.116579003632068634e-02,8.959704637527465820e-02,2.107471227645874023e-02,3.776807337999343872e-02,4.879562929272651672e-02,5.119155347347259521e-02,-1.194704249501228333e-01,6.520507158711552620e-04,5.448531731963157654e-02,1.329629123210906982e-02,-7.500382140278816223e-03,-2.016026712954044342e-02,9.386877715587615967e-02,9.686603210866451263e-03,8.785866200923919678e-03,1.004371326416730881e-02,4.159068688750267029e-03,-1.122085959650576115e-03,1.815511379390954971e-03,2.142188102006912231e-01,7.056395057588815689e-03,-1.608090251684188843e-01,5.665476899594068527e-03,1.056266762316226959e-02,2.141614705324172974e-01,1.476340144872665405e-01,6.597227603197097778e-02,3.183561563491821289e-01,7.694632560014724731e-02,9.548588842153549194e-02,8.004973083734512329e-02,4.818766191601753235e-02,4.056019186973571777e-01,1.279693096876144409e-01,6.048584356904029846e-02,-2.899423474445939064e-03,-2.761570271104574203e-03,3.321939706802368164e-02,2.740108966827392578e-01,2.101476566167548299e-04,2.900724411010742188e-01,-4.479194432497024536e-02
4.775434359908103943e-02,2.913298010826110840e-01,1.733808591961860657e-02,2.098979614675045013e-02,-2.089972347021102905e-01,1.063165720552206039e-03,5.240907892584800720e-03,4.047133959829807281e-03,-1.363299973309040070e-02,6.264633033424615860e-03,1.217270940542221069e-01,2.916710376739501953e-01,1.158898510038852692e-02,1.152989920228719711e-02,5.104530230164527893e-02,5.367759615182876587e-03,2.307327277958393097e-02,1.027527973055839539e-01,-3.854866325855255127e-02,8.047286421060562134e-02,-1.375692058354616165e-02,-2.013273388147354126e-01,1.087672561407089233e-01,1.409925869666039944e-03,-2.285925857722759247e-02,-4.380739759653806686e-03,1.519272942095994949e-02,-1.250013592652976513e-03,8.295213803648948669e-03,7.719092071056365967e-02,2.404998056590557098e-02,-1.785241067409515381e-03,5.938208196312189102e-03,8.748359978199005127e-02,3.659727796912193298e-02,-1.915531978011131287e-02,5.525038111954927444e-03,5.417638923972845078e-03,5.142639856785535812e-03,5.510288756340742111e-03,1.417292561382055283e-02,3.859487175941467285e-01,1.943633332848548889e-02,1.818174868822097778e-01,5.323231685906648636e-03,1.412130147218704224e-02,4.941506311297416687e-03,5.090175569057464600e-02,4.907663911581039429e-02,2.800037339329719543e-02,-4.693582653999328613e-03,1.510897874832153320e-01,-6.954118609428405762e-03,-8.176495612133294344e-05,7.026371895335614681e-04,-5.581152811646461487e-02,8.511514216661453247e-02,3.862410783767700195e-02,1.409162580966949463e-02,-5.039451271295547485e-02,2.142071127891540527e-01,2.425772696733474731e-02,2.152308123186230659e-03,5.131524428725242615e-02,1.149213220924139023e-02,-6.001015193760395050e-03,6.381446123123168945e-02,-2.276774123311042786e-02,9.682142175734043121e-03,8.598529733717441559e-03,1.004371326416730881e-02,4.159068688750267029e-03,4.765891353599727154e-04,2.893056720495223999e-03,2.468490600585937500e-01,7.408155594021081924e-03,9.949333965778350830e-03,5.665476899594068527e-03,-4.089912981726229191e-04,8.591147512197494507e-02,1.388775110244750977e-01,-5.719324573874473572e-03,3.080638051033020020e-01,7.268300652503967285e-02,8.441380411386489868e-02,8.505655080080032349e-02,2.015220373868942261e-01,3.353211581707000732e-01,9.783773124217987061e-02,-6.539636105298995972e-02,-3.599952673539519310e-03,-3.647711127996444702e-03,4.764510784298181534e-03,3.100692033767700195e-01,4.556662961840629578e-02,2.894057035446166992e-01,2.424224093556404114e-02
2.088359594345092773e-01,3.005276620388031006e-01,1.543114706873893738e-02,1.872641220688819885e-02,-1.162785198539495468e-02,1.063165720552206039e-03,3.407759824767708778e-03,4.047133959829807281e-03,2.777522196993231773e-03,1.544707105495035648e-03,4.462468996644020081e-02,1.092184484004974365e-01,6.982658058404922485e-03,1.214411924593150616e-03,1.983530521392822266e-01,7.778156548738479614e-03,2.307327277958393097e-02,8.815151639282703400e-03,1.006854418665170670e-02,-5.038783419877290726e-03,8.714863099157810211e-03,2.750374563038349152e-02,3.421357646584510803e-02,1.409925869666039944e-03,3.606250742450356483e-03,2.322109183296561241e-03,3.892173292115330696e-03,5.051109008491039276e-03,-3.057961352169513702e-03,3.492038697004318237e-02,4.702717415057122707e-04,2.164382953196763992e-03,9.143717586994171143e-03,5.792687088251113892e-02,9.305142611265182495e-02,3.560963552445173264e-03,5.062365438789129257e-03,4.567079711705446243e-03,4.069636575877666473e-03,4.702067002654075623e-03,1.822258159518241882e-02,3.929878175258636475e-01,7.716763298958539963e-03,3.451571241021156311e-02,2.473563421517610550e-03,9.188944473862648010e-03,3.640709910541772842e-03,3.482635319232940674e-02,2.091097384691238403e-01,2.800037339329719543e-02,-3.444616217166185379e-03,3.391861170530319214e-02,-2.377872588112950325e-03,-8.176495612133294344e-05,-8.761963108554482460e-04,1.448232028633356094e-02,3.507051989436149597e-02,2.021514624357223511e-02,2.617371454834938049e-02,2.687564585357904434e-03,2.789937332272529602e-02,2.425772696733474731e-02,1.203274819999933243e-02,3.749109059572219849e-02,4.054731689393520355e-03,9.579684701748192310e-04,2.298860251903533936e-02,2.006419003009796143e-02,8.605518378317356110e-03,4.569024778902530670e-03,1.004371326416730881e-02,4.159068688750267029e-03,-1.122085959650576115e-03,8.757553063333034515e-03,4.428759217262268066e-02,7.408155594021081924e-03,5.889261513948440552e-02,5.665476899594068527e-03,5.591423716396093369e-03,6.767048686742782593e-02,2.658520042896270752e-01,1.123419031500816345e-02,9.050416946411132812e-02,2.535844594240188599e-02,1.940148696303367615e-02,2.475603297352790833e-02,-1.220182552933692932e-01,1.662363409996032715e-01,5.191847681999206543e-02,1.259483490139245987e-02,-6.454807240515947342e-03,8.198324590921401978e-03,-1.486582159996032715e-01,3.194954097270965576e-01,7.126775104552507401e-03,-1.919782012701034546e-01,8.147691376507282257e-03
5.637595895677804947e-03,5.859605595469474792e-02,1.443486101925373077e-02,1.872641220688819885e-02,-1.162785198539495468e-02,5.824710242450237274e-03,5.731829442083835602e-03,4.047133959829807281e-03,1.858970895409584045e-02,7.889117114245891571e-03,-1.925438642501831055e-01,-1.216768696904182434e-01,-6.172061339020729065e-02,8.072199299931526184e-03,2.609316632151603699e-02,7.778156548738479614e-03,4.766746982932090759e-02,3.595439344644546509e-02,-1.080745249055325985e-03,-5.038783419877290726e-03,2.466421574354171753e-02,-2.098357826471328735e-01,3.421357646584510803e-02,1.409925869666039944e-03,3.606250742450356483e-03,2.322109183296561241e-03,3.892173292115330696e-03,5.051109008491039276e-03,-3.057961352169513702e-03,3.492038697004318237e-02,4.702717415057122707e-04,2.164382953196763992e-03,5.108649842441082001e-03,2.342375926673412323e-02,3.799121454358100891e-02,3.560963552445173264e-03,5.062365438789129257e-03,4.567079711705446243e-03,4.069636575877666473e-03,4.702067002654075623e-03,1.822258159518241882e-02,3.846205472946166992e-01,7.716763298958539963e-03,-2.681312151253223419e-02,2.473563421517610550e-03,9.188944473862648010e-03,3.640709910541772842e-03,3.482635319232940674e-02,-1.166682243347167969e-01,2.800037339329719543e-02,-5.182234570384025574e-03,-6.673182826489210129e-03,-1.350064575672149658e-02,-8.176495612133294344e-05,-8.761963108554482460e-04,-1.168645992875099182e-01,8.122220635414123535e-02,1.190978661179542542e-01,3.400035202503204346e-02,-5.999043211340904236e-02,-1.562619060277938843e-01,-2.045433074235916138e-01,6.520507158711552620e-04,3.749109059572219849e-02,-3.955427184700965881e-02,7.586999330669641495e-03,2.394961565732955933e-02,-1.925593125633895397e-03,9.719562716782093048e-03,9.199359454214572906e-03,1.004371326416730881e-02,4.159068688750267029e-03,-1.122085959650576115e-03,1.815511379390954971e-03,4.428759217262268066e-02,7.408155594021081924e-03,5.889261513948440552e-02,5.665476899594068527e-03,5.591423716396093369e-03,-9.854648262262344360e-02,2.915723919868469238e-01,1.123419031500816345e-02,9.050416946411132812e-02,2.535844594240188599e-02,1.940148696303367615e-02,2.475603297352790833e-02,3.017234504222869873e-01,-7.542245835065841675e-02,1.956032067537307739e-01,-7.513906806707382202e-02,-2.899423474445939064e-03,-2.761570271104574203e-03,1.412215270102024078e-02,-1.411139219999313354e-01,6.910459138453006744e-03,-1.804928034543991089e-01,8.147691376507282257e-03
4.159795120358467102e-02,2.895748615264892578e-01,5.529653280973434448e-02,2.275912463665008545e-02,-1.162785198539495468e-02,-1.346340723102912307e-04,4.878625273704528809e-03,4.001701716333627701e-03,-1.256642164662480354e-03,5.623301491141319275e-03,2.509960830211639404e-01,3.427719175815582275e-01,6.767826527357101440e-02,-9.472659789025783539e-03,4.843899607658386230e-02,5.636660382151603699e-03,2.307327277958393097e-02,9.719101339578628540e-02,6.635560095310211182e-02,5.955305881798267365e-03,1.978416182100772858e-02,8.635152131319046021e-03,9.816309809684753418e-02,-2.660295460373163223e-03,-7.599230855703353882e-03,1.312718447297811508e-02,7.971751503646373749e-03,1.666244119405746460e-03,4.673090204596519470e-02,-6.303694844245910645e-02,1.270126085728406906e-02,1.729861646890640259e-02,5.819971207529306412e-03,8.014997839927673340e-02,3.536124527454376221e-02,3.560963552445173264e-03,5.426196847110986710e-03,5.300239194184541702e-03,5.151855293661355972e-03,5.391540005803108215e-03,1.559023559093475342e-02,2.000931203365325928e-01,-2.430958859622478485e-02,1.649498343467712402e-01,4.991559311747550964e-03,2.582307672128081322e-03,4.760624840855598450e-03,4.794333502650260925e-02,4.284201562404632568e-02,3.040662594139575958e-02,-4.545595031231641769e-03,2.603074908256530762e-01,1.682741567492485046e-02,2.341751242056488991e-03,-8.761963108554482460e-04,8.557594567537307739e-02,8.070813864469528198e-02,5.619675293564796448e-02,3.573687374591827393e-02,-4.606419801712036133e-02,4.171179980039596558e-02,2.093511074781417847e-01,6.520507158711552620e-04,7.538668066263198853e-02,4.350291565060615540e-02,5.548984743654727936e-03,2.591941878199577332e-02,1.385354548692703247e-01,4.364147782325744629e-03,1.604568213224411011e-02,5.119968578219413757e-02,2.665032399818301201e-03,-1.122085959650576115e-03,1.815511379390954971e-03,2.694270312786102295e-01,2.940107136964797974e-02,2.942966818809509277e-01,1.743036508560180664e-02,-2.792544255498796701e-04,-8.670204877853393555e-02,1.843959391117095947e-01,7.407157123088836670e-02,3.260751664638519287e-01,6.766048073768615723e-02,-1.355432420969009399e-01,-9.528514742851257324e-02,5.138337239623069763e-02,4.085620045661926270e-01,-1.236477494239807129e-02,1.522960960865020752e-01,-2.899423474445939064e-03,-2.761570271104574203e-03,2.721461281180381775e-02,3.208763003349304199e-01,3.916957229375839233e-02,2.886324822902679443e-01,2.127820998430252075e-02
-5.600211769342422485e-02,2.890997529029846191e-01,3.903059661388397217e-02,2.272612415254116058e-02,-1.162785198539495468e-02,-1.308090431848540902e-04,4.800382070243358612e-03,3.993323538452386856e-03,-2.379361540079116821e-02,5.595120601356029510e-03,-1.859343498945236206e-01,3.282572627067565918e-01,8.180188015103340149e-03,-9.179652668535709381e-03,4.802754521369934082e-02,9.157821536064147949e-03,2.307327277958393097e-02,-2.826724946498870850e-02,-3.532122820615768433e-02,-9.956792742013931274e-02,1.959939301013946533e-02,-1.069018170237541199e-01,9.610392898321151733e-02,3.971603699028491974e-03,-8.234167098999023438e-02,1.286637596786022186e-02,2.180408313870429993e-02,1.026108022779226303e-02,-2.862867899239063263e-02,9.408957511186599731e-02,2.664877660572528839e-02,1.996561622945591807e-04,2.724172314628958702e-03,-7.094639539718627930e-02,3.491093218326568604e-02,3.560963552445173264e-03,5.403761286288499832e-03,5.271135829389095306e-03,5.153720732778310776e-03,5.362605210393667221e-03,1.356599386781454086e-02,9.511789679527282715e-02,1.853610016405582428e-02,1.606906354427337646e-01,4.946844186633825302e-03,1.325765904039144516e-02,4.739373456686735153e-03,4.741919785737991333e-02,4.128185287117958069e-02,6.278081238269805908e-02,-4.530717618763446808e-03,4.380236193537712097e-02,1.617441885173320770e-02,-2.454098779708147049e-03,-8.761963108554482460e-04,8.289960026741027832e-02,7.948979735374450684e-02,-7.284332998096942902e-03,1.511840522289276123e-02,-4.499878734350204468e-02,1.998423039913177490e-01,-1.391251534223556519e-01,6.520507158711552620e-04,7.382518053054809570e-02,-1.821202225983142853e-02,5.329682491719722748e-03,-3.116048872470855713e-02,3.585440292954444885e-02,4.475845489650964737e-03,-7.792612304911017418e-04,2.065614610910415649e-02,2.745078643783926964e-03,-1.122085959650576115e-03,1.815511379390954971e-03,-1.440186798572540283e-01,-3.209843765944242477e-03,-1.561949104070663452e-01,-2.389282360672950745e-02,1.043484313413500786e-03,8.842858672142028809e-02,1.814678013324737549e-01,1.333635183982551098e-03,3.258574604988098145e-01,6.624857336282730103e-02,7.535593211650848389e-02,4.669071733951568604e-02,6.526573747396469116e-02,3.973618447780609131e-01,3.489445149898529053e-02,-5.195928737521171570e-02,-2.899423474445939064e-03,-2.761570271104574203e-03,2.669463306665420532e-02,-3.338446095585823059e-02,3.768844529986381531e-02,2.884167730808258057e-01,2.075167372822761536e-02
-1.580134965479373932e-02,-1.832244247198104858e-01,1.453110948204994202e-02,2.111699804663658142e-02,-1.162785198539495468e-02,1.063165720552206039e-03,5.421231500804424286e-03,4.047133959829807281e-03,-1.881905482150614262e-03,-7.145833224058151245e-03,-7.115943729877471924e-02,3.340899050235748291e-01,1.685459911823272705e-01,-1.064635440707206726e-02,2.358368411660194397e-02,7.778156548738479614e-03,2.307327277958393097e-02,3.768330812454223633e-02,5.718209967017173767e-02,8.753464370965957642e-02,-8.349083364009857178e-03,-1.596713960170745850e-01,1.153986379504203796e-01,-3.861346980556845665e-03,2.358304709196090698e-02,1.048725191503763199e-02,1.605263352394104004e-02,9.132195264101028442e-03,-4.687158763408660889e-02,2.199056446552276611e-01,-5.915910471230745316e-03,-2.157983556389808655e-02,5.994922481477260590e-03,-2.642053551971912384e-02,3.691628202795982361e-02,3.560963552445173264e-03,5.062365438789129257e-03,4.567079711705446243e-03,4.069636575877666473e-03,4.702067002654075623e-03,6.865114718675613403e-02,1.953560560941696167e-01,-4.803239833563566208e-03,-1.827549785375595093e-01,-4.140815697610378265e-03,1.090289675630629063e-03,5.090211983770132065e-03,5.252537131309509277e-02,5.185513198375701904e-02,1.074934527277946472e-01,-4.827192518860101700e-03,6.205980852246284485e-02,1.021556649357080460e-02,-8.176495612133294344e-05,-8.761963108554482460e-04,1.064296513795852661e-01,8.152478188276290894e-02,2.599738165736198425e-02,1.315747853368520737e-02,4.625981301069259644e-02,-1.377319991588592529e-01,2.254869639873504639e-01,6.520507158711552620e-04,5.284201726317405701e-02,-2.396430633962154388e-02,-6.610434036701917648e-03,2.384584769606590271e-02,-9.260664135217666626e-02,1.265001017600297928e-02,1.868029125034809113e-02,-1.280645560473203659e-02,4.159068688750267029e-03,-1.122085959650576115e-03,1.815511379390954971e-03,2.608720958232879639e-01,3.354490548372268677e-02,1.007951870560646057e-01,5.665476899594068527e-03,1.002786401659250259e-02,9.237860143184661865e-02,2.064542770385742188e-01,-3.557222709059715271e-02,-1.485702246427536011e-01,-2.747000381350517273e-02,8.951251208782196045e-02,-2.196582593023777008e-02,3.470224738121032715e-01,1.500348746776580811e-01,7.674663513898849487e-02,-1.787825673818588257e-01,-2.899423474445939064e-03,-2.761570271104574203e-03,-2.679982222616672516e-02,-3.725441172719001770e-02,4.863142967224121094e-02,2.897521257400512695e-01,2.586476318538188934e-02
5.637595895677804947e-03,5.859605595469474792e-02,1.421195548027753830e-02,1.872641220688819885e-02,-1.162785198539495468e-02,1.063165720552206039e-03,8.031022734940052032e-03,4.047133959829807281e-03,-1.201576832681894302e-02,-1.946314796805381775e-02,4.462468996644020081e-02,1.092184484004974365e-01,6.982658058404922485e-03,2.476023696362972260e-02,2.609316632151603699e-02,7.778156548738479614e-03,2.307327277958393097e-02,8.815151639282703400e-03,1.201676726341247559e-01,-5.038783419877290726e-03,2.732706256210803986e-02,2.468802779912948608e-01,3.421357646584510803e-02,9.518492966890335083e-03,3.606250742450356483e-03,2.322109183296561241e-03,3.892173292115330696e-03,5.051109008491039276e-03,-3.057961352169513702e-03,3.492038697004318237e-02,4.702717415057122707e-04,2.164382953196763992e-03,5.108649842441082001e-03,2.342375926673412323e-02,5.121830105781555176e-02,3.560963552445173264e-03,5.062365438789129257e-03,4.567079711705446243e-03,4.069636575877666473e-03,4.702067002654075623e-03,1.822258159518241882e-02,3.910562694072723389e-01,7.716763298958539963e-03,-3.316070185974240303e-03,2.473563421517610550e-03,9.188944473862648010e-03,3.640709910541772842e-03,3.482635319232940674e-02,1.065307781100273132e-01,1.295621246099472046e-01,7.769066374748945236e-03,2.523907721042633057e-01,-2.377872588112950325e-03,-8.176495612133294344e-05,-8.761963108554482460e-04,1.448232028633356094e-02,1.662168502807617188e-01,1.930912733078002930e-01,5.139228701591491699e-02,2.687564585357904434e-03,2.789937332272529602e-02,2.425772696733474731e-02,6.520507158711552620e-04,3.749109059572219849e-02,4.054731689393520355e-03,9.579684701748192310e-04,2.298860251903533936e-02,2.006419003009796143e-02,-2.676057396456599236e-03,-1.154913473874330521e-02,3.393828123807907104e-02,4.159068688750267029e-03,-1.122085959650576115e-03,1.815511379390954971e-03,4.428759217262268066e-02,7.408155594021081924e-03,5.889261513948440552e-02,5.665476899594068527e-03,5.591423716396093369e-03,2.977786660194396973e-01,2.781962454319000244e-01,1.123419031500816345e-02,9.050416946411132812e-02,2.535844594240188599e-02,1.940148696303367615e-02,2.475603297352790833e-02,3.455349206924438477e-01,4.067431390285491943e-01,2.545313835144042969e-01,2.320034056901931763e-01,-2.899423474445939064e-03,-2.761570271104574203e-03,1.412215270102024078e-02,3.292814493179321289e-01,-1.073009818792343140e-01,2.233238369226455688e-01,8.147691376507282257e-03
-5.330884829163551331e-02,2.883658111095428467e-01,1.543114706873893738e-02,1.735604368150234222e-02,4.538378119468688965e-02,-5.065901859779842198e-05,4.699604585766792297e-03,3.981579560786485672e-03,-9.364359080791473389e-03,5.574572365731000900e-03,2.668426036834716797e-01,3.447143137454986572e-01,6.639861315488815308e-02,-2.226688340306282043e-02,4.748365283012390137e-02,9.059241041541099548e-03,4.098074138164520264e-02,-3.793948143720626831e-02,-2.454571984708309174e-02,-2.149218022823333740e-01,5.665188655257225037e-03,-1.553312838077545166e-01,3.822348266839981079e-02,1.409925869666039944e-03,-2.898002043366432190e-02,-1.890975050628185272e-02,2.760147117078304291e-02,-3.782861866056919098e-03,-6.088291481137275696e-02,2.329479008913040161e-01,-4.856667667627334595e-02,-3.735906258225440979e-02,5.748624447733163834e-03,2.966721169650554657e-02,3.420854359865188599e-02,1.582823507487773895e-02,5.372055340558290482e-03,5.228617228567600250e-03,5.153441801667213440e-03,5.320600233972072601e-03,-8.915352635085582733e-03,-1.421006582677364349e-02,1.813751086592674255e-02,-1.438280642032623291e-01,4.874774720519781113e-03,1.323037687689065933e-02,4.720947239547967911e-03,3.232450038194656372e-02,-6.517764180898666382e-02,2.800037339329719543e-02,-4.519649315625429153e-03,2.187103629112243652e-01,6.041601300239562988e-03,2.196217887103557587e-03,2.777507761493325233e-04,-3.362307325005531311e-02,9.826136380434036255e-02,3.460669144988059998e-02,3.153242170810699463e-02,3.332034125924110413e-02,1.931158602237701416e-01,-1.233844552189111710e-02,1.777522498741745949e-03,4.565314389765262604e-03,-4.505214467644691467e-02,-5.313945468515157700e-03,4.865327849984169006e-02,7.517345994710922241e-02,9.679492563009262085e-03,7.621512748301029205e-03,1.004371326416730881e-02,2.849244279786944389e-03,-2.206441480666399002e-03,4.626113222911953926e-04,-4.234476014971733093e-02,2.848232164978981018e-02,2.684648931026458740e-01,8.640239015221595764e-03,1.284122560173273087e-02,2.260137945413589478e-01,1.315130293369293213e-01,3.470319136977195740e-02,2.907828092575073242e-01,6.406423449516296387e-02,-1.252951622009277344e-01,-9.262600541114807129e-02,7.930823415517807007e-02,4.027523994445800781e-01,5.858249589800834656e-02,-5.536789074540138245e-02,-3.415383631363511086e-03,-3.460875479504466057e-03,2.611333876848220825e-02,3.156607747077941895e-01,1.826856844127178192e-02,-1.870540529489517212e-01,2.016084641218185425e-02
1.277350187301635742e-01,2.986410260200500488e-01,-1.567004024982452393e-01,1.872641220688819885e-02,-1.162785198539495468e-02,1.063165720552206039e-03,9.405138902366161346e-03,4.047133959829807281e-03,-9.854268282651901245e-03,1.589479669928550720e-02,4.462468996644020081e-02,1.092184484004974365e-01,6.982658058404922485e-03,1.214411924593150616e-03,2.609316632151603699e-02,7.778156548738479614e-03,2.307327277958393097e-02,8.815151639282703400e-03,1.006854418665170670e-02,-5.038783419877290726e-03,8.714863099157810211e-03,2.531751096248626709e-01,3.421357646584510803e-02,1.409925869666039944e-03,3.606250742450356483e-03,2.322109183296561241e-03,3.892173292115330696e-03,5.051109008491039276e-03,-3.057961352169513702e-03,3.492038697004318237e-02,4.702717415057122707e-04,2.164382953196763992e-03,6.678015459328889847e-03,2.076641023159027100e-01,5.723507702350616455e-02,3.560963552445173264e-03,5.062365438789129257e-03,4.567079711705446243e-03,4.069636575877666473e-03,4.702067002654075623e-03,1.822258159518241882e-02,-6.292717903852462769e-02,7.716763298958539963e-03,2.551633715629577637e-01,2.473563421517610550e-03,9.188944473862648010e-03,3.640709910541772842e-03,3.482635319232940674e-02,1.267754882574081421e-01,2.800037339329719543e-02,-3.444616217166185379e-03,-6.356681883335113525e-02,-2.377872588112950325e-03,-8.176495612133294344e-05,4.315297584980726242e-03,1.448232028633356094e-02,1.472006291151046753e-01,5.087887495756149292e-02,5.719625204801559448e-02,2.687564585357904434e-03,2.789937332272529602e-02,2.425772696733474731e-02,5.562339909374713898e-03,3.749109059572219849e-02,4.054731689393520355e-03,9.579684701748192310e-04,2.298860251903533936e-02,2.006419003009796143e-02,1.990235969424247742e-02,-1.012809667736291885e-02,4.026203230023384094e-02,4.159068688750267029e-03,4.139931406825780869e-03,4.923006985336542130e-03,4.428759217262268066e-02,7.408155594021081924e-03,5.889261513948440552e-02,5.665476899594068527e-03,5.591423716396093369e-03,9.666402637958526611e-02,2.483385503292083740e-01,1.123419031500816345e-02,9.050416946411132812e-02,2.535844594240188599e-02,1.940148696303367615e-02,2.475603297352790833e-02,3.594657480716705322e-01,1.980122327804565430e-01,6.696733087301254272e-02,2.366256862878799438e-01,1.140609383583068848e-03,-4.515612497925758362e-03,1.412215270102024078e-02,3.050273358821868896e-01,9.891842305660247803e-02,2.927629649639129639e-01,8.147691376507282257e-03
5.637595895677804947e-03,5.859605595469474792e-02,1.543114706873893738e-02,1.872641220688819885e-02,-1.162785198539495468e-02,1.063165720552206039e-03,3.407759824767708778e-03,4.047133959829807281e-03,2.777522196993231773e-03,1.544707105495035648e-03,4.462468996644020081e-02,1.092184484004974365e-01,6.982658058404922485e-03,1.214411924593150616e-03,2.609316632151603699e-02,7.778156548738479614e-03,2.307327277958393097e-02,8.815151639282703400e-03,1.006854418665170670e-02,-5.038783419877290726e-03,8.714863099157810211e-03,2.750374563038349152e-02,3.421357646584510803e-02,1.409925869666039944e-03,3.606250742450356483e-03,2.322109183296561241e-03,3.892173292115330696e-03,5.051109008491039276e-03,-3.057961352169513702e-03,3.492038697004318237e-02,4.702717415057122707e-04,2.164382953196763992e-03,5.108649842441082001e-03,2.342375926673412323e-02,1.177500262856483459e-01,3.560963552445173264e-03,5.062365438789129257e-03,4.567079711705446243e-03,4.069636575877666473e-03,4.702067002654075623e-03,1.822258159518241882e-02,-6.948362290859222412e-02,7.716763298958539963e-03,2.718595564365386963e-01,2.473563421517610550e-03,9.188944473862648010e-03,3.640709910541772842e-03,3.482635319232940674e-02,2.213036417961120605e-01,2.800037339329719543e-02,-3.444616217166185379e-03,3.391861170530319214e-02,-2.377872588112950325e-03,-8.176495612133294344e-05,-8.761963108554482460e-04,1.448232028633356094e-02,3.507051989436149597e-02,2.021514624357223511e-02,2.617371454834938049e-02,2.687564585357904434e-03,2.789937332272529602e-02,2.425772696733474731e-02,6.520507158711552620e-04,3.749109059572219849e-02,4.054731689393520355e-03,9.579684701748192310e-04,2.298860251903533936e-02,2.006419003009796143e-02,8.605518378317356110e-03,4.569024778902530670e-03,1.004371326416730881e-02,4.159068688750267029e-03,-1.122085959650576115e-03,1.815511379390954971e-03,4.428759217262268066e-02,7.408155594021081924e-03,5.889261513948440552e-02,5.665476899594068527e-03,5.591423716396093369e-03,2.719047367572784424e-01,3.200550973415374756e-01,1.123419031500816345e-02,9.050416946411132812e-02,2.535844594240188599e-02,1.940148696303367615e-02,2.475603297352790833e-02,3.630564212799072266e-01,1.662363409996032715e-01,5.191847681999206543e-02,1.259483490139245987e-02,-2.899423474445939064e-03,-2.761570271104574203e-03,1.412215270102024078e-02,3.225764632225036621e-01,7.126775104552507401e-03,2.938231825828552246e-01,8.147691376507282257e-03
-1.128580607473850250e-02,2.885925173759460449e-01,-6.974317599087953568e-03,2.264911122620105743e-02,9.494417160749435425e-02,1.063165720552206039e-03,-8.183742174878716469e-04,3.985063638538122177e-03,-1.155677950009703636e-03,-5.016443785279989243e-03,-8.997036144137382507e-03,-1.145035177469253540e-01,6.151402369141578674e-03,-8.809849619865417480e-03,4.764503985643386841e-02,9.087066166102886200e-03,2.307327277958393097e-02,8.573704957962036133e-02,-3.120446391403675079e-02,-5.153008922934532166e-02,-1.192704960703849792e-02,-1.962132304906845093e-01,3.823780268430709839e-02,-2.624509623274207115e-03,3.027114830911159515e-02,1.252985466271638870e-02,-3.360226517543196678e-03,9.950459934771060944e-03,4.460221156477928162e-02,1.282965987920761108e-01,-1.159719657152891159e-02,1.582620479166507721e-02,5.761362612247467041e-03,7.749722898006439209e-02,2.560073323547840118e-02,1.601538062095642090e-02,5.381494294852018356e-03,5.241439677774906158e-03,5.153973586857318878e-03,5.333236418664455414e-03,-2.688676491379737854e-02,2.622664347290992737e-02,1.827313564717769623e-02,1.563050746917724609e-01,4.897883627563714981e-03,1.323551312088966370e-02,4.725112114101648331e-03,4.698721319437026978e-02,-6.652539968490600586e-02,8.396494388580322266e-02,-4.521850496530532837e-03,-1.836992502212524414e-01,7.710866630077362061e-04,-2.392120426520705223e-03,2.943183062598109245e-04,-3.408214449882507324e-02,6.140447035431861877e-02,9.018362616188824177e-04,3.477847203612327576e-02,3.397028893232345581e-02,8.080887794494628906e-02,-1.963432878255844116e-01,1.790385926142334938e-03,2.555433474481105804e-02,1.057455316185951233e-02,-5.381253547966480255e-03,-2.777357585728168488e-03,1.609295979142189026e-02,1.155101042240858078e-02,-4.640619736164808273e-04,-3.638203814625740051e-02,3.045397112146019936e-03,5.755323218181729317e-05,4.305716429371386766e-04,1.906602233648300171e-01,7.248577661812305450e-03,-1.333129554986953735e-01,1.406979095190763474e-02,1.298363879323005676e-02,3.069609403610229492e-02,1.634524315595626831e-01,-8.645876310765743256e-03,3.299214839935302734e-01,6.473710387945175171e-02,7.402838766574859619e-02,6.546378880739212036e-02,3.281652629375457764e-01,3.807557225227355957e-01,1.740010976791381836e-01,1.436621993780136108e-01,-3.427268471568822861e-03,-3.473786171525716782e-03,2.626697160303592682e-02,-8.667874336242675781e-02,1.808896078728139400e-03,-1.121752560138702393e-01,-3.278676420450210571e-02
-4.920221120119094849e-02,2.868421077728271484e-01,4.714810475707054138e-02,2.208465151488780975e-02,-1.162785198539495468e-02,-9.811763884499669075e-04,4.563235212117433548e-03,3.447345690801739693e-03,2.002209983766078949e-02,-4.684865009039640427e-03,2.600479125976562500e-01,3.467068672180175781e-01,5.349520966410636902e-02,7.734120823442935944e-03,2.228387817740440369e-02,8.927537128329277039e-03,3.878901153802871704e-02,3.063626959919929504e-02,6.550301611423492432e-02,-1.345605030655860901e-02,2.132828906178474426e-02,2.079758420586585999e-02,3.793974220752716064e-02,3.762242849916219711e-03,2.740396186709403992e-02,1.174037111923098564e-03,2.097120694816112518e-02,9.251790121197700500e-03,-3.026388026773929596e-02,2.228504419326782227e-01,1.157221570611000061e-02,-1.589609123766422272e-02,5.670309998095035553e-03,2.759406529366970062e-02,3.302190452814102173e-02,3.560963552445173264e-03,5.315802525728940964e-03,5.149523261934518814e-03,5.139519926160573959e-03,5.243170075118541718e-03,8.453875035047531128e-02,3.638984560966491699e-01,1.701012998819351196e-02,1.048793718218803406e-01,4.700046032667160034e-03,1.309618074446916580e-02,4.714284092187881470e-03,4.619888216257095337e-02,3.529669716954231262e-02,5.593219771981239319e-02,-6.651948671787977219e-03,3.169836848974227905e-02,4.914183169603347778e-03,1.988206990063190460e-03,-8.761963108554482460e-04,3.086650744080543518e-02,9.316114336252212524e-02,1.059857532382011414e-01,3.023162670433521271e-02,-3.588516265153884888e-03,2.211761921644210815e-01,1.434583812952041626e-01,6.520507158711552620e-04,4.814565926790237427e-02,1.015859842300415039e-02,5.000119563192129135e-03,5.009035766124725342e-02,1.358714327216148376e-02,1.119782123714685440e-02,1.503586489707231522e-02,1.896670274436473846e-02,7.230232004076242447e-03,-1.122085959650576115e-03,1.815511379390954971e-03,2.740101218223571777e-01,2.724818140268325806e-02,2.849028706550598145e-01,-7.949847495183348656e-04,1.190730486996471882e-03,8.455018699169158936e-02,1.415307670831680298e-01,8.284752839244902134e-04,3.293807208538055420e-01,5.972095206379890442e-02,7.044587284326553345e-02,-7.355344295501708984e-02,3.499501943588256836e-01,2.647772729396820068e-01,9.628016501665115356e-02,1.295859664678573608e-01,-2.899423474445939064e-03,-2.761570271104574203e-03,7.274491712450981140e-03,2.934098243713378906e-01,6.248947232961654663e-03,1.054398864507675171e-01,1.952379196882247925e-02
5.637595895677804947e-03,5.859605595469474792e-02,1.543114706873893738e-02,1.872641220688819885e-02,-1.162785198539495468e-02,1.063165720552206039e-03,3.407759824767708778e-03,4.047133959829807281e-03,2.777522196993231773e-03,1.544707105495035648e-03,4.462468996644020081e-02,1.092184484004974365e-01,6.982658058404922485e-03,1.214411924593150616e-03,2.609316632151603699e-02,7.778156548738479614e-03,2.307327277958393097e-02,8.815151639282703400e-03,1.006854418665170670e-02,-5.038783419877290726e-03,8.714863099157810211e-03,2.750374563038349152e-02,3.421357646584510803e-02,1.409925869666039944e-03,3.606250742450356483e-03,2.322109183296561241e-03,3.892173292115330696e-03,5.051109008491039276e-03,-3.057961352169513702e-03,3.492038697004318237e-02,4.702717415057122707e-04,2.164382953196763992e-03,5.108649842441082001e-03,2.342375926673412323e-02,2.560073323547840118e-02,3.560963552445173264e-03,5.062365438789129257e-03,4.567079711705446243e-03,4.069636575877666473e-03,4.702067002654075623e-03,1.822258159518241882e-02,1.538951098918914795e-01,7.716763298958539963e-03,3.451571241021156311e-02,2.473563421517610550e-03,9.188944473862648010e-03,3.640709910541772842e-03,3.482635319232940674e-02,2.461442202329635620e-01,2.800037339329719543e-02,-3.444616217166185379e-03,3.391861170530319214e-02,-2.377872588112950325e-03,-8.176495612133294344e-05,-8.761963108554482460e-04,1.448232028633356094e-02,3.507051989436149597e-02,2.021514624357223511e-02,2.617371454834938049e-02,2.687564585357904434e-03,2.789937332272529602e-02,2.425772696733474731e-02,6.520507158711552620e-04,3.749109059572219849e-02,4.054731689393520355e-03,9.579684701748192310e-04,2.298860251903533936e-02,2.006419003009796143e-02,8.605518378317356110e-03,4.569024778902530670e-03,1.004371326416730881e-02,4.159068688750267029e-03,-1.122085959650576115e-03,1.815511379390954971e-03,4.428759217262268066e-02,7.408155594021081924e-03,5.889261513948440552e-02,5.665476899594068527e-03,5.591423716396093369e-03,6.767048686742782593e-02,1.096348389983177185e-01,1.123419031500816345e-02,9.050416946411132812e-02,2.535844594240188599e-02,1.940148696303367615e-02,2.475603297352790833e-02,1.220073848962783813e-01,1.662363409996032715e-01,5.191847681999206543e-02,1.259483490139245987e-02,-2.899423474445939064e-03,-2.761570271104574203e-03,1.412215270102024078e-02,8.802422881126403809e-02,7.126775104552507401e-03,-1.699640601873397827e-01,8.147691376507282257e-03
5.637595895677804947e-03,5.859605595469474792e-02,1.016675010323524475e-01,1.872641220688819885e-02,-1.162785198539495468e-02,1.063165720552206039e-03,3.407759824767708778e-03,4.047133959829807281e-03,2.777522196993231773e-03,1.544707105495035648e-03,-6.522982567548751831e-02,3.511397838592529297e-01,-1.313177645206451416e-01,2.959031611680984497e-02,2.609316632151603699e-02,7.778156548738479614e-03,2.307327277958393097e-02,9.734756499528884888e-02,-5.202163383364677429e-02,-5.038783419877290726e-03,-3.904242813587188721e-02,1.528118364512920380e-02,3.421357646584510803e-02,1.409925869666039944e-03,3.606250742450356483e-03,2.322109183296561241e-03,3.892173292115330696e-03,5.051109008491039276e-03,-3.057961352169513702e-03,3.492038697004318237e-02,4.702717415057122707e-04,2.164382953196763992e-03,5.108649842441082001e-03,2.342375926673412323e-02,5.754575133323669434e-02,3.560963552445173264e-03,5.062365438789129257e-03,4.567079711705446243e-03,4.069636575877666473e-03,4.702067002654075623e-03,1.822258159518241882e-02,3.883776962757110596e-01,7.716763298958539963e-03,-1.939797997474670410e-01,2.473563421517610550e-03,9.188944473862648010e-03,3.640709910541772842e-03,3.482635319232940674e-02,7.755919825285673141e-03,2.800037339329719543e-02,-3.444616217166185379e-03,3.391861170530319214e-02,-2.377872588112950325e-03,-8.176495612133294344e-05,-8.761963108554482460e-04,1.908821016550064087e-01,1.215127706527709961e-01,3.586104512214660645e-02,1.023171991109848022e-01,1.223022714257240295e-01,2.789937332272529602e-02,2.425772696733474731e-02,6.520507158711552620e-04,3.749109059572219849e-02,8.555207401514053345e-03,1.831280067563056946e-02,1.422894299030303955e-01,1.557305157184600830e-01,8.605518378317356110e-03,4.569024778902530670e-03,1.004371326416730881e-02,4.159068688750267029e-03,-1.122085959650576115e-03,1.815511379390954971e-03,4.428759217262268066e-02,7.408155594021081924e-03,5.889261513948440552e-02,5.665476899594068527e-03,5.591423716396093369e-03,-1.320676952600479126e-01,2.804483771324157715e-01,1.123419031500816345e-02,9.050416946411132812e-02,2.535844594240188599e-02,1.940148696303367615e-02,2.475603297352790833e-02,3.506419956684112549e-01,-6.321644037961959839e-02,2.251243442296981812e-01,-1.859861910343170166e-01,-2.899423474445939064e-03,-2.761570271104574203e-03,1.412215270102024078e-02,-1.560114622116088867e-01,7.126775104552507401e-03,5.099439993500709534e-02,8.147691376507282257e-03
3.571481257677078247e-02,2.876229584217071533e-01,6.217195466160774231e-02,2.237391844391822815e-02,-1.162785198539495468e-02,1.063165720552206039e-03,4.621772095561027527e-03,3.970969934016466141e-03,2.106070891022682190e-02,5.510539747774600983e-03,2.683865725994110107e-01,3.428883850574493408e-01,1.358716003596782684e-02,8.255612105131149292e-03,4.695895314216613770e-02,8.983754552900791168e-03,3.990138694643974304e-02,8.408475667238235474e-02,6.746309250593185425e-02,4.108136519789695740e-02,2.208789810538291931e-02,1.309877783060073853e-01,9.122871607542037964e-02,3.838096279650926590e-03,6.156802177429199219e-02,1.118505373597145081e-03,-2.714801812544465065e-03,2.708222251385450363e-03,4.250160977244377136e-02,-6.936359405517578125e-02,4.423837177455425262e-03,-4.884200170636177063e-04,5.708904471248388290e-03,7.542924582958221436e-02,3.356447443366050720e-02,3.560963552445173264e-03,5.343167576938867569e-03,5.188555922359228134e-03,5.148840602487325668e-03,5.281277000904083252e-03,8.808936178684234619e-02,3.857980370521545410e-01,1.762441918253898621e-02,2.440384477376937866e-01,4.793298430740833282e-03,1.319863740354776382e-02,4.714189562946557999e-03,4.645282030105590820e-02,-6.121886521577835083e-02,3.047055006027221680e-02,-4.517585504800081253e-03,2.441128790378570557e-01,1.398752536624670029e-02,2.096769632771611214e-03,-8.761963108554482460e-04,1.895088702440261841e-02,9.551925957202911377e-02,4.343068972229957581e-02,4.721313714981079102e-02,3.138460591435432434e-02,1.079769358038902283e-01,2.038002312183380127e-01,6.520507158711552620e-04,6.937116384506225586e-02,1.038868818432092667e-02,5.026055499911308289e-03,5.181315168738365173e-02,7.349412888288497925e-02,1.130431797355413437e-02,1.540323998779058456e-02,4.526948556303977966e-02,5.234687589108943939e-03,-1.122085959650576115e-03,1.815511379390954971e-03,1.686888933181762695e-01,2.791644074022769928e-02,2.653219401836395264e-01,5.665476899594068527e-03,8.623220492154359818e-04,2.895818948745727539e-01,2.760445177555084229e-01,-3.782542794942855835e-02,-1.494741141796112061e-01,2.553314156830310822e-02,-1.131374314427375793e-01,7.179465889930725098e-02,3.297943770885467529e-01,4.079450964927673340e-01,1.912322491407394409e-01,-5.213249102234840393e-02,-2.899423474445939064e-03,-2.761570271104574203e-03,2.573904208838939667e-02,3.231404125690460205e-01,6.213039625436067581e-03,2.912837862968444824e-01,1.977922581136226654e-02
5.637595895677804947e-03,5.859605595469474792e-02,1.709908992052078247e-02,2.078663185238838196e-02,-1.918551772832870483e-01,2.141200704500079155e-03,4.998507909476757050e-03,4.047133959829807281e-03,-2.681898139417171478e-02,-5.382854025810956955e-03,-1.897545009851455688e-01,-1.280021220445632935e-01,-1.163003966212272644e-01,-9.779536165297031403e-03,2.609316632151603699e-02,9.353553876280784607e-03,4.334027320146560669e-02,2.952264994382858276e-02,-8.695141226053237915e-02,-1.922046095132827759e-01,-3.379594162106513977e-02,-2.065152227878570557e-01,-1.558300852775573730e-01,-2.756105270236730576e-03,-2.328567206859588623e-02,2.322109183296561241e-03,-1.681098900735378265e-02,5.051109008491039276e-03,-3.995792940258979797e-02,-1.246790513396263123e-01,-3.179932758212089539e-02,-1.931104250252246857e-02,5.108649842441082001e-03,2.342375926673412323e-02,1.570599526166915894e-02,-1.802978850901126862e-02,5.458932369947433472e-03,2.161714015528559685e-03,1.198003446916118264e-04,2.342681400477886200e-03,-1.371036469936370850e-01,-8.510087430477142334e-02,-3.557394724339246750e-03,-1.342835724353790283e-01,2.473563421517610550e-03,-9.837272576987743378e-03,3.640709910541772842e-03,3.482635319232940674e-02,-7.834160327911376953e-02,-3.576052561402320862e-02,5.922868149355053902e-04,-1.884020417928695679e-01,-6.510574370622634888e-03,-8.176495612133294344e-05,-8.761963108554482460e-04,-4.931875318288803101e-02,7.005417346954345703e-02,-4.341368749737739563e-02,2.979357540607452393e-02,-4.231730010360479355e-03,-1.635844707489013672e-01,-2.442452125251293182e-02,-1.172065618447959423e-03,2.582723274827003479e-02,-4.882152751088142395e-02,-5.657004192471504211e-03,5.972813814878463745e-02,-6.654722988605499268e-02,1.225233916193246841e-02,1.635296456515789032e-02,2.033114992082118988e-02,4.159068688750267029e-03,-1.122085959650576115e-03,1.424351357854902744e-04,-1.802677065134048462e-01,-4.040651395916938782e-02,-1.577777862548828125e-01,5.665476899594068527e-03,-5.368678364902734756e-03,-9.152346104383468628e-02,3.774730116128921509e-02,-3.172541037201881409e-02,-1.546295434236526489e-01,-1.470856070518493652e-01,1.330644637346267700e-02,-1.534481942653656006e-01,-6.091387942433357239e-02,-7.871512323617935181e-02,1.076177209615707397e-01,4.261807352304458618e-02,-3.522449871525168419e-03,-3.573134774342179298e-03,1.412215270102024078e-02,-1.509023159742355347e-01,-2.812362089753150940e-02,-1.877330392599105835e-01,-3.738820180296897888e-02
5.637595895677804947e-03,5.859605595469474792e-02,1.543114706873893738e-02,1.872641220688819885e-02,-1.162785198539495468e-02,1.063165720552206039e-03,1.076856255531311035e-02,4.047133959829807281e-03,-5.804817378520965576e-02,2.224776707589626312e-02,4.462468996644020081e-02,1.092184484004974365e-01,6.982658058404922485e-03,-4.744513705372810364e-02,2.609316632151603699e-02,7.778156548738479614e-03,2.307327277958393097e-02,8.815151639282703400e-03,-2.086594998836517334e-01,-5.038783419877290726e-03,-5.018821358680725098e-02,1.180024072527885437e-02,3.421357646584510803e-02,1.409925869666039944e-03,3.606250742450356483e-03,2.322109183296561241e-03,3.892173292115330696e-03,5.051109008491039276e-03,-3.057961352169513702e-03,3.492038697004318237e-02,4.702717415057122707e-04,2.164382953196763992e-03,5.108649842441082001e-03,2.342375926673412323e-02,-2.015137672424316406e-02,3.560963552445173264e-03,5.062365438789129257e-03,4.567079711705446243e-03,4.069636575877666473e-03,4.702067002654075623e-03,1.822258159518241882e-02,-9.158138930797576904e-02,7.716763298958539963e-03,-2.063378393650054932e-01,2.473563421517610550e-03,9.188944473862648010e-03,3.640709910541772842e-03,3.482635319232940674e-02,-9.802985191345214844e-02,2.800037339329719543e-02,-3.444616217166185379e-03,3.391861170530319214e-02,-2.377872588112950325e-03,-8.176495612133294344e-05,-8.761963108554482460e-04,1.448232028633356094e-02,2.007808834314346313e-01,4.147971421480178833e-02,7.104610651731491089e-02,2.687564585357904434e-03,2.789937332272529602e-02,2.425772696733474731e-02,6.520507158711552620e-04,3.749109059572219849e-02,4.054731689393520355e-03,9.579684701748192310e-04,2.298860251903533936e-02,2.006419003009796143e-02,-2.004417218267917633e-02,-5.244723707437515259e-02,1.004371326416730881e-02,4.159068688750267029e-03,-1.122085959650576115e-03,1.815511379390954971e-03,4.428759217262268066e-02,7.408155594021081924e-03,5.889261513948440552e-02,5.665476899594068527e-03,5.591423716396093369e-03,-1.680136173963546753e-01,-1.255023628473281860e-01,1.123419031500816345e-02,9.050416946411132812e-02,2.535844594240188599e-02,1.940148696303367615e-02,2.475603297352790833e-02,-1.210348755121231079e-01,6.634674966335296631e-02,1.516346931457519531e-01,-1.998831778764724731e-01,-2.899423474445939064e-03,-2.761570271104574203e-03,1.412215270102024078e-02,-1.168382763862609863e-01,-8.898771554231643677e-02,-1.890401244163513184e-01,8.147691376507282257e-03
4.418248310685157776e-02,2.705394625663757324e-01,6.440207362174987793e-02,1.872641220688819885e-02,-1.138070672750473022e-01,1.063165720552206039e-03,-1.689545111730694771e-03,4.047133959829807281e-03,-1.791665144264698029e-02,-5.436364561319351196e-03,-4.512646421790122986e-02,-6.672689318656921387e-02,7.093475013971328735e-02,1.051992457360029221e-02,4.927828535437583923e-02,7.778156548738479614e-03,2.307327277958393097e-02,-3.210048004984855652e-02,7.866210490465164185e-02,1.140256002545356750e-01,2.626750618219375610e-02,2.024808079004287720e-01,1.020350754261016846e-01,1.409925869666039944e-03,1.953626237809658051e-02,2.322109183296561241e-03,1.091676205396652222e-02,5.051109008491039276e-03,-2.404623478651046753e-02,-3.968775644898414612e-02,1.794272288680076599e-02,2.164382953196763992e-03,5.868277046829462051e-03,8.275870233774185181e-02,3.599258512258529663e-02,-5.165442079305648804e-02,5.464925896376371384e-03,2.148554194718599319e-03,9.969667735276743770e-05,5.439845379441976547e-03,1.822258159518241882e-02,3.539562523365020752e-01,-3.456942504271864891e-03,1.159830242395401001e-01,5.077528301626443863e-03,2.428780077025294304e-03,4.814750049263238907e-03,4.901893064379692078e-02,4.543764516711235046e-02,1.682962477207183838e-02,-2.342103049159049988e-03,1.616672128438949585e-01,-6.533733103424310684e-03,-8.176495612133294344e-05,5.041718250140547752e-04,-4.986360669136047363e-02,6.691324710845947266e-02,3.330743685364723206e-02,3.641229867935180664e-02,-4.332906566560268402e-03,4.877607524394989014e-02,7.739789783954620361e-02,1.968566328287124634e-03,4.994300752878189087e-02,-1.964026317000389099e-02,-5.674595013260841370e-03,2.550912834703922272e-02,5.161773879081010818e-03,1.229944918304681778e-02,-1.511087524704635143e-03,1.994732581079006195e-02,4.159068688750267029e-03,-2.196054905652999878e-03,2.899457700550556183e-03,2.420474439859390259e-01,7.408155594021081924e-03,1.219432335346937180e-02,5.665476899594068527e-03,9.634425863623619080e-03,2.920906543731689453e-01,1.920358538627624512e-01,1.231575198471546173e-02,3.304648697376251221e-01,6.984259188175201416e-02,7.950395345687866211e-02,1.748436093330383301e-01,1.711430996656417847e-01,3.998322188854217529e-01,7.241095602512359619e-02,1.591657549142837524e-01,-3.529628505930304527e-03,-3.580304561182856560e-03,2.828447334468364716e-02,3.020389378070831299e-01,-3.502542525529861450e-02,2.889601290225982666e-01,2.235717326402664185e-02
-1.266655977815389633e-02,2.908143103122711182e-01,1.722537726163864136e-02,1.872641220688819885e-02,-1.162785198539495468e-02,1.063165720552206039e-03,-2.049234928563237190e-03,4.047133959829807281e-03,-1.332831685431301594e-03,5.960216745734214783e-03,1.146631240844726562e-01,3.282200098037719727e-01,6.983584910631179810e-02,-1.000497210770845413e-02,2.169718220829963684e-02,9.479799307882785797e-03,3.405979648232460022e-02,3.412613272666931152e-02,2.113741263747215271e-02,-1.723342686891555786e-01,1.208054600283503532e-03,2.476068735122680664e-01,1.050861626863479614e-01,-2.964933170005679131e-03,2.046818844974040985e-02,2.322109183296561241e-03,1.124538667500019073e-02,5.051109008491039276e-03,-3.057961352169513702e-03,2.099408954381942749e-01,4.702717415057122707e-04,2.164382953196763992e-03,5.901827476918697357e-03,2.954571507871150970e-02,3.632614761590957642e-02,3.560963552445173264e-03,5.493080709129571915e-03,5.381727125495672226e-03,5.143699701875448227e-03,5.473557393997907639e-03,6.516147404909133911e-02,3.793877959251403809e-01,1.917287521064281464e-02,1.766948699951171875e-01,5.168863106518983841e-03,2.229209523648023605e-03,4.867986310273408890e-03,4.988766089081764221e-02,4.720890894532203674e-02,-5.670443922281265259e-02,-4.630739800631999969e-03,-2.999883331358432770e-02,-2.377872588112950325e-03,-8.176495612133294344e-05,-8.761963108554482460e-04,9.425435215234756470e-02,6.864134222269058228e-02,4.465881735086441040e-02,5.044935271143913269e-02,-4.585196729749441147e-03,8.832292258739471436e-02,2.425772696733474731e-02,6.520507158711552620e-04,5.052507296204566956e-02,1.111574284732341766e-02,-5.786765832453966141e-03,-4.105710238218307495e-02,-1.736476272344589233e-02,1.247917767614126205e-02,1.681601256132125854e-02,2.037716470658779144e-02,4.159068688750267029e-03,-1.122085959650576115e-03,1.815511379390954971e-03,-1.212219055742025375e-02,-4.285946488380432129e-03,9.872099012136459351e-02,-5.338451825082302094e-03,-1.548945996910333633e-02,2.777527868747711182e-01,2.679959237575531006e-01,6.011936068534851074e-02,-1.258934736251831055e-01,2.081469260156154633e-02,1.306536234915256500e-02,1.794187873601913452e-01,2.798653021454811096e-02,4.033762216567993164e-01,1.928855329751968384e-01,1.638202816247940063e-01,-2.899423474445939064e-03,-2.761570271104574203e-03,2.915074862539768219e-02,2.839546501636505127e-01,4.357439279556274414e-02,7.358891516923904419e-02,2.322745136916637421e-02
5.637595895677804947e-03,5.859605595469474792e-02,1.071111485362052917e-02,1.872641220688819885e-02,-1.162785198539495468e-02,1.063165720552206039e-03,9.817309677600860596e-03,4.047133959829807281e-03,2.777522196993231773e-03,1.544707105495035648e-03,-1.986183226108551025e-01,-1.353732049465179443e-01,-2.177710533142089844e-01,1.214411924593150616e-03,2.609316632151603699e-02,7.778156548738479614e-03,2.307327277958393097e-02,1.129043698310852051e-01,1.006854418665170670e-02,2.161921262741088867e-01,8.714863099157810211e-03,-2.103476226329803467e-01,3.421357646584510803e-02,1.409925869666039944e-03,3.606250742450356483e-03,2.322109183296561241e-03,3.892173292115330696e-03,5.051109008491039276e-03,8.761627972126007080e-02,3.492038697004318237e-02,4.702717415057122707e-04,2.164382953196763992e-03,5.108649842441082001e-03,2.342375926673412323e-02,2.560073323547840118e-02,3.560963552445173264e-03,5.062365438789129257e-03,4.567079711705446243e-03,4.069636575877666473e-03,4.702067002654075623e-03,1.822258159518241882e-02,3.838884234428405762e-01,7.716763298958539963e-03,-2.085428982973098755e-01,2.473563421517610550e-03,9.188944473862648010e-03,3.640709910541772842e-03,3.482635319232940674e-02,7.755919825285673141e-03,2.800037339329719543e-02,-3.444616217166185379e-03,-6.763587146997451782e-02,-2.377872588112950325e-03,-8.176495612133294344e-05,-8.761963108554482460e-04,-2.004096657037734985e-01,1.252700686454772949e-01,2.021514624357223511e-02,-1.734087429940700531e-02,-2.111378125846385956e-02,-1.940239667892456055e-01,2.425772696733474731e-02,6.520507158711552620e-04,3.749109059572219849e-02,-4.477322101593017578e-02,-2.192173711955547333e-02,2.454336360096931458e-02,2.006419003009796143e-02,8.605518378317356110e-03,4.569024778902530670e-03,1.004371326416730881e-02,4.159068688750267029e-03,-1.122085959650576115e-03,1.815511379390954971e-03,4.428759217262268066e-02,7.408155594021081924e-03,5.889261513948440552e-02,5.665476899594068527e-03,5.591423716396093369e-03,-1.508450061082839966e-01,3.162832558155059814e-01,1.123419031500816345e-02,9.050416946411132812e-02,2.535844594240188599e-02,1.940148696303367615e-02,2.475603297352790833e-02,-1.103491783142089844e-01,1.662363409996032715e-01,-1.050308868288993835e-01,-2.201787680387496948e-01,-2.899423474445939064e-03,-2.761570271104574203e-03,1.412215270102024078e-02,2.371967732906341553e-01,7.126775104552507401e-03,5.099439993500709534e-02,8.147691376507282257e-03
5.637595895677804947e-03,5.859605595469474792e-02,-1.570519246160984039e-02,1.872641220688819885e-02,-1.162785198539495468e-02,1.063165720552206039e-03,3.407759824767708778e-03,4.047133959829807281e-03,2.777522196993231773e-03,1.544707105495035648e-03,4.462468996644020081e-02,1.092184484004974365e-01,6.982658058404922485e-03,1.214411924593150616e-03,2.609316632151603699e-02,7.778156548738479614e-03,2.307327277958393097e-02,8.815151639282703400e-03,1.006854418665170670e-02,-5.038783419877290726e-03,8.714863099157810211e-03,-1.733315438032150269e-01,3.421357646584510803e-02,1.409925869666039944e-03,3.606250742450356483e-03,2.322109183296561241e-03,3.892173292115330696e-03,5.051109008491039276e-03,-3.057961352169513702e-03,3.492038697004318237e-02,4.702717415057122707e-04,2.164382953196763992e-03,5.108649842441082001e-03,2.342375926673412323e-02,7.457564771175384521e-02,3.560963552445173264e-03,5.062365438789129257e-03,4.567079711705446243e-03,4.069636575877666473e-03,4.702067002654075623e-03,1.822258159518241882e-02,7.286650687456130981e-02,7.716763298958539963e-03,2.644199728965759277e-01,2.473563421517610550e-03,9.188944473862648010e-03,3.640709910541772842e-03,3.482635319232940674e-02,7.755919825285673141e-03,2.800037339329719543e-02,-3.444616217166185379e-03,3.391861170530319214e-02,-2.377872588112950325e-03,-8.176495612133294344e-05,-8.761963108554482460e-04,1.448232028633356094e-02,-1.938804537057876587e-01,2.021514624357223511e-02,7.474786043167114258e-02,2.687564585357904434e-03,2.789937332272529602e-02,2.425772696733474731e-02,6.520507158711552620e-04,3.749109059572219849e-02,4.054731689393520355e-03,9.579684701748192310e-04,2.298860251903533936e-02,2.006419003009796143e-02,8.605518378317356110e-03,4.569024778902530670e-03,1.004371326416730881e-02,4.159068688750267029e-03,-1.122085959650576115e-03,1.815511379390954971e-03,4.428759217262268066e-02,7.408155594021081924e-03,5.889261513948440552e-02,5.665476899594068527e-03,5.591423716396093369e-03,-5.915028229355812073e-02,2.114040702581405640e-01,1.123419031500816345e-02,9.050416946411132812e-02,2.535844594240188599e-02,1.940148696303367615e-02,2.475603297352790833e-02,-1.133633404970169067e-01,-7.993747293949127197e-02,-1.110476776957511902e-01,-2.225332111120223999e-01,-2.899423474445939064e-03,-2.761570271104574203e-03,1.412215270102024078e-02,-1.548034846782684326e-01,7.126775104552507401e-03,5.099439993500709534e-02,8.147691376507282257e-03
-6.169926002621650696e-02,-1.829658895730972290e-01,4.110348969697952271e-02,1.872641220688819885e-02,-4.140184260904788971e-03,1.063165720552206039e-03,-1.650871476158499718e-03,4.047133959829807281e-03,-2.699457108974456787e-02,5.748854950070381165e-03,-1.847462207078933716e-01,-1.181067898869514465e-01,-3.360167518258094788e-02,-9.802025742828845978e-03,2.189888805150985718e-02,7.778156548738479614e-03,2.307327277958393097e-02,-3.192655369639396667e-02,-7.789897173643112183e-02,1.596616208553314209e-01,-1.273866184055805206e-02,-2.092884480953216553e-01,3.510814905166625977e-02,4.173565190285444260e-03,-2.075966075062751770e-02,9.084960445761680603e-03,1.477545313537120819e-02,-6.775127258151769638e-04,-4.015495628118515015e-02,1.707066297531127930e-01,4.702717415057122707e-04,2.164382953196763992e-03,5.864611826837062836e-03,8.254434168338775635e-02,-3.872942551970481873e-02,3.560963552445173264e-03,5.461917724460363388e-03,5.344782955944538116e-03,5.147278774529695511e-03,5.436171311885118484e-03,-8.796478807926177979e-02,-8.273899555206298828e-02,1.897300407290458679e-02,-1.218492463231086731e-01,5.069655831903219223e-03,1.350382063537836075e-02,4.809743259102106094e-03,4.892935976386070251e-02,-7.881754636764526367e-02,4.083505645394325256e-02,5.940251867286860943e-04,-3.539771586656570435e-02,-6.521687377244234085e-03,-8.176495612133294344e-05,4.949606372974812984e-04,-1.238084957003593445e-01,1.083522886037826538e-01,-8.742526173591613770e-02,3.636670485138893127e-02,-4.765218123793601990e-02,4.865811765193939209e-02,2.425772696733474731e-02,1.960334600880742073e-03,4.988794773817062378e-02,-1.955638267099857330e-02,-5.665570963174104691e-03,5.992498621344566345e-02,-1.922560296952724457e-02,1.227614749222993851e-02,2.614629047457128763e-04,-1.157273817807435989e-02,4.159068688750267029e-03,2.656017022673040628e-04,2.899618819355964661e-03,2.417831122875213623e-01,7.408155594021081924e-03,-1.614703088998794556e-01,4.570112563669681549e-03,-5.392202641814947128e-03,-8.039173483848571777e-02,8.643358200788497925e-02,-3.294533118605613708e-02,-1.559370458126068115e-01,-1.475250273942947388e-01,7.928062975406646729e-02,-1.495041549205780029e-01,-8.201659470796585083e-02,-7.494090497493743896e-02,-4.802133142948150635e-02,4.278458654880523682e-02,-3.526029177010059357e-03,-3.576715011149644852e-03,2.819525822997093201e-02,-1.491891145706176758e-01,-2.832206897437572479e-02,-1.754770576953887939e-01,2.226739004254341125e-02
3.616616129875183105e-02,2.877952456474304199e-01,1.480261050164699554e-02,2.243272215127944946e-02,-1.162785198539495468e-02,2.144175348803400993e-03,4.637765698134899139e-03,3.973325248807668686e-03,2.128295227885246277e-02,5.532160401344299316e-03,2.564612925052642822e-01,3.454824686050415039e-01,1.280490010976791382e-01,7.837076671421527863e-03,4.708229005336761475e-02,8.999208919703960419e-03,2.307327277958393097e-02,2.891380898654460907e-02,2.861766517162322998e-02,-8.265902101993560791e-02,-8.916973136365413666e-03,4.886405542492866516e-03,9.170038998126983643e-02,3.853705944493412971e-03,2.874822169542312622e-02,-9.805385954678058624e-03,-1.427306607365608215e-02,9.549919515848159790e-03,1.511363196186721325e-03,2.389742247760295868e-02,1.182491704821586609e-02,-5.154917598702013493e-04,5.717843770980834961e-03,7.576876878738403320e-02,3.370422497391700745e-02,3.560963552445173264e-03,5.349601618945598602e-03,5.197582300752401352e-03,5.150292068719863892e-03,5.290118511766195297e-03,5.020414665341377258e-02,3.697663247585296631e-01,1.775153540074825287e-02,1.497595161199569702e-01,-2.221246017143130302e-03,1.321016903966665268e-02,4.714990034699440002e-03,4.652557522058486938e-02,3.750842064619064331e-02,4.204030707478523254e-02,-4.517518915235996246e-03,2.893085591495037079e-02,-3.278081491589546204e-02,-4.209508188068866730e-03,-8.761963108554482460e-04,7.703840732574462891e-02,6.209876015782356262e-02,4.196428135037422180e-02,4.733227938413619995e-02,3.180655464529991150e-02,2.417423017323017120e-02,5.187895521521568298e-02,6.520507158711552620e-04,6.985047459602355957e-02,3.794742375612258911e-02,-5.103478208184242249e-03,5.223742499947547913e-02,-3.466419584583491087e-04,1.133710518479347229e-02,1.547064632177352905e-02,4.577004536986351013e-02,-2.929410664364695549e-03,-1.122085959650576115e-03,1.815511379390954971e-03,2.472365051507949829e-01,7.271939888596534729e-03,2.989569008350372314e-01,1.700308546423912048e-02,7.745321490801870823e-04,2.283423840999603271e-01,1.480965167284011841e-01,-1.779746264219284058e-03,2.964735031127929688e-01,6.239247322082519531e-02,7.224923372268676758e-02,-1.803980208933353424e-02,3.149760663509368896e-01,3.999758362770080566e-01,6.847193837165832520e-02,3.728679195046424866e-02,-2.899423474445939064e-03,-2.761570271104574203e-03,2.581089362502098083e-02,3.135395348072052002e-01,1.558865141123533249e-02,2.886917293071746826e-01,1.985249854624271393e-02
5.637595895677804947e-03,5.859605595469474792e-02,1.096273399889469147e-02,1.872641220688819885e-02,-1.162785198539495468e-02,1.063165720552206039e-03,3.407759824767708778e-03,4.047133959829807281e-03,2.777522196993231773e-03,1.544707105495035648e-03,4.462468996644020081e-02,1.092184484004974365e-01,6.982658058404922485e-03,1.214411924593150616e-03,2.609316632151603699e-02,7.778156548738479614e-03,2.307327277958393097e-02,8.815151639282703400e-03,1.006854418665170670e-02,-5.038783419877290726e-03,8.714863099157810211e-03,2.750374563038349152e-02,3.421357646584510803e-02,1.409925869666039944e-03,3.606250742450356483e-03,2.322109183296561241e-03,3.892173292115330696e-03,5.051109008491039276e-03,-3.057961352169513702e-03,3.492038697004318237e-02,4.702717415057122707e-04,2.164382953196763992e-03,5.108649842441082001e-03,2.342375926673412323e-02,2.560073323547840118e-02,3.560963552445173264e-03,5.062365438789129257e-03,4.567079711705446243e-03,4.069636575877666473e-03,4.702067002654075623e-03,1.822258159518241882e-02,3.963463604450225830e-01,7.716763298958539963e-03,2.720104157924652100e-01,2.473563421517610550e-03,9.188944473862648010e-03,3.640709910541772842e-03,3.482635319232940674e-02,7.755919825285673141e-03,2.800037339329719543e-02,-3.444616217166185379e-03,3.391861170530319214e-02,-2.377872588112950325e-03,-8.176495612133294344e-05,-8.761963108554482460e-04,1.448232028633356094e-02,3.507051989436149597e-02,2.021514624357223511e-02,2.617371454834938049e-02,2.687564585357904434e-03,2.789937332272529602e-02,2.425772696733474731e-02,6.520507158711552620e-04,3.749109059572219849e-02,4.054731689393520355e-03,9.579684701748192310e-04,2.298860251903533936e-02,2.006419003009796143e-02,8.605518378317356110e-03,4.569024778902530670e-03,1.004371326416730881e-02,4.159068688750267029e-03,-1.122085959650576115e-03,1.815511379390954971e-03,4.428759217262268066e-02,7.408155594021081924e-03,5.889261513948440552e-02,5.665476899594068527e-03,5.591423716396093369e-03,2.998710572719573975e-01,3.224765360355377197e-01,1.123419031500816345e-02,9.050416946411132812e-02,2.535844594240188599e-02,1.940148696303367615e-02,2.475603297352790833e-02,-1.133445873856544495e-01,1.662363409996032715e-01,5.191847681999206543e-02,1.259483490139245987e-02,-2.899423474445939064e-03,-2.761570271104574203e-03,1.412215270102024078e-02,8.802422881126403809e-02,7.126775104552507401e-03,5.099439993500709534e-02,8.147691376507282257e-03
5.637595895677804947e-03,5.859605595469474792e-02,-1.567004024982452393e-01,1.872641220688819885e-02,-1.162785198539495468e-02,1.063165720552206039e-03,-1.380041707307100296e-02,4.047133959829807281e-03,2.777522196993231773e-03,1.544707105495035648e-03,-1.837197244167327881e-01,3.495883941650390625e-01,6.982658058404922485e-03,-3.454685211181640625e-02,2.609316632151603699e-02,7.778156548738479614e-03,2.307327277958393097e-02,8.815151639282703400e-03,1.865476556122303009e-02,-5.038783419877290726e-03,-8.126309514045715332e-02,-1.952628940343856812e-01,3.421357646584510803e-02,1.409925869666039944e-03,3.606250742450356483e-03,2.322109183296561241e-03,3.892173292115330696e-03,5.051109008491039276e-03,-3.057961352169513702e-03,3.492038697004318237e-02,4.702717415057122707e-04,2.164382953196763992e-03,5.108649842441082001e-03,2.342375926673412323e-02,2.560073323547840118e-02,3.560963552445173264e-03,5.062365438789129257e-03,4.567079711705446243e-03,4.069636575877666473e-03,4.702067002654075623e-03,1.822258159518241882e-02,-8.420799672603607178e-02,7.716763298958539963e-03,-1.905195266008377075e-01,2.473563421517610550e-03,9.188944473862648010e-03,3.640709910541772842e-03,3.482635319232940674e-02,-2.014646530151367188e-01,2.800037339329719543e-02,8.827166631817817688e-03,3.391861170530319214e-02,-2.377872588112950325e-03,-8.176495612133294344e-05,-8.761963108554482460e-04,1.895906627178192139e-01,-4.104150831699371338e-02,3.433151170611381531e-02,2.617371454834938049e-02,-1.611596047878265381e-01,2.789937332272529602e-02,2.425772696733474731e-02,6.520507158711552620e-04,3.749109059572219849e-02,4.054731689393520355e-03,9.579684701748192310e-04,2.298860251903533936e-02,2.006419003009796143e-02,8.605518378317356110e-03,4.569024778902530670e-03,1.004371326416730881e-02,4.159068688750267029e-03,-1.122085959650576115e-03,1.815511379390954971e-03,4.428759217262268066e-02,7.408155594021081924e-03,5.889261513948440552e-02,5.665476899594068527e-03,5.591423716396093369e-03,-1.744679957628250122e-01,3.570003435015678406e-02,1.123419031500816345e-02,9.050416946411132812e-02,2.535844594240188599e-02,1.940148696303367615e-02,2.475603297352790833e-02,-1.217641830444335938e-01,-8.085898309946060181e-02,-6.681790947914123535e-02,1.259483490139245987e-02,-2.899423474445939064e-03,-2.761570271104574203e-03,1.412215270102024078e-02,-9.582329541444778442e-02,7.126775104552507401e-03,-1.956590414047241211e-01,8.147691376507282257e-03
5.637595895677804947e-03,5.859605595469474792e-02,-5.276679247617721558e-02,1.872641220688819885e-02,-1.162785198539495468e-02,1.063165720552206039e-03,3.407759824767708778e-03,4.047133959829807281e-03,2.777522196993231773e-03,1.544707105495035648e-03,2.716564834117889404e-01,-1.334805488586425781e-01,4.480634350329637527e-03,1.214411924593150616e-03,2.609316632151603699e-02,7.778156548738479614e-03,2.307327277958393097e-02,-1.609522402286529541e-01,1.006854418665170670e-02,2.158027738332748413e-01,8.714863099157810211e-03,2.750374563038349152e-02,3.421357646584510803e-02,1.409925869666039944e-03,-1.359162181615829468e-01,-3.116689994931221008e-02,7.948637753725051880e-02,-2.192285843193531036e-02,1.365204751491546631e-01,-2.028693109750747681e-01,-4.798904061317443848e-02,2.164382953196763992e-03,5.108649842441082001e-03,2.342375926673412323e-02,2.560073323547840118e-02,3.560963552445173264e-03,5.062365438789129257e-03,4.567079711705446243e-03,4.069636575877666473e-03,4.702067002654075623e-03,-2.123791575431823730e-01,3.956498205661773682e-01,7.716763298958539963e-03,2.649358212947845459e-01,2.473563421517610550e-03,9.188944473862648010e-03,3.640709910541772842e-03,3.482635319232940674e-02,7.755919825285673141e-03,2.800037339329719543e-02,-3.444616217166185379e-03,3.391861170530319214e-02,-2.377872588112950325e-03,-8.176495612133294344e-05,-8.761963108554482460e-04,2.220919579267501831e-01,3.507051989436149597e-02,2.021514624357223511e-02,2.617371454834938049e-02,-3.468130901455879211e-02,-2.102061361074447632e-02,2.425772696733474731e-02,6.520507158711552620e-04,3.749109059572219849e-02,4.054731689393520355e-03,9.579684701748192310e-04,2.298860251903533936e-02,1.739029437303543091e-01,8.605518378317356110e-03,4.569024778902530670e-03,1.004371326416730881e-02,4.159068688750267029e-03,-1.122085959650576115e-03,1.815511379390954971e-03,4.428759217262268066e-02,7.408155594021081924e-03,5.889261513948440552e-02,5.665476899594068527e-03,5.591423716396093369e-03,2.960059344768524170e-01,2.481288611888885498e-01,1.123419031500816345e-02,9.050416946411132812e-02,2.535844594240188599e-02,1.940148696303367615e-02,2.475603297352790833e-02,3.580327033996582031e-01,-7.999556511640548706e-02,5.191847681999206543e-02,1.259483490139245987e-02,-2.899423474445939064e-03,-2.761570271104574203e-03,1.412215270102024078e-02,8.802422881126403809e-02,7.126775104552507401e-03,5.099439993500709534e-02,8.147691376507282257e-03
-6.440598517656326294e-02,-1.833435893058776855e-01,-9.855021722614765167e-03,2.281629480421543121e-02,-1.800938397645950317e-01,1.063165720552206039e-03,-1.968440366908907890e-03,4.047133959829807281e-03,-3.174379002302885056e-03,5.908953025937080383e-03,-1.588480472564697266e-01,1.476990431547164917e-01,5.034101381897926331e-02,1.092777121812105179e-02,2.174627594649791718e-02,5.471782293170690536e-03,2.307327277958393097e-02,-5.481828004121780396e-02,2.109441719949245453e-02,-1.000560000538825989e-01,2.017814107239246368e-02,-1.605652868747711182e-01,-1.172975674271583557e-01,-2.916906028985977173e-03,2.166440337896347046e-02,-4.262512549757957458e-03,-2.849183790385723114e-02,9.038805961608886719e-03,-1.022120192646980286e-01,2.668928503990173340e-01,4.443634301424026489e-03,-8.356766775250434875e-03,5.894287489354610443e-03,2.949125878512859344e-02,2.560073323547840118e-02,-1.978018879890441895e-02,5.486652255058288574e-03,5.374258384108543396e-03,5.144299473613500595e-03,5.465968046337366104e-03,1.047312095761299133e-02,3.445828557014465332e-01,-2.834137901663780212e-02,-1.380726248025894165e-01,-3.839978948235511780e-03,1.371059194207191467e-02,-5.636991700157523155e-04,4.968556761741638184e-02,4.681437835097312927e-02,4.141800105571746826e-02,6.070981035009026527e-04,-1.952552348375320435e-01,-1.430937647819519043e-02,-2.626181347295641899e-03,-1.958339475095272064e-03,-5.191351845860481262e-02,1.114832162857055664e-01,-4.212668165564537048e-02,3.251957520842552185e-02,-4.508031532168388367e-03,1.441328786313533783e-02,7.784985750913619995e-02,-1.274610869586467743e-03,4.999890178442001343e-02,1.107137277722358704e-02,6.292545702308416367e-03,6.151473894715309143e-02,-3.589590638875961304e-02,1.244458649307489395e-02,5.802743180538527668e-05,2.153689973056316376e-02,2.439946867525577545e-03,-2.195016480982303619e-03,2.897675149142742157e-03,-1.362663358449935913e-01,7.408155594021081924e-03,-1.786324977874755859e-01,5.665476899594068527e-03,9.647979401051998138e-03,6.677153054624795914e-03,1.170292869210243225e-01,7.130695134401321411e-02,2.793058753013610840e-01,2.551419660449028015e-02,1.310225483030080795e-02,-1.155529245734214783e-01,-5.350558832287788391e-02,3.723053634166717529e-01,5.600508674979209900e-02,4.418247565627098083e-02,-3.555406350642442703e-03,-3.605626756325364113e-03,2.894907630980014801e-02,1.324687749147415161e-01,-1.038963627070188522e-02,7.353838533163070679e-02,-3.873517736792564392e-02
-6.476792693138122559e-02,-1.811484396457672119e-01,-5.789418239146471024e-03,2.088801190257072449e-02,-1.162785198539495468e-02,1.063165720552206039e-03,5.113356281071901321e-03,4.025859292596578598e-03,2.432003058493137360e-02,5.934012588113546371e-03,2.544421851634979248e-01,3.433598279953002930e-01,7.910288125276565552e-02,-9.985696524381637573e-03,4.993617162108421326e-02,7.778156548738479614e-03,2.307327277958393097e-02,3.363147377967834473e-02,2.111615054309368134e-02,-5.767491459846496582e-02,2.020136639475822449e-02,-4.537497088313102722e-02,1.047269627451896667e-01,4.340167157351970673e-03,-6.459293514490127563e-02,1.359275821596384048e-02,-5.363554693758487701e-03,1.175525016151368618e-03,8.089722134172916412e-03,3.598966076970100403e-02,-4.468170180916786194e-02,-1.979182846844196320e-02,5.898053292185068130e-03,-2.842185273766517639e-02,3.629292547702789307e-02,3.560963552445173264e-03,5.489853676408529282e-03,5.377988331019878387e-03,5.143989343196153641e-03,5.469756200909614563e-03,1.602965779602527618e-02,4.491303116083145142e-02,-2.854961529374122620e-02,-1.934604942798614502e-01,5.156504455953836441e-03,2.256683306768536568e-03,4.861312918365001678e-03,4.978602752089500427e-02,4.701163619756698608e-02,6.839827448129653931e-02,-4.625173751264810562e-03,8.625732362270355225e-02,9.124271571636199951e-03,-8.176495612133294344e-05,-8.761963108554482460e-04,2.066504396498203278e-02,8.367267996072769165e-02,4.708726331591606140e-02,3.674404323101043701e-02,4.128906875848770142e-02,1.345474421977996826e-01,-2.532696817070245743e-03,6.520507158711552620e-04,7.937616854906082153e-02,1.108419150114059448e-02,-5.770790856331586838e-03,2.645535394549369812e-02,3.849237412214279175e-02,3.772417781874537468e-03,1.676513999700546265e-02,2.156078442931175232e-02,4.159068688750267029e-03,-1.122085959650576115e-03,1.815511379390954971e-03,-1.707395315170288086e-01,3.070448525249958038e-02,2.940123975276947021e-01,3.074179217219352722e-02,9.651140309870243073e-03,1.242941990494728088e-01,8.805527538061141968e-02,3.202629834413528442e-02,3.177996873855590820e-01,7.109140604734420776e-02,8.143600076436996460e-02,-1.794734597206115723e-02,3.350438475608825684e-01,3.977161943912506104e-01,1.138157323002815247e-01,4.436510056257247925e-02,-2.899423474445939064e-03,-2.761570271104574203e-03,2.904931642115116119e-02,2.950336933135986328e-01,4.336757957935333252e-02,7.356350123882293701e-02,2.312568575143814087e-02
4.312061145901679993e-02,2.900185585021972656e-01,2.206751704216003418e-02,1.980051770806312561e-02,-7.999432086944580078e-02,1.063165720552206039e-03,4.960469435900449753e-03,4.047133959829807281e-03,-1.268898253329098225e-03,-5.301617085933685303e-03,2.472542375326156616e-01,3.509156703948974609e-01,7.119168341159820557e-02,-9.696092456579208374e-03,4.890153184533119202e-02,7.778156548738479614e-03,1.661811955273151398e-02,-3.114168345928192139e-02,5.054142698645591736e-02,-2.235541343688964844e-01,1.516854111105203629e-02,1.385878026485443115e-01,-1.091377139091491699e-01,1.409925869666039944e-03,-4.177827015519142151e-02,2.322109183296561241e-03,-1.242589438334107399e-03,5.051109008491039276e-03,-3.927269577980041504e-02,-1.448701974004507065e-02,-4.666626919060945511e-03,-1.915148831903934479e-02,5.848287139087915421e-03,8.162402361631393433e-02,3.575203195214271545e-02,3.560963552445173264e-03,5.062365438789129257e-03,4.567079711705446243e-03,4.069636575877666473e-03,4.702067002654075623e-03,-8.136906474828720093e-02,3.701808452606201172e-01,7.716763298958539963e-03,1.690535098314285278e-01,-3.532349132001399994e-03,9.188944473862648010e-03,4.789294209331274033e-03,4.854534566402435303e-02,-7.671329379081726074e-02,6.643394380807876587e-02,-3.444616217166185379e-03,-1.912091672420501709e-01,9.692258900031447411e-04,-2.554327016696333885e-03,-8.761963108554482460e-04,-1.199288889765739441e-01,9.907080978155136108e-02,-2.482218667864799500e-02,2.970625460147857666e-02,-4.707361012697219849e-02,-1.169854924082756042e-01,-2.187240682542324066e-02,6.520507158711552620e-04,4.864935204386711121e-02,-1.920520141720771790e-02,5.810246802866458893e-03,2.370105683803558350e-02,8.032453060150146484e-02,4.196939989924430847e-03,1.624416001141071320e-02,-4.033385589718818665e-02,5.240336991846561432e-03,-1.122085959650576115e-03,1.815511379390954971e-03,-1.869007796049118042e-01,-1.445131935179233551e-02,1.287459488958120346e-02,5.665476899594068527e-03,9.625284932553768158e-03,9.876026958227157593e-02,2.054880559444427490e-01,-7.512836251407861710e-03,3.268218040466308594e-01,6.896428018808364868e-02,7.832149416208267212e-02,6.745201244484633207e-05,2.815957665443420410e-01,2.087932676076889038e-01,2.036847621202468872e-01,-1.641523689031600952e-01,-2.899423474445939064e-03,-2.761570271104574203e-03,2.781300246715545654e-02,1.999647468328475952e-01,6.914365570992231369e-03,-1.822993010282516479e-01,2.188232727348804474e-02
5.637595895677804947e-03,5.859605595469474792e-02,1.543114706873893738e-02,1.872641220688819885e-02,1.745818108320236206e-01,1.063165720552206039e-03,3.407759824767708778e-03,4.047133959829807281e-03,2.777522196993231773e-03,1.544707105495035648e-03,2.728539109230041504e-01,-4.070583358407020569e-02,8.966473489999771118e-02,2.073138020932674408e-02,7.610248029232025146e-02,7.778156548738479614e-03,2.307327277958393097e-02,8.219424635171890259e-02,-1.558440178632736206e-01,1.640138030052185059e-01,-1.936378888785839081e-02,2.380180805921554565e-01,1.854856759309768677e-01,1.409925869666039944e-03,3.587013855576515198e-02,2.322109183296561241e-03,-4.007899761199951172e-02,5.051109008491039276e-03,-3.057961352169513702e-03,2.752834558486938477e-01,4.702717415057122707e-04,2.164382953196763992e-03,5.108649842441082001e-03,2.342375926673412323e-02,4.637417197227478027e-02,3.560963552445173264e-03,5.062365438789129257e-03,4.567079711705446243e-03,4.069636575877666473e-03,4.702067002654075623e-03,1.822258159518241882e-02,-3.002727031707763672e-02,7.716763298958539963e-03,2.367801815271377563e-01,8.572668768465518951e-03,9.188944473862648010e-03,-5.654628854244947433e-03,6.378335505723953247e-02,-4.510986432433128357e-02,2.800037339329719543e-02,-3.444616217166185379e-03,2.476321309804916382e-01,-2.377872588112950325e-03,-8.176495612133294344e-05,2.390346489846706390e-03,1.773320585489273071e-01,8.888994157314300537e-02,7.382626086473464966e-02,3.138466505333781242e-03,7.043663412332534790e-02,1.158713623881340027e-01,2.425772696733474731e-02,3.727612318471074104e-03,9.615859016776084900e-03,-4.604899138212203979e-02,-1.248688716441392899e-02,4.540098831057548523e-02,1.543682664632797241e-01,8.605518378317356110e-03,4.569024778902530670e-03,1.004371326416730881e-02,4.159068688750267029e-03,2.193430438637733459e-03,3.816268872469663620e-03,-1.728892028331756592e-01,7.408155594021081924e-03,2.751947343349456787e-01,5.665476899594068527e-03,1.380880922079086304e-02,1.241508126258850098e-01,2.220229357481002808e-01,1.324657816439867020e-02,-1.328911185264587402e-01,1.086541563272476196e-01,1.559651046991348267e-01,-1.746220439672470093e-01,-6.535781919956207275e-02,8.629529923200607300e-02,7.738402485847473145e-02,-1.390751302242279053e-01,-3.983603324741125107e-03,-3.834797302260994911e-03,4.303400963544845581e-02,1.581151783466339111e-01,7.126775104552507401e-03,2.918145954608917236e-01,3.713864460587501526e-02
5.637595895677804947e-03,5.859605595469474792e-02,6.237658113241195679e-02,1.872641220688819885e-02,-1.162785198539495468e-02,1.063165720552206039e-03,3.407759824767708778e-03,4.047133959829807281e-03,2.777522196993231773e-03,1.544707105495035648e-03,-1.954153627157211304e-01,-1.310407519340515137e-01,6.982658058404922485e-03,1.214411924593150616e-03,2.609316632151603699e-02,7.778156548738479614e-03,2.307327277958393097e-02,8.815151639282703400e-03,1.006854418665170670e-02,-5.038783419877290726e-03,8.714863099157810211e-03,2.750374563038349152e-02,3.421357646584510803e-02,1.409925869666039944e-03,3.606250742450356483e-03,2.322109183296561241e-03,3.892173292115330696e-03,5.051109008491039276e-03,-3.057961352169513702e-03,3.492038697004318237e-02,4.702717415057122707e-04,2.164382953196763992e-03,5.108649842441082001e-03,2.342375926673412323e-02,2.560073323547840118e-02,3.560963552445173264e-03,5.062365438789129257e-03,4.567079711705446243e-03,4.069636575877666473e-03,4.702067002654075623e-03,1.822258159518241882e-02,3.969184160232543945e-01,7.716763298958539963e-03,1.045407503843307495e-01,2.473563421517610550e-03,9.188944473862648010e-03,3.640709910541772842e-03,3.482635319232940674e-02,7.755919825285673141e-03,2.800037339329719543e-02,-3.444616217166185379e-03,3.391861170530319214e-02,-2.377872588112950325e-03,-8.176495612133294344e-05,-8.761963108554482460e-04,-1.066637709736824036e-01,3.507051989436149597e-02,2.021514624357223511e-02,2.617371454834938049e-02,2.687564585357904434e-03,2.789937332272529602e-02,2.425772696733474731e-02,6.520507158711552620e-04,3.749109059572219849e-02,4.054731689393520355e-03,9.579684701748192310e-04,2.298860251903533936e-02,2.006419003009796143e-02,8.605518378317356110e-03,4.569024778902530670e-03,1.004371326416730881e-02,4.159068688750267029e-03,-1.122085959650576115e-03,1.815511379390954971e-03,4.428759217262268066e-02,7.408155594021081924e-03,5.889261513948440552e-02,5.665476899594068527e-03,5.591423716396093369e-03,3.034161329269409180e-01,3.419438600540161133e-01,1.123419031500816345e-02,9.050416946411132812e-02,2.535844594240188599e-02,1.940148696303367615e-02,2.475603297352790833e-02,3.625953495502471924e-01,1.662363409996032715e-01,5.191847681999206543e-02,1.259483490139245987e-02,-2.899423474445939064e-03,-2.761570271104574203e-03,1.412215270102024078e-02,8.802422881126403809e-02,7.126775104552507401e-03,5.099439993500709534e-02,8.147691376507282257e-03
-9.339697659015655518e-02,2.936056256294250488e-01,1.442824117839336395e-02,1.872641220688819885e-02,1.302252113819122314e-01,1.063165720552206039e-03,-3.260325873270630836e-03,4.047133959829807281e-03,-4.166285507380962372e-03,-9.024779312312602997e-03,-1.743806749582290649e-01,1.668452918529510498e-01,-4.599861428141593933e-02,-1.293347682803869247e-02,5.940021574497222900e-02,7.778156548738479614e-03,2.307327277958393097e-02,1.996964775025844574e-02,-5.167255178093910217e-02,1.135221943259239197e-01,-3.126877173781394958e-02,-2.115164101123809814e-01,1.324461996555328369e-01,-4.953604657202959061e-03,2.493777871131896973e-02,2.322109183296561241e-03,1.450913399457931519e-02,5.051109008491039276e-03,-3.057961352169513702e-03,2.516364157199859619e-01,4.702717415057122707e-04,2.164382953196763992e-03,6.103001534938812256e-03,1.063609793782234192e-01,1.289163436740636826e-02,3.560963552445173264e-03,5.704167298972606659e-03,5.576184019446372986e-03,5.273865535855293274e-03,5.680584814399480820e-03,1.822258159518241882e-02,-8.032670617103576660e-02,-3.959682211279869080e-02,-1.989537030458450317e-01,-5.008014850318431854e-03,-9.615336894057691097e-04,-2.599512925371527672e-03,-1.571423746645450592e-02,5.693842470645904541e-02,4.737586155533790588e-02,2.206593751907348633e-03,1.957208663225173950e-01,-2.377872588112950325e-03,-8.176495612133294344e-05,-2.302753971889615059e-03,-7.769425213336944580e-02,3.399161249399185181e-02,-1.120358183979988098e-01,3.852085024118423462e-02,-7.881672121584415436e-03,8.385477215051651001e-02,2.425772696733474731e-02,6.520507158711552620e-04,5.629162862896919250e-02,1.157593820244073868e-02,9.579684701748192310e-04,2.298860251903533936e-02,6.748377531766891479e-02,1.307307276874780655e-02,2.220643311738967896e-02,-1.568633690476417542e-02,4.159068688750267029e-03,-2.390917390584945679e-03,1.815511379390954971e-03,2.573117911815643311e-01,7.408155594021081924e-03,2.834857106208801270e-01,5.665476899594068527e-03,1.131090056151151657e-02,1.141052767634391785e-01,7.827180437743663788e-03,-4.204297438263893127e-02,-1.544505208730697632e-01,-1.041721776127815247e-01,-7.332395762205123901e-02,-1.974635273218154907e-01,3.817581338807940483e-03,-7.739126682281494141e-02,-4.712552577257156372e-02,4.339088499546051025e-02,-2.899423474445939064e-03,-2.761570271104574203e-03,3.453567624092102051e-02,-1.551162451505661011e-01,4.554188053589314222e-04,2.428109645843505859e-01,2.858978509902954102e-02
5.637595895677804947e-03,5.859605595469474792e-02,-3.131709620356559753e-02,1.872641220688819885e-02,-1.162785198539495468e-02,1.063165720552206039e-03,6.258184555917978287e-03,4.047133959829807281e-03,2.363581955432891846e-02,-1.064200419932603836e-02,-1.967662423849105835e-01,-1.283696144819259644e-01,9.499511681497097015e-03,-1.847981102764606476e-02,2.609316632151603699e-02,7.778156548738479614e-03,2.307327277958393097e-02,-1.664285063743591309e-01,-1.695221811532974243e-01,-5.038783419877290726e-03,-4.068542644381523132e-02,5.852117016911506653e-02,3.421357646584510803e-02,1.409925869666039944e-03,3.606250742450356483e-03,2.322109183296561241e-03,3.892173292115330696e-03,5.051109008491039276e-03,-3.057961352169513702e-03,3.492038697004318237e-02,4.702717415057122707e-04,2.164382953196763992e-03,5.108649842441082001e-03,2.342375926673412323e-02,-2.577974833548069000e-02,3.560963552445173264e-03,5.062365438789129257e-03,4.567079711705446243e-03,4.069636575877666473e-03,4.702067002654075623e-03,1.822258159518241882e-02,3.872888386249542236e-01,7.716763298958539963e-03,-1.710464060306549072e-02,2.473563421517610550e-03,9.188944473862648010e-03,3.640709910541772842e-03,3.482635319232940674e-02,7.755919825285673141e-03,2.800037339329719543e-02,3.257573116570711136e-03,3.391861170530319214e-02,-2.377872588112950325e-03,-8.176495612133294344e-05,-8.761963108554482460e-04,-1.494120359420776367e-01,-4.183255136013031006e-02,8.369521051645278931e-02,4.376180842518806458e-02,-9.428601711988449097e-03,9.922316670417785645e-02,2.425772696733474731e-02,6.520507158711552620e-04,3.749109059572219849e-02,-4.135684296488761902e-02,-1.053984556347131729e-02,8.066456764936447144e-02,-1.829851120710372925e-01,-2.745955018326640129e-03,1.105272024869918823e-02,1.004371326416730881e-02,4.159068688750267029e-03,-1.122085959650576115e-03,1.815511379390954971e-03,-1.942572146654129028e-01,7.408155594021081924e-03,-1.833023279905319214e-01,5.665476899594068527e-03,-1.402297336608171463e-02,1.878891438245773315e-01,6.515169888734817505e-02,-3.776148334145545959e-02,-1.547695100307464600e-01,-5.182416364550590515e-02,1.342933624982833862e-01,5.046073719859123230e-02,-1.065321937203407288e-01,-7.644987851381301880e-02,2.160059660673141479e-01,-1.057643443346023560e-01,-2.899423474445939064e-03,-2.761570271104574203e-03,1.412215270102024078e-02,-1.444406807422637939e-01,-1.977759413421154022e-03,5.099439993500709534e-02,8.147691376507282257e-03
5.637595895677804947e-03,5.859605595469474792e-02,1.543114706873893738e-02,1.872641220688819885e-02,-1.162785198539495468e-02,1.063165720552206039e-03,3.407759824767708778e-03,4.047133959829807281e-03,2.777522196993231773e-03,1.544707105495035648e-03,4.462468996644020081e-02,1.092184484004974365e-01,6.982658058404922485e-03,1.214411924593150616e-03,2.609316632151603699e-02,7.778156548738479614e-03,2.307327277958393097e-02,8.815151639282703400e-03,1.006854418665170670e-02,-5.038783419877290726e-03,8.714863099157810211e-03,2.750374563038349152e-02,3.421357646584510803e-02,1.409925869666039944e-03,3.606250742450356483e-03,2.322109183296561241e-03,3.892173292115330696e-03,5.051109008491039276e-03,-3.057961352169513702e-03,3.492038697004318237e-02,4.702717415057122707e-04,2.164382953196763992e-03,5.108649842441082001e-03,2.342375926673412323e-02,2.560073323547840118e-02,3.560963552445173264e-03,5.062365438789129257e-03,4.567079711705446243e-03,4.069636575877666473e-03,4.702067002654075623e-03,1.822258159518241882e-02,-8.518189936876296997e-02,7.716763298958539963e-03,-2.126267701387405396e-01,2.473563421517610550e-03,9.188944473862648010e-03,3.640709910541772842e-03,3.482635319232940674e-02,7.755919825285673141e-03,2.800037339329719543e-02,-3.444616217166185379e-03,3.391861170530319214e-02,-2.377872588112950325e-03,-8.176495612133294344e-05,-8.761963108554482460e-04,1.448232028633356094e-02,3.507051989436149597e-02,2.021514624357223511e-02,2.617371454834938049e-02,2.687564585357904434e-03,2.789937332272529602e-02,2.425772696733474731e-02,6.520507158711552620e-04,3.749109059572219849e-02,4.054731689393520355e-03,9.579684701748192310e-04,2.298860251903533936e-02,2.006419003009796143e-02,8.605518378317356110e-03,4.569024778902530670e-03,1.004371326416730881e-02,4.159068688750267029e-03,-1.122085959650576115e-03,1.815511379390954971e-03,4.428759217262268066e-02,7.408155594021081924e-03,5.889261513948440552e-02,5.665476899594068527e-03,5.591423716396093369e-03,2.981265485286712646e-01,-1.348939239978790283e-01,1.123419031500816345e-02,9.050416946411132812e-02,2.535844594240188599e-02,1.940148696303367615e-02,2.475603297352790833e-02,-1.247777640819549561e-01,1.662363409996032715e-01,5.191847681999206543e-02,1.259483490139245987e-02,-2.899423474445939064e-03,-2.761570271104574203e-03,1.412215270102024078e-02,8.802422881126403809e-02,7.126775104552507401e-03,5.099439993500709534e-02,8.147691376507282257e-03
-3.069655783474445343e-02,2.962596714496612549e-01,1.543114706873893738e-02,1.872641220688819885e-02,-1.162785198539495468e-02,1.063165720552206039e-03,3.407759824767708778e-03,4.047133959829807281e-03,2.777522196993231773e-03,1.544707105495035648e-03,2.659562826156616211e-01,3.457941114902496338e-01,-4.040196537971496582e-02,-1.989407464861869812e-02,1.745093986392021179e-02,7.778156548738479614e-03,2.307327277958393097e-02,1.277566403150558472e-01,8.039452135562896729e-02,1.573918014764785767e-01,2.045034803450107574e-02,2.541732788085937500e-01,4.495838657021522522e-02,1.409925869666039944e-03,3.310776129364967346e-02,2.322109183296561241e-03,-3.746387735009193420e-02,5.051109008491039276e-03,-3.057961352169513702e-03,-1.663293838500976562e-01,4.702717415057122707e-04,2.164382953196763992e-03,3.889869549311697483e-05,-1.560834646224975586e-01,4.550601169466972351e-02,3.560963552445173264e-03,6.003334652632474899e-03,5.646214354783296585e-03,6.122374907135963440e-03,5.785276647657155991e-03,1.822258159518241882e-02,-7.127028703689575195e-02,-5.321364849805831909e-02,2.331443130970001221e-01,8.078348822891712189e-03,-3.881228622049093246e-03,-4.743584431707859039e-03,6.146280094981193542e-02,7.169836014509201050e-02,2.800037339329719543e-02,-3.444616217166185379e-03,-1.906221359968185425e-01,-2.377872588112950325e-03,-8.176495612133294344e-05,-8.761963108554482460e-04,1.702839285135269165e-01,-3.101886017248034477e-03,2.977542206645011902e-02,-2.992813847959041595e-02,6.602872908115386963e-02,1.090338900685310364e-01,2.425772696733474731e-02,6.520507158711552620e-04,6.143426895141601562e-02,7.574643194675445557e-02,-1.147152576595544815e-02,3.113691881299018860e-02,-4.112721234560012817e-02,8.605518378317356110e-03,4.569024778902530670e-03,1.004371326416730881e-02,4.159068688750267029e-03,-1.122085959650576115e-03,1.815511379390954971e-03,-1.875867247581481934e-01,7.408155594021081924e-03,-1.286666002124547958e-02,5.665476899594068527e-03,-1.546667143702507019e-02,1.216964796185493469e-01,2.139350771903991699e-01,1.745850034058094025e-02,3.248773813247680664e-01,1.653594709932804108e-02,1.478762626647949219e-01,1.092515960335731506e-01,3.464318215847015381e-01,2.943303585052490234e-01,7.581128180027008057e-02,-1.183662638068199158e-01,-2.899423474445939064e-03,-2.761570271104574203e-03,4.072005674242973328e-02,2.977337539196014404e-01,7.126775104552507401e-03,-1.861328780651092529e-01,3.481217101216316223e-02
5.637595895677804947e-03,5.859605595469474792e-02,-1.247432753443717957e-01,1.872641220688819885e-02,-1.162785198539495468e-02,1.063165720552206039e-03,3.407759824767708778e-03,4.047133959829807281e-03,2.777522196993231773e-03,1.544707105495035648e-03,-2.001951932907104492e-01,-1.376574337482452393e-01,6.982658058404922485e-03,1.214411924593150616e-03,2.609316632151603699e-02,7.778156548738479614e-03,2.307327277958393097e-02,8.815151639282703400e-03,1.006854418665170670e-02,2.277657389640808105e-01,8.714863099157810211e-03,-2.121120095252990723e-01,3.421357646584510803e-02,1.409925869666039944e-03,3.606250742450356483e-03,2.322109183296561241e-03,3.892173292115330696e-03,5.051109008491039276e-03,1.494401693344116211e-01,3.492038697004318237e-02,-8.484083414077758789e-02,5.589409917593002319e-02,5.108649842441082001e-03,2.342375926673412323e-02,2.560073323547840118e-02,3.560963552445173264e-03,5.062365438789129257e-03,4.567079711705446243e-03,4.069636575877666473e-03,4.702067002654075623e-03,1.822258159518241882e-02,1.893584728240966797e-01,7.716763298958539963e-03,-2.016971558332443237e-01,2.473563421517610550e-03,9.188944473862648010e-03,3.640709910541772842e-03,3.482635319232940674e-02,7.755919825285673141e-03,2.800037339329719543e-02,-3.444616217166185379e-03,3.391861170530319214e-02,-2.377872588112950325e-03,-8.176495612133294344e-05,-8.761963108554482460e-04,-2.148989289999008179e-01,1.177344694733619690e-01,2.021514624357223511e-02,-3.543565049767494202e-02,2.687564585357904434e-03,2.789937332272529602e-02,2.425772696733474731e-02,6.520507158711552620e-04,3.749109059572219849e-02,4.054731689393520355e-03,9.579684701748192310e-04,2.298860251903533936e-02,2.006419003009796143e-02,8.605518378317356110e-03,4.569024778902530670e-03,1.004371326416730881e-02,4.159068688750267029e-03,-1.122085959650576115e-03,1.815511379390954971e-03,4.428759217262268066e-02,7.408155594021081924e-03,5.889261513948440552e-02,5.665476899594068527e-03,5.591423716396093369e-03,2.562533691525459290e-02,2.587059438228607178e-01,1.123419031500816345e-02,9.050416946411132812e-02,2.535844594240188599e-02,1.940148696303367615e-02,2.475603297352790833e-02,1.409827470779418945e-01,1.662363409996032715e-01,-1.814056634902954102e-01,-2.258792519569396973e-01,-2.899423474445939064e-03,-2.761570271104574203e-03,1.412215270102024078e-02,8.802422881126403809e-02,7.126775104552507401e-03,5.099439993500709534e-02,8.147691376507282257e-03
6.318550556898117065e-02,2.953649163246154785e-01,2.512482367455959320e-02,1.872641220688819885e-02,-1.162785198539495468e-02,1.063165720552206039e-03,6.134138908237218857e-03,4.047133959829807281e-03,2.322550863027572632e-02,-1.031636726111173630e-02,2.790273129940032959e-01,3.496766090393066406e-01,-2.957322821021080017e-02,1.629154011607170105e-02,6.928382068872451782e-02,7.778156548738479614e-03,2.307327277958393097e-02,8.815151639282703400e-03,7.097550481557846069e-02,1.415914297103881836e-01,1.974060572683811188e-02,2.506913840770721436e-01,1.605285257101058960e-01,1.409925869666039944e-03,2.844496630132198334e-02,2.322109183296561241e-03,1.579698920249938965e-02,5.051109008491039276e-03,-3.057961352169513702e-03,3.389252349734306335e-02,-2.398672141134738922e-02,1.944126561284065247e-02,6.188242230564355850e-03,1.325920969247817993e-01,4.277217388153076172e-02,3.560963552445173264e-03,5.894264206290245056e-03,5.649583414196968079e-03,5.759251769632101059e-03,5.777358077466487885e-03,8.607945591211318970e-02,3.405419290065765381e-01,2.768263407051563263e-02,2.240453660488128662e-01,6.911612115800380707e-03,1.658332720398902893e-02,5.995277315378189087e-03,5.802229419350624084e-02,6.440725922584533691e-02,2.800037339329719543e-02,-3.444616217166185379e-03,2.385064959526062012e-01,-2.377872588112950325e-03,-8.176495612133294344e-05,-8.761963108554482460e-04,1.536980718374252319e-01,8.253192901611328125e-02,2.788642421364784241e-02,4.299977049231529236e-02,5.888717249035835266e-02,2.474303543567657471e-01,-3.360019624233245850e-02,6.520507158711552620e-04,5.931675806641578674e-02,1.443234365433454514e-02,9.579684701748192310e-04,2.298860251903533936e-02,7.453123480081558228e-02,1.009769085794687271e-02,1.095704920589923859e-02,1.004371326416730881e-02,4.159068688750267029e-03,-1.122085959650576115e-03,1.815511379390954971e-03,2.649483382701873779e-01,2.760624326765537262e-02,2.751953303813934326e-01,5.665476899594068527e-03,1.222645118832588196e-02,1.650156825780868530e-01,2.255754470825195312e-01,8.427578210830688477e-02,3.321093022823333740e-01,9.093986451625823975e-02,1.300859600305557251e-01,2.226487547159194946e-01,3.491369485855102539e-01,4.065239131450653076e-01,7.371856272220611572e-02,2.083551734685897827e-01,-2.899423474445939064e-03,-2.761570271104574203e-03,3.729667514562606812e-02,2.977068126201629639e-01,-3.310162341222167015e-03,2.912294864654541016e-01,3.135826066136360168e-02
4.207004606723785400e-02,2.897137999534606934e-01,-6.769302766770124435e-03,1.872641220688819885e-02,-5.212132260203361511e-02,5.819122307002544403e-04,4.903391934931278229e-03,4.047133959829807281e-03,2.340682409703731537e-02,-5.202212836593389511e-03,-1.461715996265411377e-01,2.900739312171936035e-01,-1.210867986083030701e-01,9.867666289210319519e-03,4.857420548796653748e-02,9.259311482310295105e-03,2.720475196838378906e-02,-4.584680125117301941e-02,-1.091686189174652100e-01,-2.173775434494018555e-01,-1.281617581844329834e-02,-9.719703346490859985e-02,9.882157295942306519e-02,-2.672994276508688927e-03,3.631738200783729553e-02,-1.193613279610872269e-02,-2.701731957495212555e-02,1.065979897975921631e-02,-2.568124979734420776e-02,1.817845851182937622e-01,-5.212951079010963440e-02,-4.131264239549636841e-02,5.828720983117818832e-03,8.058997243642807007e-02,-1.723332563415169716e-03,1.731671579182147980e-02,5.433071870356798172e-03,5.308987107127904892e-03,5.151065066456794739e-03,5.400271154940128326e-03,1.164193823933601379e-02,1.892357617616653442e-01,1.878588274121284485e-02,1.662227660417556763e-01,5.005239043384790421e-03,1.333984546363353729e-02,4.768600221723318100e-03,4.812012612819671631e-02,4.331357777118682861e-02,2.800037339329719543e-02,-9.820490377023816109e-04,-1.531880348920822144e-02,-2.377872588112950325e-03,-8.176495612133294344e-05,4.120075609534978867e-04,-4.707218706607818604e-02,8.106041699647903442e-02,-6.907000392675399780e-02,1.383777149021625519e-02,3.754759952425956726e-02,-1.635134369134902954e-01,2.425772696733474731e-02,1.887650694698095322e-03,4.943225160241127014e-02,4.395593330264091492e-02,5.625333171337842941e-03,2.597068063914775848e-02,-2.074271440505981445e-02,4.318731836974620819e-03,-1.167551963590085506e-03,-3.994713723659515381e-02,4.159068688750267029e-03,-2.199803711846470833e-03,2.899696584790945053e-03,2.391146123409271240e-01,7.408155594021081924e-03,1.356454379856586456e-02,5.665476899594068527e-03,9.608081541955471039e-03,-9.248659014701843262e-02,1.853162348270416260e-01,3.321084752678871155e-02,3.302727639675140381e-01,6.807095557451248169e-02,7.724368572235107422e-02,1.693117916584014893e-01,-7.153303176164627075e-02,3.526703119277954102e-01,-7.998213171958923340e-02,-6.290666013956069946e-02,-3.491147886961698532e-03,-3.541312878951430321e-03,2.739021927118301392e-02,6.176666542887687683e-02,6.914922501891851425e-03,2.886933386325836182e-01,2.145568095147609711e-02
6.195557489991188049e-02,2.951638996601104736e-01,1.435476727783679962e-02,2.226567268371582031e-02,-1.162785198539495468e-02,1.063165720552206039e-03,3.407759824767708778e-03,4.047133959829807281e-03,2.777522196993231773e-03,1.544707105495035648e-03,2.132646739482879639e-01,3.375631272792816162e-01,6.982658058404922485e-03,-1.735248789191246033e-02,6.813865900039672852e-02,7.778156548738479614e-03,2.307327277958393097e-02,4.134340211749076843e-02,-2.533591911196708679e-02,1.381463110446929932e-01,1.957838237285614014e-02,-1.897415369749069214e-01,1.568853259086608887e-01,1.409925869666039944e-03,2.776373364031314850e-02,2.322109183296561241e-03,1.557218749076128006e-02,5.051109008491039276e-03,-3.057961352169513702e-03,2.424750775098800659e-01,4.702717415057122707e-04,2.164382953196763992e-03,6.183318328112363815e-03,1.289884150028228760e-01,4.210410639643669128e-02,3.560963552445173264e-03,5.870366003364324570e-03,5.646226461976766586e-03,5.683639086782932281e-03,5.770820658653974533e-03,-1.523575484752655029e-01,-5.217799171805381775e-02,2.722600102424621582e-02,2.219599485397338867e-01,6.756142247468233109e-03,1.632604189217090607e-02,5.943089723587036133e-03,5.756567791104316711e-02,6.325297057628631592e-02,5.679161846637725830e-02,-3.444616217166185379e-03,2.370036542415618896e-01,-2.377872588112950325e-03,-8.176495612133294344e-05,-8.761963108554482460e-04,1.501293033361434937e-01,2.307763323187828064e-02,2.758088521659374237e-02,4.232481122016906738e-02,5.775829404592514038e-02,-4.556615650653839111e-02,7.087246328592300415e-02,6.520507158711552620e-04,5.900560319423675537e-02,6.420902907848358154e-02,9.170810692012310028e-03,7.810490578413009644e-02,1.293517351150512695e-01,8.605518378317356110e-03,4.569024778902530670e-03,1.004371326416730881e-02,4.159068688750267029e-03,-1.122085959650576115e-03,1.815511379390954971e-03,2.640984356403350830e-01,2.717799320816993713e-02,2.878676950931549072e-01,-3.712035715579986572e-02,1.217209082096815109e-02,-6.541687250137329102e-02,2.365927249193191528e-01,8.187149465084075928e-02,3.320419192314147949e-01,8.906148374080657959e-02,1.264907866716384888e-01,2.208086550235748291e-01,3.376025855541229248e-01,-1.681499555706977844e-02,-2.308606635779142380e-03,2.064439505338668823e-01,-2.899423474445939064e-03,-2.761570271104574203e-03,3.684283420443534851e-02,-1.361552625894546509e-01,-1.125906477682292461e-03,2.911369502544403076e-01,3.089958615601062775e-02
-6.422703713178634644e-02,-1.811066865921020508e-01,2.239921316504478455e-02,2.087302878499031067e-02,5.871740356087684631e-02,1.063165720552206039e-03,5.095628555864095688e-03,4.024018533527851105e-03,-3.158243605867028236e-03,-5.649353843182325363e-03,2.780426442623138428e-01,3.439575433731079102e-01,4.029797390103340149e-02,9.352645836770534515e-03,4.980166256427764893e-02,7.778156548738479614e-03,2.307327277958393097e-02,2.914907410740852356e-02,-5.583667382597923279e-02,8.802887797355651855e-02,-5.188566283322870731e-04,-1.697045713663101196e-01,1.041978597640991211e-01,1.409925869666039944e-03,6.172551214694976807e-02,9.244414977729320526e-03,1.520286034792661667e-02,9.034767746925354004e-03,4.935060068964958191e-02,2.526001036167144775e-01,1.397318765521049500e-02,1.929257251322269440e-02,5.892409943044185638e-03,8.424670249223709106e-02,3.624127805233001709e-02,1.414193119853734970e-02,3.269242355599999428e-03,5.372396670281887054e-03,5.443331974674947560e-05,5.464079789817333221e-03,6.479547172784805298e-02,-3.783711791038513184e-02,1.911823637783527374e-02,1.753607541322708130e-01,5.139134358614683151e-03,1.369564980268478394e-02,4.851667676120996475e-03,4.963579401373863220e-02,4.671578109264373779e-02,2.800037339329719543e-02,-3.444616217166185379e-03,1.748806834220886230e-01,-3.951649996452033520e-04,-8.176495612133294344e-05,5.680070025846362114e-04,9.316650778055191040e-02,7.242781668901443481e-02,6.005239114165306091e-02,5.020324885845184326e-02,-6.964471936225891113e-02,1.395687907934188843e-01,9.010346978902816772e-02,2.026392845436930656e-03,5.034735798835754395e-02,1.105648744851350784e-02,6.272331811487674713e-03,6.141483038663864136e-02,-6.852903217077255249e-02,1.243541948497295380e-02,-1.674679922871291637e-03,5.456932634115219116e-02,7.017931900918483734e-03,3.401931317057460546e-04,2.897835103794932365e-03,-1.579206734895706177e-01,7.408155594021081924e-03,2.922183573246002197e-01,5.665476899594068527e-03,1.498843356966972351e-02,5.877309478819370270e-03,1.369250267744064331e-01,1.435426436364650726e-02,3.305779993534088135e-01,7.085984200239181519e-02,-1.777012944221496582e-01,-1.057399809360504150e-01,2.850745320320129395e-01,3.917081654071807861e-01,2.340610772371292114e-01,4.409180954098701477e-02,-1.807996537536382675e-03,-1.553088426589965820e-03,2.889941819012165070e-02,3.135848343372344971e-01,4.305874556303024292e-02,2.891170978546142578e-01,2.297523245215415955e-02
1.458358317613601685e-01,1.115354746580123901e-01,1.543114706873893738e-02,1.872641220688819885e-02,-1.162785198539495468e-02,1.063165720552206039e-03,3.407759824767708778e-03,4.047133959829807281e-03,2.777522196993231773e-03,1.544707105495035648e-03,4.462468996644020081e-02,1.092184484004974365e-01,6.982658058404922485e-03,-4.122899100184440613e-02,2.609316632151603699e-02,7.778156548738479614e-03,2.307327277958393097e-02,8.815151639282703400e-03,1.585736870765686035e-01,-5.038783419877290726e-03,3.145879879593849182e-02,-1.907900273799896240e-01,3.421357646584510803e-02,1.409925869666039944e-03,3.606250742450356483e-03,2.322109183296561241e-03,3.892173292115330696e-03,5.051109008491039276e-03,-3.057961352169513702e-03,3.492038697004318237e-02,4.702717415057122707e-04,2.164382953196763992e-03,7.055471651256084442e-03,2.182151526212692261e-01,6.376862525939941406e-02,3.560963552445173264e-03,5.062365438789129257e-03,4.567079711705446243e-03,4.069636575877666473e-03,4.702067002654075623e-03,1.822258159518241882e-02,3.905759453773498535e-01,7.716763298958539963e-03,-2.977291308343410492e-02,2.473563421517610550e-03,9.188944473862648010e-03,3.640709910541772842e-03,3.482635319232940674e-02,1.448562741279602051e-01,2.800037339329719543e-02,-3.444616217166185379e-03,3.391861170530319214e-02,-2.377872588112950325e-03,-8.176495612133294344e-05,5.406122189015150070e-03,1.448232028633356094e-02,1.373959630727767944e-01,3.892309591174125671e-02,6.371246278285980225e-02,2.687564585357904434e-03,2.789937332272529602e-02,2.425772696733474731e-02,6.761054508388042450e-03,3.749109059572219849e-02,4.054731689393520355e-03,9.579684701748192310e-04,2.298860251903533936e-02,2.006419003009796143e-02,8.605518378317356110e-03,4.569024778902530670e-03,1.004371326416730881e-02,4.159068688750267029e-03,5.195272155106067657e-03,5.717514082789421082e-03,4.428759217262268066e-02,7.408155594021081924e-03,5.889261513948440552e-02,5.665476899594068527e-03,2.066727541387081146e-02,1.784792542457580566e-01,4.158286377787590027e-02,6.716669350862503052e-02,3.331272602081298828e-01,1.823655962944030762e-01,2.143978178501129150e-01,2.396928369998931885e-01,-9.121578931808471680e-02,-5.459381639957427979e-02,1.011765003204345703e-01,2.399482876062393188e-01,-4.447211045771837234e-03,-4.879672080278396606e-03,1.412215270102024078e-02,3.034657537937164307e-01,7.126775104552507401e-03,-1.933554261922836304e-01,8.147691376507282257e-03
5.637595895677804947e-03,5.859605595469474792e-02,2.189378440380096436e-02,1.872641220688819885e-02,-1.162785198539495468e-02,1.063165720552206039e-03,1.023345161229372025e-02,4.047133959829807281e-03,-5.435527861118316650e-02,2.119847945868968964e-02,-1.882138848304748535e-01,-1.386720985174179077e-01,6.982658058404922485e-03,-4.504354298114776611e-02,2.609316632151603699e-02,7.778156548738479614e-03,2.307327277958393097e-02,8.815151639282703400e-03,-5.937677994370460510e-02,-5.038783419877290726e-03,-4.686499014496803284e-02,-1.933290362358093262e-01,3.421357646584510803e-02,1.409925869666039944e-03,3.606250742450356483e-03,2.322109183296561241e-03,3.892173292115330696e-03,5.051109008491039276e-03,-3.057961352169513702e-03,3.492038697004318237e-02,4.702717415057122707e-04,2.164382953196763992e-03,5.108649842441082001e-03,2.342375926673412323e-02,2.560073323547840118e-02,3.560963552445173264e-03,5.062365438789129257e-03,4.567079711705446243e-03,4.069636575877666473e-03,4.702067002654075623e-03,1.822258159518241882e-02,3.948338329792022705e-01,7.716763298958539963e-03,-1.979046911001205444e-01,2.473563421517610550e-03,9.188944473862648010e-03,3.640709910541772842e-03,3.482635319232940674e-02,7.755919825285673141e-03,2.800037339329719543e-02,-3.444616217166185379e-03,3.391861170530319214e-02,-2.377872588112950325e-03,-8.176495612133294344e-05,-8.761963108554482460e-04,-2.064323872327804565e-01,-3.652169927954673767e-02,4.060235247015953064e-02,6.817735731601715088e-02,2.687564585357904434e-03,2.789937332272529602e-02,2.425772696733474731e-02,6.520507158711552620e-04,3.749109059572219849e-02,4.054731689393520355e-03,9.579684701748192310e-04,2.298860251903533936e-02,2.006419003009796143e-02,1.265198551118373871e-02,1.937737688422203064e-02,1.004371326416730881e-02,4.159068688750267029e-03,-1.122085959650576115e-03,1.815511379390954971e-03,4.428759217262268066e-02,7.408155594021081924e-03,5.889261513948440552e-02,5.665476899594068527e-03,5.591423716396093369e-03,6.716175377368927002e-02,6.191760674118995667e-02,1.123419031500816345e-02,9.050416946411132812e-02,2.535844594240188599e-02,1.940148696303367615e-02,2.475603297352790833e-02,1.913176774978637695e-01,-7.091424614191055298e-02,1.042776331305503845e-01,2.419632375240325928e-01,-2.899423474445939064e-03,-2.761570271104574203e-03,1.412215270102024078e-02,3.158389031887054443e-01,7.126775104552507401e-03,5.099439993500709534e-02,8.147691376507282257e-03
-1.354603376239538193e-02,2.913568317890167236e-01,4.414924606680870056e-02,2.099447697401046753e-02,3.942602872848510742e-02,1.063165720552206039e-03,5.247090011835098267e-03,4.047133959829807281e-03,-1.475605997256934643e-03,6.283270195126533508e-03,-1.888228207826614380e-01,2.854117751121520996e-01,8.517211303114891052e-03,1.155330147594213486e-02,5.110609158873558044e-02,7.778156548738479614e-03,2.307327277958393097e-02,-5.764306336641311646e-02,7.364432513713836670e-02,-1.748363524675369263e-01,2.053161896765232086e-02,-1.430713944137096405e-02,1.089749634265899658e-01,1.409925869666039944e-03,-2.326266095042228699e-02,9.690310806035995483e-03,-1.549242064356803894e-02,9.089891798794269562e-03,-4.414050281047821045e-02,2.680223584175109863e-01,-5.572129040956497192e-03,-1.791005837731063366e-03,5.940144881606101990e-03,8.763391524553298950e-02,3.660957515239715576e-02,6.352263037115335464e-03,5.526788067072629929e-03,5.419544875621795654e-03,5.142699927091598511e-03,2.204232383519411087e-03,1.163203362375497818e-02,3.438971638679504395e-01,1.945345662534236908e-02,1.820891648530960083e-01,5.333425477147102356e-03,1.868804800324141979e-03,4.945895168930292130e-03,5.095702037215232849e-02,4.917427524924278259e-02,7.046662271022796631e-02,-4.697413183748722076e-03,2.344344109296798706e-01,-6.970970425754785538e-03,-8.176495612133294344e-05,-1.981538720428943634e-03,9.893824905157089233e-02,8.518505841493606567e-02,6.246390193700790405e-02,3.709885478019714355e-02,-5.060429219156503677e-03,-2.329424209892749786e-02,8.036786317825317383e-02,-1.411173027008771896e-03,5.136178806424140930e-02,1.151588559150695801e-02,-6.015921477228403091e-03,6.391399353742599487e-02,3.544303774833679199e-02,-4.119315184652805328e-03,-1.889610080979764462e-03,5.656813830137252808e-02,4.159068688750267029e-03,-2.199097303673624992e-03,2.892840653657913208e-03,2.469764649868011475e-01,7.408155594021081924e-03,-1.636337637901306152e-01,5.665476899594068527e-03,9.731244295835494995e-03,9.024474024772644043e-02,1.986608654260635376e-01,6.150029599666595459e-02,3.271484375000000000e-01,7.275775820016860962e-02,8.456951379776000977e-02,7.572708278894424438e-02,3.201989829540252686e-01,4.010729789733886719e-01,6.012839078903198242e-02,4.647765681147575378e-02,-3.601950826123356819e-03,-1.459625666029751301e-03,3.021924011409282684e-02,-9.142646193504333496e-02,1.241789781488478184e-03,7.385843992233276367e-02,2.429750747978687286e-02
-1.291224174201488495e-02,-1.507038772106170654e-01,-1.973682083189487457e-02,2.276221662759780884e-02,-1.162785198539495468e-02,1.063165720552206039e-03,4.893394652754068375e-03,4.003243520855903625e-03,-2.491274615749716759e-03,5.631965119391679764e-03,-2.901384979486465454e-02,2.409534901380538940e-01,8.058114908635616302e-03,-9.518322534859180450e-03,2.426101639866828918e-02,5.622811149805784225e-03,4.271083325147628784e-02,-8.716674149036407471e-02,2.055197022855281830e-02,5.808412656188011169e-02,1.981333270668983459e-02,1.104230880737304688e-01,9.855516999959945679e-02,4.043996334075927734e-03,-8.688719570636749268e-02,1.316749490797519684e-02,-3.036703448742628098e-03,1.062390394508838654e-02,4.691639915108680725e-02,1.962046623229980469e-01,1.277247723191976547e-02,1.744011230766773224e-02,5.825209897011518478e-03,8.041183650493621826e-02,3.543759137392044067e-02,3.560963552445173264e-03,3.477804129943251610e-03,5.305477883666753769e-03,2.664429775904864073e-04,5.396766588091850281e-03,7.194844633340835571e-02,2.951443195343017578e-01,1.876576989889144897e-02,8.793948590755462646e-02,4.999705590307712555e-03,2.570464275777339935e-03,4.765307996422052383e-03,4.804817214608192444e-02,4.312434419989585876e-02,-3.325174748897552490e-02,-4.549024160951375961e-03,-3.583378344774246216e-02,7.997177308425307274e-04,2.350791124626994133e-03,-8.761963108554482460e-04,8.608037233352661133e-02,8.091981709003448486e-02,-3.966009244322776794e-02,3.581708669662475586e-02,-4.625238478183746338e-02,-2.388462051749229431e-02,-1.204679980874061584e-01,6.520507158711552620e-04,5.743804946541786194e-02,1.071465574204921722e-02,5.594180431216955185e-03,-8.098893798887729645e-03,-2.164698950946331024e-02,4.337627440690994263e-03,-1.133337034843862057e-03,2.093606255948543549e-02,2.649990376085042953e-03,-1.122085959650576115e-03,1.815511379390954971e-03,2.769909203052520752e-01,-1.458755787461996078e-02,-1.545749455690383911e-01,4.585915245115756989e-03,-3.257761709392070770e-04,2.616022527217864990e-01,1.849448084831237793e-01,-3.975721076130867004e-02,-1.299346089363098145e-01,2.122789621353149414e-02,7.705803960561752319e-02,4.713858664035797119e-02,9.346930682659149170e-02,4.031897783279418945e-01,1.141154840588569641e-01,-6.254737824201583862e-02,-2.899423474445939064e-03,-2.761570271104574203e-03,2.731872908771038055e-02,3.143407106399536133e-01,3.944298997521400452e-02,7.310555875301361084e-02,2.138345316052436829e-02
-1.289410237222909927e-02,2.704824209213256836e-01,4.287258535623550415e-02,1.872641220688819885e-02,6.193394213914871216e-02,1.063165720552206039e-03,-2.149755833670496941e-03,4.047133959829807281e-03,2.449007332324981689e-02,6.030714139342308044e-03,2.321491949260234833e-03,3.106370270252227783e-01,1.168413832783699036e-02,-1.005327422171831131e-02,5.027208849787712097e-02,7.778156548738479614e-03,2.307327277958393097e-02,-3.725392045453190804e-03,5.357273668050765991e-02,9.762668609619140625e-02,1.531336735934019089e-02,-5.059726536273956299e-02,1.060071885585784912e-01,4.421804565936326981e-03,4.055887088179588318e-02,9.393173269927501678e-03,-8.629221119917929173e-04,9.067142382264137268e-03,-1.370209269225597382e-02,9.407728165388107300e-02,-2.043203823268413544e-02,-1.680458895862102509e-03,5.911315791308879852e-03,2.960940264165401459e-02,3.640510514378547668e-02,6.241691298782825470e-03,5.501260049641132355e-03,5.391113925725221634e-03,3.666953125502914190e-05,5.483116488903760910e-03,6.552532315254211426e-02,3.419217765331268311e-01,1.923250965774059296e-02,1.780351400375366211e-01,5.202720873057842255e-03,1.385668944567441940e-02,4.885540809482336044e-03,5.014657229185104370e-02,4.770192876458168030e-02,2.800037339329719543e-02,-4.645501263439655304e-03,-1.696523725986480713e-01,-6.748497486114501953e-03,-8.176495612133294344e-05,-1.964907161891460419e-03,-5.335636436939239502e-02,3.648007661104202271e-02,9.737035632133483887e-02,-6.191559601575136185e-03,4.199335351586341858e-02,-1.174859777092933655e-01,5.125270783901214600e-02,2.075922442600131035e-03,2.283522300422191620e-02,2.649031952023506165e-02,-5.831597372889518738e-03,-4.180225729942321777e-02,8.115177601575851440e-02,1.251754816621541977e-02,1.695179380476474762e-02,2.048385888338088989e-02,4.159068688750267029e-03,-2.195444656535983086e-03,2.896027639508247375e-03,2.722296118736267090e-01,3.099535033106803894e-02,2.895496189594268799e-01,5.665476899594068527e-03,-5.650096107274293900e-03,2.577187120914459229e-01,1.702068448066711426e-01,6.046097725629806519e-02,3.270923793315887451e-01,7.162731885910034180e-02,8.236910402774810791e-02,-3.776520024985074997e-03,3.189623355865478516e-01,3.951290845870971680e-01,1.523832678794860840e-01,-6.253219395875930786e-02,-3.572513116523623466e-03,-3.622049232944846153e-03,2.940924651920795441e-02,2.866541147232055664e-01,3.663346543908119202e-02,-1.828614771366119385e-01,2.348665520548820496e-02
5.143843591213226318e-02,2.923999428749084473e-01,-7.489448413252830505e-03,2.115976437926292419e-02,-1.162785198539495468e-02,1.063165720552206039e-03,5.488997325301170349e-03,4.047133959829807281e-03,1.613408140838146210e-02,7.129547186195850372e-03,2.461374253034591675e-01,3.160030245780944824e-01,1.833649352192878723e-02,1.224992983043193817e-02,2.055556699633598328e-02,7.778156548738479614e-03,2.307327277958393097e-02,1.156895235180854797e-01,5.806832388043403625e-02,-5.925224348902702332e-02,1.589184999465942383e-02,2.643236145377159119e-02,1.182596385478973389e-01,1.409925869666039944e-03,-9.382901713252067566e-03,1.463573239743709564e-02,-3.135860664770007133e-03,1.166627276688814163e-02,5.527101829648017883e-02,-2.477076090872287750e-02,1.734066754579544067e-02,2.223778143525123596e-02,6.016509141772985458e-03,9.463983774185180664e-02,3.704592585563659668e-02,3.560963552445173264e-03,5.600780248641967773e-03,5.494046956300735474e-03,5.162711255252361298e-03,5.590176675468683243e-03,1.614876650273799896e-02,3.489380180835723877e-01,2.051570825278759003e-02,1.927970349788665771e-01,5.881629418581724167e-03,1.498829014599323273e-02,-1.632605795748531818e-03,5.312595516443252563e-02,5.287266895174980164e-02,6.287939101457595825e-02,-3.444616217166185379e-03,-1.768237650394439697e-01,1.064086891710758209e-02,-8.176495612133294344e-05,-8.761963108554482460e-04,1.096814125776290894e-01,8.243604749441146851e-02,2.620950154960155487e-02,3.754635900259017944e-02,4.730961471796035767e-02,-1.363815367221832275e-01,2.104097753763198853e-01,6.520507158711552620e-04,5.349703505635261536e-02,5.241080746054649353e-02,-6.939860992133617401e-03,-1.381043065339326859e-02,3.755454719066619873e-02,9.679621085524559021e-03,8.668709546327590942e-03,1.004371326416730881e-02,7.899476215243339539e-03,-1.122085959650576115e-03,1.815511379390954971e-03,2.518416643142700195e-01,2.045737393200397491e-02,3.003407418727874756e-01,2.244732901453971863e-02,1.021837256848812103e-02,2.048711627721786499e-01,2.098007649183273315e-01,3.233426436781883240e-02,3.198502361774444580e-01,7.567666471004486084e-02,9.179167449474334717e-02,1.829915642738342285e-01,3.489027917385101318e-01,3.948792219161987305e-01,7.749729603528976440e-02,-8.643890172243118286e-02,-2.899423474445939064e-03,-2.761570271104574203e-03,3.239275142550468445e-02,1.998246163129806519e-01,4.240612685680389404e-02,-1.767545938491821289e-01,2.646427415311336517e-02
-1.428881008177995682e-02,-1.804866045713424683e-01,-9.794712997972965240e-03,2.087302878499031067e-02,-1.162785198539495468e-02,1.063165720552206039e-03,5.095628555864095688e-03,3.224070183932781219e-03,2.424860559403896332e-02,5.896852351725101471e-03,-1.560777723789215088e-01,3.347245156764984131e-01,6.039784755557775497e-03,-9.956629015505313873e-03,2.175785787403583527e-02,7.778156548738479614e-03,2.307327277958393097e-02,8.325839415192604065e-03,7.034160941839218140e-02,-5.575421079993247986e-02,-1.021823962219059467e-03,8.567270636558532715e-02,4.556838050484657288e-02,4.308067727833986282e-03,3.052136162295937538e-03,2.322109183296561241e-03,-3.010404482483863831e-02,5.051109008491039276e-03,-4.164505749940872192e-02,2.357109487056732178e-01,-1.412238925695419312e-02,-7.477767212549224496e-05,5.892409943044185638e-03,-9.106776863336563110e-02,3.624127805233001709e-02,8.128624409437179565e-03,5.485060159116983414e-03,5.372396670281887054e-03,5.144463852047920227e-03,5.464079789817333221e-03,1.094794496893882751e-01,2.020220458507537842e-01,1.911823637783527374e-02,1.753607541322708130e-01,5.139134358614683151e-03,1.369564980268478394e-02,4.851667676120996475e-03,4.963579401373863220e-02,4.671578109264373779e-02,2.317957580089569092e-02,-4.617176484316587448e-03,-3.008863329887390137e-02,-6.636946462094783783e-03,-8.176495612133294344e-05,-8.761963108554482460e-04,3.454095125198364258e-02,3.643286600708961487e-02,6.005239114165306091e-02,1.454325858503580093e-02,-4.553276114165782928e-03,9.850662946701049805e-02,2.179268151521682739e-01,6.520507158711552620e-04,4.982038959860801697e-02,1.105648744851350784e-02,6.272331811487674713e-03,2.374423481523990631e-02,3.299133479595184326e-02,1.243541948497295380e-02,1.669237948954105377e-02,5.456932634115219116e-02,1.492081908509135246e-03,-1.122085959650576115e-03,1.815511379390954971e-03,1.770563051104545593e-02,3.058829717338085175e-02,2.923786938190460205e-01,3.056757524609565735e-02,9.646561928093433380e-03,1.865605264902114868e-01,1.925641596317291260e-01,1.435426436364650726e-02,-1.507999300956726074e-01,2.088729664683341980e-02,8.105310052633285522e-02,-1.643953770399093628e-01,-6.230283528566360474e-03,4.000801146030426025e-01,5.703002959489822388e-02,-6.063717603683471680e-02,-2.899423474445939064e-03,-2.761570271104574203e-03,2.889941819012165070e-02,2.947515845298767090e-01,4.305874556303024292e-02,2.891170978546142578e-01,2.297523245215415955e-02
3.527692332863807678e-02,2.874502539634704590e-01,3.742204979062080383e-02,2.231218665838241577e-02,-1.162785198539495468e-02,-2.190969098592177033e-05,4.606906324625015259e-03,3.416934981942176819e-03,2.083460241556167603e-02,5.484181456267833710e-03,2.767287492752075195e-01,3.498515486717224121e-01,1.356895454227924347e-02,7.797531783580780029e-03,4.683300480246543884e-02,8.969422429800033569e-03,3.965090587735176086e-02,-2.674926817417144775e-02,-2.193987555801868439e-02,1.285897940397262573e-01,5.936925765126943588e-03,2.537591457366943359e-01,9.077655524015426636e-02,-2.508853795006871223e-03,-6.430081557482481003e-03,1.161620020866394043e-02,2.007179148495197296e-02,9.418949484825134277e-03,4.212164506316184998e-02,2.360684126615524292e-01,1.173169538378715515e-02,1.463061198592185974e-02,5.700097419321537018e-03,7.509808242321014404e-02,3.343121334910392761e-02,3.560963552445173264e-03,5.336865317076444626e-03,5.179658066481351852e-03,5.147158633917570114e-03,5.272572860121726990e-03,5.122509598731994629e-02,3.843798339366912842e-01,1.749308779835700989e-02,2.188940942287445068e-01,4.773233551532030106e-03,1.318343449383974075e-02,4.713741596788167953e-03,4.638713598251342773e-02,3.665322810411453247e-02,8.369612693786621094e-02,-3.444616217166185379e-03,2.561117112636566162e-01,-6.407602690160274506e-03,2.073014155030250549e-03,-8.761963108554482460e-04,7.579405605792999268e-02,9.495575726032257080e-02,4.194899648427963257e-02,4.709238559007644653e-02,3.097785450518131256e-02,1.902338862419128418e-01,2.288509160280227661e-01,6.520507158711552620e-04,6.890279054641723633e-02,3.696473687887191772e-02,5.016794428229331970e-03,5.140387266874313354e-02,7.683768123388290405e-02,1.127536594867706299e-02,1.533087063580751419e-02,1.946927234530448914e-02,2.946506720036268234e-03,-1.122085959650576115e-03,1.815511379390954971e-03,2.660227119922637939e-01,2.777617983520030975e-02,2.881133556365966797e-01,3.488083183765411377e-02,1.243779715150594711e-02,2.091483920812606812e-01,2.710648775100708008e-01,6.700613349676132202e-02,3.295676410198211670e-01,6.140451878309249878e-02,7.156525552272796631e-02,5.560653656721115112e-02,3.548252880573272705e-01,3.981882035732269287e-01,7.149118185043334961e-02,1.342751979827880859e-01,-2.899423474445939064e-03,-2.761570271104574203e-03,2.567416243255138397e-02,3.186598718166351318e-01,6.220998708158731461e-03,2.892353534698486328e-01,1.971309818327426910e-02
4.689301177859306335e-02,2.910861968994140625e-01,1.460281107574701309e-02,2.094692178070545197e-02,-1.713964939117431641e-01,1.063165720552206039e-03,-2.248917706310749054e-03,4.033487755805253983e-03,-1.390523510053753853e-03,6.108236964792013168e-03,2.272153645753860474e-01,3.431815207004547119e-01,1.542814355343580246e-02,1.130785327404737473e-02,2.609316632151603699e-02,9.540160186588764191e-03,4.420168697834014893e-02,3.534009680151939392e-02,7.223402708768844604e-02,-2.669158391654491425e-03,2.756998874247074127e-02,5.183735117316246033e-02,4.042777791619300842e-02,-3.105278592556715012e-03,-7.476646918803453445e-03,9.482004679739475250e-03,-1.416690065525472164e-04,-1.145448419265449047e-03,8.205519057810306549e-03,-1.799025684595108032e-01,8.262647315859794617e-03,-1.102684158831834793e-02,5.920867901295423508e-03,-2.927053160965442657e-02,3.647838160395622253e-02,9.483763016760349274e-03,5.509600508958101273e-03,5.400549154728651047e-03,5.142687354236841202e-03,5.492755677551031113e-03,1.167047489434480667e-02,3.740297257900238037e-01,1.929834112524986267e-02,1.791991852223873138e-02,2.473563421517610550e-03,1.394638977944850922e-02,3.640709910541772842e-03,3.482635319232940674e-02,4.819421842694282532e-02,4.821639508008956909e-02,-4.661506041884422302e-03,-1.718967854976654053e-01,1.449872972443699837e-03,2.509129233658313751e-03,-1.969591714441776276e-03,9.652885794639587402e-02,5.360053107142448425e-02,-3.468347340822219849e-02,4.289415478706359863e-02,-4.971203953027725220e-02,2.789937332272529602e-02,2.425772696733474731e-02,-1.354529871605336666e-03,5.883170291781425476e-02,-2.925615943968296051e-02,6.574821192771196365e-03,6.291583180427551270e-02,5.720762908458709717e-02,3.536158939823508263e-03,1.710033975541591644e-02,2.090281993150711060e-02,2.355910837650299072e-03,-2.196196001023054123e-03,2.895001787692308426e-03,4.428759217262268066e-02,7.408155594021081924e-03,5.889261513948440552e-02,5.665476899594068527e-03,-5.699126049876213074e-03,-9.697385132312774658e-02,1.961264908313751221e-01,-6.852539256215095520e-03,3.179384768009185791e-01,7.200659811496734619e-02,8.307112008333206177e-02,-1.328033208847045898e-02,3.187832534313201904e-01,-6.605695188045501709e-02,3.507871553301811218e-02,1.259483490139245987e-02,-3.582197474315762520e-03,-1.500860438682138920e-03,1.412215270102024078e-02,2.984230816364288330e-01,6.912603043019771576e-03,2.892976701259613037e-01,-7.521250750869512558e-03
5.637595895677804947e-03,5.859605595469474792e-02,9.901394136250019073e-03,1.872641220688819885e-02,-1.162785198539495468e-02,1.063165720552206039e-03,3.407759824767708778e-03,4.047133959829807281e-03,2.777522196993231773e-03,1.544707105495035648e-03,-1.990466266870498657e-01,-1.376773416996002197e-01,6.982658058404922485e-03,1.214411924593150616e-03,2.609316632151603699e-02,7.778156548738479614e-03,9.294782578945159912e-02,8.815151639282703400e-03,1.006854418665170670e-02,2.191009074449539185e-01,8.714863099157810211e-03,-2.149133831262588501e-01,3.421357646584510803e-02,1.409925869666039944e-03,3.606250742450356483e-03,2.322109183296561241e-03,3.892173292115330696e-03,5.051109008491039276e-03,9.918694943189620972e-02,3.492038697004318237e-02,5.045235157012939453e-02,4.224917665123939514e-02,5.108649842441082001e-03,2.342375926673412323e-02,2.560073323547840118e-02,3.560963552445173264e-03,5.062365438789129257e-03,4.567079711705446243e-03,4.069636575877666473e-03,4.702067002654075623e-03,1.822258159518241882e-02,9.446192532777786255e-03,7.716763298958539963e-03,-3.137313202023506165e-02,2.473563421517610550e-03,9.188944473862648010e-03,3.640709910541772842e-03,3.482635319232940674e-02,7.755919825285673141e-03,2.800037339329719543e-02,-3.444616217166185379e-03,3.391861170530319214e-02,-2.377872588112950325e-03,-8.176495612133294344e-05,-8.761963108554482460e-04,-2.040762752294540405e-01,2.265663743019104004e-01,2.021514624357223511e-02,3.844870626926422119e-02,4.513043537735939026e-02,2.789937332272529602e-02,2.425772696733474731e-02,6.520507158711552620e-04,3.749109059572219849e-02,4.054731689393520355e-03,9.579684701748192310e-04,2.298860251903533936e-02,2.006419003009796143e-02,8.605518378317356110e-03,4.569024778902530670e-03,1.004371326416730881e-02,4.159068688750267029e-03,-1.122085959650576115e-03,1.815511379390954971e-03,4.428759217262268066e-02,7.408155594021081924e-03,5.889261513948440552e-02,5.665476899594068527e-03,5.591423716396093369e-03,2.888775765895843506e-01,3.208366930484771729e-01,1.123419031500816345e-02,9.050416946411132812e-02,2.535844594240188599e-02,1.940148696303367615e-02,2.475603297352790833e-02,1.206572800874710083e-01,-6.848759204149246216e-02,1.968982219696044922e-01,-1.884158551692962646e-01,-2.899423474445939064e-03,-2.761570271104574203e-03,1.412215270102024078e-02,3.234299123287200928e-01,-1.665614694356918335e-01,5.099439993500709534e-02,8.147691376507282257e-03
-6.685744225978851318e-02,2.910590767860412598e-01,5.109026283025741577e-02,2.094208449125289917e-02,-2.141936123371124268e-01,1.063165720552206039e-03,5.179533269256353378e-03,4.047133959829807281e-03,1.457510236650705338e-02,-5.950223654508590698e-03,-1.982748210430145264e-01,-1.164246574044227600e-01,-5.112083256244659424e-02,-1.009261794388294220e-02,-3.219275549054145813e-02,7.778156548738479614e-03,2.307327277958393097e-02,-3.515011072158813477e-02,-1.105652675032615662e-01,-2.263420820236206055e-01,-2.016547881066799164e-02,-1.964958757162094116e-01,-3.097106516361236572e-02,1.409925869666039944e-03,2.194268256425857544e-02,-4.319414962083101273e-03,-4.366481676697731018e-02,9.075634181499481201e-03,-4.304452985525131226e-02,-1.371008455753326416e-01,-1.646724715828895569e-02,-8.589243516325950623e-03,5.918952636420726776e-03,8.605112880468368530e-02,3.646416589617729187e-02,6.124611012637615204e-03,5.507919937372207642e-03,2.065874869003891945e-03,5.142748355865478516e-03,5.490822251886129379e-03,6.581509858369827271e-02,-4.306227341294288635e-02,-2.970689907670021057e-02,1.791115552186965942e-01,-3.948898520320653915e-03,2.086917636916041374e-03,-6.938659935258328915e-04,-3.726302832365036011e-02,-8.626397699117660522e-02,2.800037339329719543e-02,-3.444616217166185379e-03,2.045075893402099609e-01,-6.801368668675422668e-03,-8.176495612133294344e-05,-1.968591241165995598e-03,9.629537910223007202e-02,-1.283965408802032471e-01,2.517128735780715942e-02,3.693587332963943481e-02,-4.963854327797889709e-02,-7.419194281101226807e-02,-1.233834624290466309e-01,2.096929820254445076e-03,2.263218536972999573e-02,-2.101508900523185730e-02,-5.872983485460281372e-03,6.281577795743942261e-02,8.417206257581710815e-02,1.897374750114977360e-03,8.576730266213417053e-03,1.004371326416730881e-02,4.159068688750267029e-03,-2.196011831983923912e-03,-3.961341644753701985e-05,3.081624396145343781e-02,-1.555055379867553711e-02,-1.847222000360488892e-01,-5.090886726975440979e-03,-5.689229816198348999e-03,9.414703398942947388e-02,1.958801597356796265e-01,1.231065765023231506e-02,2.889467477798461914e-01,-2.460061945021152496e-02,-1.485801488161087036e-01,-1.885992661118507385e-02,-9.401426650583744049e-03,-7.705131173133850098e-02,-1.100666448473930359e-01,-7.308877259492874146e-02,-3.580249613150954247e-03,-3.629372455179691315e-03,3.902216907590627670e-03,-1.313628405332565308e-01,6.565900985151529312e-04,-1.907316297292709351e-01,-3.968911990523338318e-02
-9.262828156352043152e-03,2.519499659538269043e-01,1.483173482120037079e-02,2.222670428454875946e-02,-1.162785198539495468e-02,2.144888509064912796e-03,4.588780924677848816e-03,4.047133959829807281e-03,2.052820660173892975e-02,5.441493820399045944e-03,2.554448246955871582e-01,3.357893228530883789e-01,6.099848449230194092e-02,7.799864280968904495e-03,4.666008800268173218e-02,8.951996453106403351e-03,3.931897506117820740e-02,3.018205240368843079e-02,6.640186905860900879e-02,-7.302673161029815674e-02,2.166593819856643677e-02,1.539369523525238037e-01,9.020197391510009766e-02,3.799933940172195435e-03,-4.147034883499145508e-02,1.142002828419208527e-02,1.974156498908996582e-02,9.346124716103076935e-03,-5.009507387876510620e-02,2.101841270923614502e-01,1.167176477611064911e-02,-4.368213121779263020e-04,5.688561126589775085e-03,7.466776669025421143e-02,3.326445072889328003e-02,3.560963552445173264e-03,5.328663624823093414e-03,5.167994182556867599e-03,5.144564434885978699e-03,5.261179525405168533e-03,1.412392593920230865e-02,3.480780124664306641e-01,1.731256768107414246e-02,1.918038725852966309e-01,4.745859187096357346e-03,1.315670926123857498e-02,4.713613539934158325e-03,3.242543339729309082e-02,3.611527755856513977e-02,3.043714351952075958e-02,-4.518589936196804047e-03,2.362128794193267822e-01,1.870189234614372253e-02,-2.208452206104993820e-03,-8.761963108554482460e-04,7.502058148384094238e-02,9.424081444740295410e-02,-5.107013974338769913e-03,4.692772775888442993e-02,3.045926801860332489e-02,-2.157450839877128601e-02,1.977707743644714355e-01,6.520507158711552620e-04,4.830591380596160889e-02,1.028621662408113480e-02,5.008479114621877670e-03,2.470896951854228973e-02,1.186616867780685425e-01,4.583736881613731384e-03,1.522624026983976364e-02,4.412520676851272583e-02,2.965757390484213829e-03,-1.122085959650576115e-03,1.815511379390954971e-03,2.744101583957672119e-01,7.287204265594482422e-03,2.999242842197418213e-01,5.665476899594068527e-03,8.896448649466037750e-03,2.104779630899429321e-01,2.375763356685638428e-01,6.339707178995013237e-04,3.262046575546264648e-01,6.075537577271461487e-02,7.112876325845718384e-02,5.459375679492950439e-02,3.522089719772338867e-01,4.044170379638671875e-01,1.419861316680908203e-01,1.324682980775833130e-01,-2.899423474445939064e-03,-2.761570271104574203e-03,7.146358024328947067e-03,3.001014888286590576e-01,6.231635808944702148e-03,2.851006984710693359e-01,1.963433064520359039e-02
4.178631678223609924e-02,-1.723721027374267578e-01,3.984341397881507874e-02,2.276124618947505951e-02,-1.162785198539495468e-02,1.063165720552206039e-03,4.888440947979688644e-03,4.002727102488279343e-03,-2.511440403759479523e-02,-5.180280655622482300e-03,2.678184807300567627e-01,3.466400504112243652e-01,1.417446415871381760e-02,-9.503301233053207397e-03,4.849217087030410767e-02,9.244540706276893616e-03,2.307327277958393097e-02,3.032587282359600067e-02,-3.816933929920196533e-02,-7.824311405420303345e-02,1.903049182146787643e-03,-1.349691003561019897e-01,4.521842673420906067e-02,4.039589781314134598e-03,3.289517015218734741e-02,-1.249538909178227186e-04,-1.701149391010403633e-03,1.060588099062442780e-02,7.578258868306875229e-03,3.596654906868934631e-02,4.001087322831153870e-02,1.739272847771644592e-02,5.823460407555103302e-03,8.032383769750595093e-02,3.541227430105209351e-02,3.560963552445173264e-03,5.428932141512632370e-03,5.303727928549051285e-03,5.151550285518169403e-03,5.395021289587020874e-03,6.204994395375251770e-02,2.065171301364898682e-01,-3.363423747941851616e-03,1.654579341411590576e-01,4.996971227228641510e-03,2.574496204033493996e-03,4.763714037835597992e-03,4.801281541585922241e-02,4.303002730011940002e-02,6.512838602066040039e-02,-4.547851625829935074e-03,1.882356107234954834e-01,-1.376735884696245193e-02,2.347793197259306908e-03,-8.761963108554482460e-04,-3.703027591109275818e-02,-1.153460051864385605e-02,4.216385260224342346e-02,1.494595408439636230e-02,3.726314380764961243e-02,2.324732244014739990e-01,2.096650749444961548e-01,6.520507158711552620e-04,7.557205855846405029e-02,-4.741705954074859619e-02,-5.580040626227855682e-03,2.510980702936649323e-02,7.887544482946395874e-02,1.198407262563705444e-02,-1.116097206249833107e-03,-3.945555165410041809e-02,5.242371466010808945e-03,-1.122085959650576115e-03,1.815511379390954971e-03,2.769616246223449707e-01,2.944875322282314301e-02,2.754199504852294922e-01,4.137114435434341431e-02,1.385786756873130798e-02,1.767692863941192627e-01,1.847607940435409546e-01,-4.838661849498748779e-02,-5.980423465371131897e-02,2.123272232711315155e-02,7.696634531021118164e-02,-9.148678928613662720e-02,-8.144027739763259888e-02,4.058882296085357666e-01,3.784203529357910156e-02,-1.614154130220413208e-01,-2.899423474445939064e-03,-2.761570271104574203e-03,2.728360705077648163e-02,3.223366737365722656e-01,6.123598199337720871e-03,2.733355760574340820e-01,2.134795673191547394e-02
3.578911349177360535e-02,2.624025642871856689e-01,4.116225615143775940e-02,1.872641220688819885e-02,-1.162785198539495468e-02,2.146946499124169350e-03,4.624358378350734711e-03,4.047133959829807281e-03,-3.677529841661453247e-02,5.514467135071754456e-03,-1.657811701297760010e-01,2.365586161613464355e-02,1.268772929906845093e-01,5.463539157062768936e-03,4.697966948151588440e-02,7.778156548738479614e-03,3.994319215416908264e-02,5.975368246436119080e-02,2.126320824027061462e-02,-5.057545751333236694e-02,-1.107420306652784348e-02,-1.922136843204498291e-01,-1.355085074901580811e-01,3.840726334601640701e-03,3.606250742450356483e-03,2.322109183296561241e-03,3.892173292115330696e-03,5.051109008491039276e-03,-2.728870697319507599e-02,2.941649593412876129e-02,-1.166814286261796951e-02,2.180488314479589462e-03,5.710383411496877670e-03,2.780342660844326019e-02,3.358733654022216797e-02,3.560963552445173264e-03,5.344229750335216522e-03,5.190050695091485977e-03,1.064072246663272381e-03,2.728235209360718727e-03,-2.832821011543273926e-02,3.588267564773559570e-01,1.764591597020626068e-02,2.198828458786010742e-01,4.796599503606557846e-03,2.927633235231041908e-03,-2.254640567116439342e-04,4.646442458033561707e-02,-1.426885742694139481e-02,2.800037339329719543e-02,-4.517557099461555481e-03,-1.134376376867294312e-01,-9.460372966714203358e-04,-8.176495612133294344e-05,2.384162216912955046e-04,-1.000368744134902954e-01,6.027078256011009216e-02,-3.503461834043264389e-03,4.723308980464935303e-02,-4.170308262109756470e-02,-1.443382948637008667e-01,-2.708164229989051819e-02,-7.238497491925954819e-04,3.749109059572219849e-02,-1.358015695586800575e-03,-5.042238160967826843e-03,3.328218683600425720e-02,3.084892593324184418e-02,1.130950544029474258e-02,-1.539843250066041946e-02,1.803362928330898285e-02,4.159068688750267029e-03,-2.205698285251855850e-03,2.874686615541577339e-03,1.165225803852081299e-01,2.793940156698226929e-02,-1.708661019802093506e-01,-2.045082300901412964e-02,9.065195918083190918e-03,1.160601451992988586e-01,2.326426506042480469e-01,-2.392171509563922882e-02,-1.410480886697769165e-01,6.197900697588920593e-02,7.195956259965896606e-02,-7.999485731124877930e-02,3.434196114540100098e-01,-7.293748110532760620e-02,5.315124057233333588e-03,1.358763575553894043e-01,-3.380036447197198868e-03,-3.421890316531062126e-03,2.575051039457321167e-02,-1.361664831638336182e-01,-5.880353227257728577e-02,-1.759430617094039917e-01,-3.006715327501296997e-02
1.735654622316360474e-01,-1.870635449886322021e-01,1.543114706873893738e-02,1.872641220688819885e-02,-1.162785198539495468e-02,1.063165720552206039e-03,3.407759824767708778e-03,4.047133959829807281e-03,2.777522196993231773e-03,1.544707105495035648e-03,4.462468996644020081e-02,1.092184484004974365e-01,6.982658058404922485e-03,1.214411924593150616e-03,2.609316632151603699e-02,7.778156548738479614e-03,2.307327277958393097e-02,8.815151639282703400e-03,1.006854418665170670e-02,-5.038783419877290726e-03,8.714863099157810211e-03,7.411995902657508850e-03,3.421357646584510803e-02,1.409925869666039944e-03,3.606250742450356483e-03,2.322109183296561241e-03,3.892173292115330696e-03,5.051109008491039276e-03,-3.057961352169513702e-03,3.492038697004318237e-02,4.702717415057122707e-04,2.164382953196763992e-03,-6.838170345872640610e-03,-1.542310118675231934e-01,7.327568531036376953e-02,3.560963552445173264e-03,5.062365438789129257e-03,4.567079711705446243e-03,4.069636575877666473e-03,4.702067002654075623e-03,1.822258159518241882e-02,3.897612988948822021e-01,7.716763298958539963e-03,3.451571241021156311e-02,2.473563421517610550e-03,9.188944473862648010e-03,3.640709910541772842e-03,3.482635319232940674e-02,1.729149222373962402e-01,2.800037339329719543e-02,-3.444616217166185379e-03,3.391861170530319214e-02,-2.377872588112950325e-03,-8.176495612133294344e-05,-6.932123564183712006e-03,1.448232028633356094e-02,-1.205443367362022400e-01,2.021514624357223511e-02,-1.258685588836669922e-01,2.687564585357904434e-03,2.789937332272529602e-02,2.425772696733474731e-02,7.573249749839305878e-03,3.749109059572219849e-02,4.054731689393520355e-03,9.579684701748192310e-04,2.298860251903533936e-02,2.006419003009796143e-02,8.605518378317356110e-03,4.569024778902530670e-03,1.004371326416730881e-02,4.159068688750267029e-03,-6.547505501657724380e-03,6.207515951246023178e-03,4.428759217262268066e-02,7.408155594021081924e-03,5.889261513948440552e-02,5.665476899594068527e-03,2.575352601706981659e-02,6.767048686742782593e-02,2.088953256607055664e-01,8.174659311771392822e-02,3.304062187671661377e-01,2.065033465623855591e-01,2.279917448759078979e-01,2.477477043867111206e-01,3.461618125438690186e-01,1.662363409996032715e-01,-1.356725096702575684e-01,-1.917884051799774170e-01,-5.073482636362314224e-03,-5.305331666022539139e-03,1.412215270102024078e-02,3.107790052890777588e-01,7.126775104552507401e-03,2.932741641998291016e-01,8.147691376507282257e-03
-2.109851688146591187e-02,2.946834862232208252e-01,-2.664180099964141846e-02,1.872641220688819885e-02,-1.162785198539495468e-02,1.063165720552206039e-03,3.407759824767708778e-03,4.047133959829807281e-03,2.777522196993231773e-03,1.544707105495035648e-03,2.718845903873443604e-01,3.246335685253143311e-01,5.646358802914619446e-02,1.437921077013015747e-02,6.536221504211425781e-02,7.778156548738479614e-03,2.307327277958393097e-02,8.815151639282703400e-03,6.649126112461090088e-02,-2.179197371006011963e-01,1.905603706836700439e-02,2.479639798402786255e-01,1.486142277717590332e-01,1.409925869666039944e-03,-7.647967338562011719e-02,1.346144080162048340e-02,-2.144697122275829315e-03,1.102692354470491409e-02,7.328493893146514893e-02,3.393733501434326172e-02,2.105659060180187225e-02,-1.247763633728027344e-02,6.165438331663608551e-03,4.055073857307434082e-02,4.058472067117691040e-02,3.560963552445173264e-03,5.815257318317890167e-03,5.632011685520410538e-03,5.521261598914861679e-03,5.749290809035301208e-03,7.993762940168380737e-02,3.788988888263702393e-01,-4.365000873804092407e-02,2.527037560939788818e-01,-6.726221647113561630e-03,-1.927425269968807697e-03,5.808678455650806427e-03,5.673300847411155701e-02,6.093597039580345154e-02,2.800037339329719543e-02,-3.444616217166185379e-03,2.333613038063049316e-01,-2.377872588112950325e-03,-8.176495612133294344e-05,-8.761963108554482460e-04,2.115605771541595459e-02,7.931624352931976318e-02,2.709104865789413452e-02,4.082198813557624817e-02,5.548339709639549255e-02,-4.026963561773300171e-02,2.425772696733474731e-02,6.520507158711552620e-04,1.590139791369438171e-02,4.384871199727058411e-02,-9.929592721164226532e-03,2.648405730724334717e-02,7.145351916551589966e-02,8.605518378317356110e-03,4.569024778902530670e-03,1.004371326416730881e-02,4.159068688750267029e-03,-1.122085959650576115e-03,1.815511379390954971e-03,2.620424330234527588e-01,7.408155594021081924e-03,-6.723811966367065907e-04,5.665476899594068527e-03,-1.143667846918106079e-02,2.607295513153076172e-01,3.165542781352996826e-01,-4.858862236142158508e-02,3.288013637065887451e-01,8.532948791980743408e-02,1.185161992907524109e-01,-3.034453280270099640e-02,3.585337102413177490e-01,4.068783521652221680e-01,7.269009202718734741e-02,-1.173297539353370667e-01,-2.899423474445939064e-03,-2.761570271104574203e-03,3.601420298218727112e-02,2.856320142745971680e-01,7.126775104552507401e-03,2.909166514873504639e-01,3.006388805806636810e-02
5.637595895677804947e-03,5.859605595469474792e-02,-1.453388482332229614e-01,1.872641220688819885e-02,-1.162785198539495468e-02,1.063165720552206039e-03,1.599080301821231842e-02,4.047133959829807281e-03,2.777522196993231773e-03,1.544707105495035648e-03,4.462468996644020081e-02,1.092184484004974365e-01,6.982658058404922485e-03,1.214411924593150616e-03,2.609316632151603699e-02,7.778156548738479614e-03,2.307327277958393097e-02,8.815151639282703400e-03,1.006854418665170670e-02,-5.038783419877290726e-03,8.714863099157810211e-03,2.750374563038349152e-02,3.421357646584510803e-02,1.409925869666039944e-03,3.606250742450356483e-03,2.322109183296561241e-03,3.892173292115330696e-03,5.051109008491039276e-03,-3.057961352169513702e-03,3.492038697004318237e-02,4.702717415057122707e-04,2.164382953196763992e-03,5.108649842441082001e-03,2.342375926673412323e-02,9.427680820226669312e-02,3.560963552445173264e-03,5.062365438789129257e-03,4.567079711705446243e-03,4.069636575877666473e-03,4.702067002654075623e-03,1.822258159518241882e-02,3.955990076065063477e-01,7.716763298958539963e-03,2.698570489883422852e-01,2.473563421517610550e-03,9.188944473862648010e-03,3.640709910541772842e-03,3.482635319232940674e-02,2.100252062082290649e-01,2.800037339329719543e-02,-3.444616217166185379e-03,3.391861170530319214e-02,-2.377872588112950325e-03,-8.176495612133294344e-05,-8.761963108554482460e-04,1.448232028633356094e-02,3.507051989436149597e-02,2.021514624357223511e-02,2.617371454834938049e-02,2.687564585357904434e-03,2.789937332272529602e-02,2.425772696733474731e-02,6.520507158711552620e-04,3.749109059572219849e-02,4.054731689393520355e-03,9.579684701748192310e-04,2.298860251903533936e-02,2.006419003009796143e-02,8.605518378317356110e-03,4.569024778902530670e-03,1.004371326416730881e-02,4.159068688750267029e-03,-1.122085959650576115e-03,1.815511379390954971e-03,4.428759217262268066e-02,7.408155594021081924e-03,5.889261513948440552e-02,5.665476899594068527e-03,5.591423716396093369e-03,2.875526547431945801e-01,3.074922263622283936e-01,1.123419031500816345e-02,9.050416946411132812e-02,2.535844594240188599e-02,1.940148696303367615e-02,2.475603297352790833e-02,3.419600725173950195e-01,4.062428772449493408e-01,5.191847681999206543e-02,1.259483490139245987e-02,-2.899423474445939064e-03,-2.761570271104574203e-03,1.412215270102024078e-02,3.197210431098937988e-01,-3.691331669688224792e-02,2.936811149120330811e-01,8.147691376507282257e-03
4.235508665442466736e-02,2.897970974445343018e-01,1.671662554144859314e-02,1.872641220688819885e-02,3.578182309865951538e-02,1.063165720552206039e-03,4.918612539768218994e-03,4.047133959829807281e-03,2.348285913467407227e-02,-5.226222798228263855e-03,6.717237830162048340e-02,3.185440301895141602e-01,-4.719852656126022339e-02,-7.262035738676786423e-03,4.865916445851325989e-02,7.778156548738479614e-03,2.307327277958393097e-02,9.947010129690170288e-02,6.704910844564437866e-02,1.399956941604614258e-01,1.986042223870754242e-02,2.350760549306869507e-01,9.922888875007629395e-02,4.067681729793548584e-03,7.024050503969192505e-02,1.323113963007926941e-02,-3.100657602772116661e-03,1.071318238973617554e-02,4.722806811332702637e-02,2.631792426109313965e-01,1.157811004668474197e-02,1.768009178340435028e-02,5.834013223648071289e-03,8.086269348859786987e-02,1.610880531370639801e-02,6.036411970853805542e-03,5.437260027974843979e-03,5.314276088029146194e-03,5.150550510734319687e-03,5.405557341873645782e-03,-3.239604830741882324e-02,2.761719049885869026e-03,1.881533674895763397e-02,1.669907271862030029e-01,5.013741087168455124e-03,2.548695774748921394e-03,4.773800726979970932e-03,4.823117330670356750e-02,4.359885305166244507e-02,4.645893350243568420e-02,-4.555346444249153137e-03,2.411690950393676758e-01,4.025236703455448151e-03,-8.176495612133294344e-05,4.233884683344513178e-04,8.694341033697128296e-02,8.127051591873168945e-02,1.994481543079018593e-03,3.594853729009628296e-02,3.783417120575904846e-02,4.766727238893508911e-02,8.578607439994812012e-02,-1.088100369088351727e-03,7.612949609756469727e-02,4.422751069068908691e-02,-5.601363256573677063e-03,5.827218294143676758e-02,7.724571973085403442e-02,1.206250302493572235e-02,-1.218163408339023590e-03,5.188732594251632690e-02,4.159068688750267029e-03,1.920187787618488073e-04,2.251805417472496629e-04,1.638865470886230469e-01,2.959713712334632874e-02,1.011704280972480774e-01,5.665476899594068527e-03,9.613987058401107788e-03,7.721585221588611603e-03,1.858817189931869507e-01,5.758377537131309509e-02,3.302990198135375977e-01,6.831597536802291870e-02,7.752794027328491211e-02,1.700613051652908325e-01,1.779662519693374634e-01,4.039911627769470215e-01,9.323807060718536377e-02,1.543150842189788818e-01,-3.496251069009304047e-03,-3.546562045812606812e-03,2.750057727098464966e-02,3.189900219440460205e-01,-2.007772773504257202e-02,2.887298464775085449e-01,-5.228705704212188721e-03
4.486119002103805542e-02,2.905137538909912109e-01,9.463993832468986511e-03,2.084279805421829224e-02,-1.162785198539495468e-02,1.063165720552206039e-03,5.060661584138870239e-03,4.047133959829807281e-03,2.410716377198696136e-02,5.830202251672744751e-03,2.722485661506652832e-01,3.515675067901611328e-01,6.048585288226604462e-03,-9.897185489535331726e-03,4.954858496785163879e-02,7.778156548738479614e-03,2.307327277958393097e-02,8.628933690488338470e-03,2.101399376988410950e-02,1.045332662761211395e-02,2.010273188352584839e-02,1.948366612195968628e-01,3.838735073804855347e-02,4.249136429280042648e-03,2.255469746887683868e-02,9.172232821583747864e-03,4.418268427252769470e-02,-8.336224127560853958e-04,7.998195476830005646e-03,2.076194435358047485e-01,1.373608782887458801e-02,1.898531988263130188e-02,5.881206598132848740e-03,8.353889733552932739e-02,1.543300878256559372e-02,3.560963552445173264e-03,5.475641228258609772e-03,5.361279472708702087e-03,5.145523697137832642e-03,5.452819168567657471e-03,6.435292959213256836e-02,3.055307567119598389e-01,1.905764266848564148e-02,1.737684458494186401e-01,-3.766637761145830154e-03,1.361160445958375931e-02,4.833664279431104660e-03,4.934388399124145508e-02,-8.101873099803924561e-02,6.816068291664123535e-02,-4.602415021508932114e-03,2.364537268877029419e-01,-6.583724170923233032e-03,-8.176495612133294344e-05,-8.761963108554482460e-04,3.435004502534866333e-02,8.306025713682174683e-02,3.533519431948661804e-02,3.656487911939620972e-02,4.038677364587783813e-02,4.769524559378623962e-02,1.485223472118377686e-01,6.520507158711552620e-04,5.015054717659950256e-02,1.095983292907476425e-02,-5.710683297365903854e-03,6.081654503941535950e-02,7.981966435909271240e-02,1.237632054835557938e-02,-1.603448181413114071e-03,5.407651513814926147e-02,4.159068688750267029e-03,-1.122085959650576115e-03,1.815511379390954971e-03,2.551321387290954590e-01,3.036990761756896973e-02,2.715665102005004883e-01,3.023775853216648102e-02,9.639880619943141937e-03,-6.930059939622879028e-02,1.364946067333221436e-01,-5.832326598465442657e-03,3.305258750915527344e-01,7.039314508438110352e-02,8.031649142503738403e-02,7.779260724782943726e-02,-8.724596351385116577e-02,3.897476792335510254e-01,1.480387598276138306e-01,1.609698832035064697e-01,-2.899423474445939064e-03,-2.761570271104574203e-03,3.784524742513895035e-03,3.179656863212585449e-01,3.524991497397422791e-02,-1.186541467905044556e-01,2.268281765282154083e-02
-2.813688479363918304e-02,2.959136068820953369e-01,6.527069956064224243e-02,1.872641220688819885e-02,-1.521531641483306885e-01,1.063165720552206039e-03,6.516599562019109726e-03,4.047133959829807281e-03,-2.265922725200653076e-02,9.615397080779075623e-03,2.235796451568603516e-01,-1.226338520646095276e-01,6.982658058404922485e-03,-1.921281218528747559e-02,7.230869680643081665e-02,7.778156548738479614e-03,2.307327277958393097e-02,8.815151639282703400e-03,-3.029864281415939331e-02,-5.038783419877290726e-03,-1.566366106271743774e-02,-1.763358339667320251e-02,1.709762960672378540e-01,1.409925869666039944e-03,3.606250742450356483e-03,2.322109183296561241e-03,3.892173292115330696e-03,5.051109008491039276e-03,-3.057961352169513702e-03,2.581817507743835449e-01,4.702717415057122707e-04,2.164382953196763992e-03,5.096881650388240814e-04,1.432274729013442993e-01,4.453609511256217957e-02,3.560963552445173264e-03,5.961087066680192947e-03,5.650599952787160873e-03,-2.584812929853796959e-03,5.786377470940351486e-03,1.822258159518241882e-02,3.915919661521911621e-01,-1.341205649077892303e-02,1.014537923038005829e-02,7.565906271338462830e-03,-2.266102004796266556e-03,-4.014844074845314026e-03,5.980250984430313110e-02,-1.562327593564987183e-01,2.800037339329719543e-02,-3.444616217166185379e-03,-8.488198369741439819e-02,-2.377872588112950325e-03,-8.176495612133294344e-05,1.813020440749824047e-03,-8.361724019050598145e-02,9.977043420076370239e-02,2.898753620684146881e-02,4.482189193367958069e-02,2.687564585357904434e-03,-4.199839010834693909e-02,2.425772696733474731e-02,-3.002722049131989479e-03,3.749109059572219849e-02,1.504535600543022156e-02,9.579684701748192310e-04,2.298860251903533936e-02,7.791270315647125244e-02,1.031251903623342514e-02,1.114633586257696152e-02,1.004371326416730881e-02,4.159068688750267029e-03,-3.137855557724833488e-03,-1.490434049628674984e-03,2.672376930713653564e-01,7.408155594021081924e-03,-1.836103498935699463e-01,5.665476899594068527e-03,1.255896780639886856e-02,2.648182213306427002e-01,2.551710605621337891e-01,1.294424664229154587e-02,6.655209697782993317e-03,9.724717587232589722e-02,1.406617909669876099e-01,2.275890409946441650e-01,3.536729216575622559e-01,-6.124344840645790100e-02,9.541305899620056152e-02,2.134903967380523682e-01,-3.964195027947425842e-03,-3.841850208118557930e-03,-4.362884443253278732e-03,6.533682346343994141e-02,6.471723318099975586e-02,-1.900217384099960327e-01,-1.678536832332611084e-02
-6.933633238077163696e-02,-1.737085431814193726e-01,1.543114706873893738e-02,2.298079617321491241e-02,-1.162785198539495468e-02,1.063165720552206039e-03,-2.457905793562531471e-03,4.040873143821954727e-03,-3.513130359351634979e-03,-6.267462391406297684e-03,2.638740837574005127e-01,3.413887023925781250e-01,-5.831807851791381836e-02,-1.022080238908529282e-02,5.116765201091766357e-02,9.607956744730472565e-03,2.307327277958393097e-02,3.548448160290718079e-02,-1.228512637317180634e-02,-2.176498919725418091e-01,-6.802419200539588928e-03,-1.549768596887588501e-01,3.873335942625999451e-02,-3.292015520855784416e-03,3.746877983212471008e-02,-3.474820114206522703e-04,-6.039076019078493118e-03,1.046385499648749828e-03,8.316236548125743866e-03,2.485208213329315186e-01,1.518370490521192551e-02,2.059418521821498871e-02,2.445480320602655411e-03,-8.768080919981002808e-02,-7.053216919302940369e-03,3.560963552445173264e-03,5.528545472770929337e-03,5.421452224254608154e-03,5.142774898558855057e-03,5.514213815331459045e-03,7.770023494958877563e-02,-3.442603047005832195e-04,1.947097666561603546e-02,-1.432914733886718750e-01,5.343839060515165329e-03,1.416221261024475098e-02,4.950338508933782578e-03,5.101241171360015869e-02,4.927181825041770935e-02,4.257219657301902771e-02,-3.444616217166185379e-03,2.225232273340225220e-01,-1.496163941919803619e-02,-2.727139974012970924e-03,-8.761963108554482460e-04,3.607027977705001831e-02,-2.115504443645477295e-02,2.542032673954963684e-02,-7.886775769293308258e-03,4.360087588429450989e-02,4.904479160904884338e-02,2.415152937173843384e-01,6.520507158711552620e-04,2.199364639818668365e-02,1.154003199189901352e-02,6.787132006138563156e-03,6.401346623897552490e-02,8.711510896682739258e-02,1.260303240269422531e-02,-3.887736529577523470e-04,5.664638429880142212e-02,2.288596471771597862e-03,-1.122085959650576115e-03,1.815511379390954971e-03,2.025891989469528198e-01,3.177769854664802551e-02,2.964544892311096191e-01,-5.266895517706871033e-03,-1.601232588291168213e-02,2.047741971909999847e-02,1.989214122295379639e-01,2.697335548873525113e-05,3.266126811504364014e-01,-2.293632924556732178e-02,-1.816426962614059448e-01,-1.719444990158081055e-01,-1.144391819834709167e-01,-5.127589777112007141e-02,1.432780176401138306e-02,-6.582632660865783691e-02,-2.899423474445939064e-03,-2.761570271104574203e-03,-2.273232117295265198e-02,-1.256214827299118042e-01,-3.251941129565238953e-02,7.387272268533706665e-02,-4.056361690163612366e-02
3.686770051717758179e-02,2.880526781082153320e-01,1.478904206305742264e-02,2.251384779810905457e-02,-1.162785198539495468e-02,-2.669970970600843430e-03,-7.097263005562126637e-04,3.976962063461542130e-03,2.160781435668468475e-02,-4.949933849275112152e-03,2.677749097347259521e-01,3.220073282718658447e-01,-4.344682395458221436e-02,2.267250604927539825e-02,4.726386815309524536e-02,9.024570696055889130e-03,2.307327277958393097e-02,7.894837111234664917e-02,2.264636009931564331e-02,-6.726725399494171143e-02,2.260716073215007782e-02,-1.985942274332046509e-01,9.244725108146667480e-02,-2.592365490272641182e-03,-9.199496358633041382e-02,-9.992168284952640533e-03,-2.530071139335632324e-02,9.664963930845260620e-03,1.631950843147933483e-03,1.707920283079147339e-01,1.190158072859048843e-02,1.519067678600549698e-02,5.731506738811731339e-03,2.795831672847270966e-02,3.392468392848968506e-02,3.560963552445173264e-03,5.359508562833070755e-03,5.211367271840572357e-03,5.152031779289245605e-03,5.303641315549612045e-03,-1.184547618031501770e-01,3.685725629329681396e-01,-2.001660689711570740e-02,1.518251895904541016e-01,-2.354173222556710243e-03,2.817995613440871239e-03,-3.061628085561096668e-04,4.665015265345573425e-02,-6.342621892690658569e-02,6.021733209490776062e-02,-4.517968278378248215e-03,-1.932850331068038940e-01,5.764630623161792755e-03,2.154929796233773232e-03,-8.761963108554482460e-04,1.851713098585605621e-02,9.703847765922546387e-02,2.254866063594818115e-02,3.134807571768760681e-02,-5.676213651895523071e-02,-2.178432047367095947e-02,5.321223288774490356e-02,6.520507158711552620e-04,7.058879733085632324e-02,3.870596364140510559e-02,-5.205380264669656754e-03,5.290155857801437378e-02,-5.396229401230812073e-02,1.139435917139053345e-02,1.556330174207687378e-02,1.781397312879562378e-02,3.065326018258929253e-03,-1.122085959650576115e-03,1.815511379390954971e-03,-1.666328012943267822e-01,7.798352744430303574e-03,2.866895198822021484e-01,-1.344238035380840302e-02,6.345324218273162842e-04,8.874949067831039429e-02,1.760802268981933594e-01,-1.504982635378837585e-02,3.150632083415985107e-01,-1.711098104715347290e-02,7.278977334499359131e-02,-1.864032261073589325e-02,1.557751148939132690e-01,-4.131282679736614227e-03,5.966489762067794800e-02,3.768362849950790405e-02,-2.899423474445939064e-03,-2.761570271104574203e-03,2.593389898538589478e-02,3.170723617076873779e-01,-1.622708886861801147e-02,2.843005657196044922e-01,-3.122152574360370636e-02
4.869975522160530090e-02,-1.794931888580322266e-01,-6.837252993136644363e-03,2.103576995432376862e-02,4.004456102848052979e-02,1.063165720552206039e-03,5.302974022924900055e-03,4.047133959829807281e-03,-3.591647138819098473e-03,6.461026147007942200e-03,-1.306186318397521973e-01,-1.339909732341766357e-01,6.982658058404922485e-03,1.175154745578765869e-02,2.388474531471729279e-02,7.778156548738479614e-03,2.307327277958393097e-02,1.980787841603159904e-03,2.142538130283355713e-02,8.279937505722045898e-02,2.072070166468620300e-02,2.095150351524353027e-01,4.061123728752136230e-02,1.409925869666039944e-03,2.399577945470809937e-02,-4.467514809221029282e-03,-1.478730887174606323e-02,9.097221307456493378e-03,8.406963199377059937e-03,9.015274047851562500e-02,-5.703613627701997757e-03,2.097267471253871918e-02,5.957657005637884140e-03,2.984198369085788727e-02,3.671365976333618164e-02,-1.952685229480266571e-02,5.542852450162172318e-03,5.436743143945932388e-03,5.143980961292982101e-03,5.530014634132385254e-03,6.725733727216720581e-02,2.036534249782562256e-01,1.962647214531898499e-02,1.845422238111495972e-01,-4.059135448187589645e-03,1.652695355005562305e-03,4.987791646271944046e-03,5.145933479070663452e-02,-9.200434386730194092e-02,4.878757148981094360e-02,-4.734349902719259262e-03,-2.017932236194610596e-01,9.659440256655216217e-03,-8.176495612133294344e-05,7.642447017133235931e-04,2.094057202339172363e-02,8.582299202680587769e-02,4.479085281491279602e-02,3.721371665596961975e-02,4.439843818545341492e-02,2.162701189517974854e-01,8.054995536804199219e-02,2.211510203778743744e-03,-6.772417109459638596e-03,-1.944411732256412506e-02,6.930400617420673370e-03,6.480583548545837402e-02,3.134710714221000671e-02,3.132436191663146019e-03,-1.938804751262068748e-03,-1.298588886857032776e-02,4.159068688750267029e-03,-2.203691983595490456e-03,2.890966134145855904e-03,2.726282477378845215e-01,3.223836794495582581e-02,2.957516908645629883e-01,2.210533246397972107e-02,-5.911022890359163284e-03,-9.342186152935028076e-03,2.010529935359954834e-01,-3.672260791063308716e-02,3.308727145195007324e-01,2.550627477467060089e-02,8.603263646364212036e-02,8.492730557918548584e-02,3.485213220119476318e-01,3.999940156936645508e-01,3.139328211545944214e-02,1.713989526033401489e-01,-3.620161209255456924e-03,-3.666037926450371742e-03,3.472295822575688362e-03,3.092153370380401611e-01,3.900914266705513000e-02,-1.876149177551269531e-01,2.479973807930946350e-02
-6.685744225978851318e-02,2.910590767860412598e-01,4.319702833890914917e-02,1.872641220688819885e-02,-1.162785198539495468e-02,1.063165720552206039e-03,3.407759824767708778e-03,4.047133959829807281e-03,-1.383600290864706039e-03,-5.950223654508590698e-03,2.830063104629516602e-01,3.447657823562622070e-01,7.496723532676696777e-02,1.128199137747287750e-02,5.047868937253952026e-02,9.534060955047607422e-03,2.307327277958393097e-02,4.208165407180786133e-02,-7.232788205146789551e-02,-2.263871878385543823e-01,-1.397454529069364071e-03,-2.113857306540012360e-02,1.067680940032005310e-01,4.472510423511266708e-03,-2.246012166142463684e-02,-4.319414962083101273e-03,-1.404715440003201365e-04,9.075634181499481201e-03,2.334125712513923645e-02,6.288243085145950317e-02,-2.412072382867336273e-02,-8.589243516325950623e-03,5.918952636420726776e-03,8.605112880468368530e-02,3.646416589617729187e-02,3.560963552445173264e-03,5.507919937372207642e-03,5.398658569902181625e-03,5.142748355865478516e-03,5.490822251886129379e-03,6.587004661560058594e-02,3.424504101276397705e-01,1.928462460637092590e-02,1.791115552186965942e-01,5.233097821474075317e-03,1.392799243330955505e-02,4.900494590401649475e-03,5.035823956131935120e-02,4.809585213661193848e-02,9.903065860271453857e-02,-4.658203572034835815e-03,-5.966845154762268066e-02,-2.377872588112950325e-03,-8.176495612133294344e-05,-8.761963108554482460e-04,2.078477106988430023e-02,3.428176045417785645e-02,2.517128735780715942e-02,3.693587332963943481e-02,4.239598661661148071e-02,9.349934756755828857e-02,2.231641858816146851e-01,6.520507158711552620e-04,2.263218536972999573e-02,1.129875238984823227e-02,6.554919760674238205e-03,4.758262634277343750e-02,3.158269077539443970e-02,1.254422776401042938e-02,1.706958375871181488e-02,-1.142297405749559402e-02,4.159068688750267029e-03,-1.122085959650576115e-03,1.815511379390954971e-03,2.717783451080322266e-01,3.117486089468002319e-02,3.009358644485473633e-01,1.884083636105060577e-02,9.678894653916358948e-03,9.194898605346679688e-02,1.958801597356796265e-01,1.454514730721712112e-02,-1.315227597951889038e-01,7.193095982074737549e-02,-1.404116302728652954e-01,-1.125672757625579834e-01,3.173611164093017578e-01,5.333540588617324829e-02,8.634392725070938468e-05,1.661640852689743042e-01,-2.899423474445939064e-03,-2.761570271104574203e-03,2.962066978216171265e-02,3.047896027565002441e-01,4.451290518045425415e-02,2.833579778671264648e-01,2.369848825037479401e-02
5.637595895677804947e-03,5.859605595469474792e-02,1.543114706873893738e-02,1.872641220688819885e-02,-1.162785198539495468e-02,1.063165720552206039e-03,3.407759824767708778e-03,4.047133959829807281e-03,2.777522196993231773e-03,1.544707105495035648e-03,4.462468996644020081e-02,1.092184484004974365e-01,6.982658058404922485e-03,1.214411924593150616e-03,2.609316632151603699e-02,7.778156548738479614e-03,2.307327277958393097e-02,8.815151639282703400e-03,1.006854418665170670e-02,-5.038783419877290726e-03,8.714863099157810211e-03,2.750374563038349152e-02,3.421357646584510803e-02,1.409925869666039944e-03,3.606250742450356483e-03,2.322109183296561241e-03,3.892173292115330696e-03,5.051109008491039276e-03,-3.057961352169513702e-03,3.492038697004318237e-02,4.702717415057122707e-04,2.164382953196763992e-03,5.108649842441082001e-03,2.342375926673412323e-02,2.560073323547840118e-02,3.560963552445173264e-03,5.062365438789129257e-03,4.567079711705446243e-03,4.069636575877666473e-03,4.702067002654075623e-03,1.822258159518241882e-02,-9.334965050220489502e-02,7.716763298958539963e-03,-2.130646854639053345e-01,2.473563421517610550e-03,9.188944473862648010e-03,3.640709910541772842e-03,3.482635319232940674e-02,7.755919825285673141e-03,2.800037339329719543e-02,-3.444616217166185379e-03,3.391861170530319214e-02,-2.377872588112950325e-03,-8.176495612133294344e-05,-8.761963108554482460e-04,1.448232028633356094e-02,3.507051989436149597e-02,2.021514624357223511e-02,2.617371454834938049e-02,2.687564585357904434e-03,2.789937332272529602e-02,2.425772696733474731e-02,6.520507158711552620e-04,3.749109059572219849e-02,4.054731689393520355e-03,9.579684701748192310e-04,2.298860251903533936e-02,2.006419003009796143e-02,8.605518378317356110e-03,4.569024778902530670e-03,1.004371326416730881e-02,4.159068688750267029e-03,-1.122085959650576115e-03,1.815511379390954971e-03,4.428759217262268066e-02,7.408155594021081924e-03,5.889261513948440552e-02,5.665476899594068527e-03,5.591423716396093369e-03,-1.798079013824462891e-01,-1.363908350467681885e-01,1.123419031500816345e-02,9.050416946411132812e-02,2.535844594240188599e-02,1.940148696303367615e-02,2.475603297352790833e-02,-1.260928511619567871e-01,1.662363409996032715e-01,5.191847681999206543e-02,1.259483490139245987e-02,-2.899423474445939064e-03,-2.761570271104574203e-03,1.412215270102024078e-02,8.802422881126403809e-02,7.126775104552507401e-03,5.099439993500709534e-02,8.147691376507282257e-03
5.637595895677804947e-03,5.859605595469474792e-02,2.479597367346286774e-02,1.872641220688819885e-02,-1.162785198539495468e-02,1.063165720552206039e-03,3.407759824767708778e-03,4.047133959829807281e-03,2.777522196993231773e-03,1.544707105495035648e-03,-1.852666288614273071e-01,3.501325845718383789e-01,6.982658058404922485e-03,1.214411924593150616e-03,2.609316632151603699e-02,7.778156548738479614e-03,2.307327277958393097e-02,8.815151639282703400e-03,1.006854418665170670e-02,-2.811119426041841507e-03,8.714863099157810211e-03,2.750374563038349152e-02,3.421357646584510803e-02,1.409925869666039944e-03,3.606250742450356483e-03,2.322109183296561241e-03,3.892173292115330696e-03,5.051109008491039276e-03,1.582343429327011108e-01,2.717924714088439941e-01,-2.275659516453742981e-02,5.885447189211845398e-02,5.108649842441082001e-03,2.342375926673412323e-02,2.560073323547840118e-02,3.560963552445173264e-03,5.062365438789129257e-03,4.567079711705446243e-03,4.069636575877666473e-03,4.702067002654075623e-03,2.198633104562759399e-01,3.912383317947387695e-01,7.716763298958539963e-03,-2.001850455999374390e-01,2.473563421517610550e-03,9.188944473862648010e-03,3.640709910541772842e-03,3.482635319232940674e-02,7.755919825285673141e-03,2.800037339329719543e-02,-3.444616217166185379e-03,3.391861170530319214e-02,-2.377872588112950325e-03,-8.176495612133294344e-05,-8.761963108554482460e-04,-2.164180427789688110e-01,3.507051989436149597e-02,2.021514624357223511e-02,2.617371454834938049e-02,2.687564585357904434e-03,2.789937332272529602e-02,2.425772696733474731e-02,6.520507158711552620e-04,3.749109059572219849e-02,4.054731689393520355e-03,9.579684701748192310e-04,2.298860251903533936e-02,2.006419003009796143e-02,8.605518378317356110e-03,4.569024778902530670e-03,1.004371326416730881e-02,4.159068688750267029e-03,-1.122085959650576115e-03,1.815511379390954971e-03,4.428759217262268066e-02,7.408155594021081924e-03,5.889261513948440552e-02,5.665476899594068527e-03,5.591423716396093369e-03,2.763465940952301025e-01,3.360895514488220215e-01,1.123419031500816345e-02,9.050416946411132812e-02,2.535844594240188599e-02,1.940148696303367615e-02,2.475603297352790833e-02,-1.141523793339729309e-01,1.662363409996032715e-01,5.191847681999206543e-02,1.259483490139245987e-02,-2.899423474445939064e-03,-2.761570271104574203e-03,1.412215270102024078e-02,8.802422881126403809e-02,7.126775104552507401e-03,5.099439993500709534e-02,8.147691376507282257e-03
-1.586055755615234375e-02,2.931892275810241699e-01,1.543114706873893738e-02,1.872641220688819885e-02,-1.162785198539495468e-02,1.063165720552206039e-03,5.666227079927921295e-03,4.047133959829807281e-03,2.820618264377117157e-02,7.724341936409473419e-03,2.764437198638916016e-01,3.504468202590942383e-01,1.797129660844802856e-01,1.261102873831987381e-02,5.737105384469032288e-02,7.778156548738479614e-03,2.307327277958393097e-02,1.320856213569641113e-01,1.394205912947654724e-02,2.074150145053863525e-01,2.321560308337211609e-02,2.416255921125411987e-01,1.270952820777893066e-01,5.421442445367574692e-03,2.572900801897048950e-02,1.198529731482267380e-02,1.771343126893043518e-02,9.555659256875514984e-03,5.962626636028289795e-02,2.281147241592407227e-01,1.908329315483570099e-02,2.325032465159893036e-02,6.074095144867897034e-03,1.018047034740447998e-01,3.761287033557891846e-02,3.560963552445173264e-03,5.666079930961132050e-03,5.549111403524875641e-03,5.219620652496814728e-03,5.650003440678119659e-03,7.207703590393066406e-02,3.879035413265228271e-01,2.199272811412811279e-02,2.010999470949172974e-01,6.320313550531864166e-03,1.549694221466779709e-02,5.366698838770389557e-03,5.460065603256225586e-02,5.554434284567832947e-02,1.191217079758644104e-01,-3.444616217166185379e-03,2.527911961078643799e-01,1.220884360373020172e-02,-8.176495612133294344e-05,-8.761963108554482460e-04,2.129893191158771515e-02,9.105670452117919922e-02,6.866502016782760620e-02,3.804767504334449768e-02,5.006028711795806885e-02,2.259970456361770630e-01,3.444315493106842041e-02,6.520507158711552620e-04,5.534981191158294678e-02,5.485310032963752747e-02,7.524860557168722153e-03,7.042776048183441162e-02,1.019751727581024170e-01,1.283514499664306641e-02,2.115518786013126373e-02,6.202192604541778564e-02,4.159068688750267029e-03,-1.122085959650576115e-03,1.815511379390954971e-03,2.554428875446319580e-01,7.408155594021081924e-03,5.292098969221115112e-03,5.665476899594068527e-03,1.090804766863584518e-02,1.268047690391540527e-01,1.853954792022705078e-01,6.746367365121841431e-02,3.196689188480377197e-01,7.815125584602355957e-02,9.911346435546875000e-02,9.451892971992492676e-02,3.335436284542083740e-01,4.077908694744110107e-01,-8.161826059222221375e-03,1.871069222688674927e-01,-2.899423474445939064e-03,-2.761570271104574203e-03,3.387484699487686157e-02,3.129569292068481445e-01,1.373642403632402420e-02,2.902378141880035400e-01,2.793496847152709961e-02
-7.156962901353836060e-02,1.033773496747016907e-01,-1.243779435753822327e-02,1.872641220688819885e-02,-1.162785198539495468e-02,-5.477945669554173946e-04,5.315430928021669388e-03,4.047133959829807281e-03,2.521277405321598053e-02,-6.570036988705396652e-03,1.575065404176712036e-01,3.364163637161254883e-01,1.179725490510463715e-02,-1.084396336227655411e-02,2.291930094361305237e-02,9.670366533100605011e-03,4.473183304071426392e-02,3.623815625905990601e-02,-6.228329241275787354e-02,1.365209817886352539e-01,-1.545975566841661930e-03,-1.741157770156860352e-01,1.113562956452369690e-01,1.409925869666039944e-03,-2.474896237254142761e-02,6.396358367055654526e-03,-2.146611362695693970e-02,7.281186524778604507e-03,3.441060427576303482e-03,2.121730893850326538e-01,1.242970116436481476e-02,-2.269257965963333845e-04,5.961565300822257996e-03,-2.952198497951030731e-02,3.673551604151725769e-02,3.560963552445173264e-03,5.546500440686941147e-03,5.440572276711463928e-03,9.543382475385442376e-06,5.533986259251832962e-03,6.742908060550689697e-02,3.453333079814910889e-01,-3.205557540059089661e-02,1.850891560316085815e-01,5.460157524794340134e-03,1.600090996362268925e-03,4.997686482965946198e-03,3.141703456640243530e-02,5.024096369743347168e-02,2.800037339329719543e-02,-3.444616217166185379e-03,2.148849219083786011e-01,8.692476898431777954e-03,2.620742190629243851e-03,-8.761963108554482460e-04,2.095220983028411865e-02,-4.720811545848846436e-02,5.331670492887496948e-02,5.237848684191703796e-02,-5.137415602803230286e-02,7.740103453397750854e-02,2.425772696733474731e-02,6.520507158711552620e-04,5.190461501479148865e-02,-2.252508699893951416e-02,6.964295171201229095e-03,2.381251938641071320e-02,3.878743946552276611e-02,1.263035647571086884e-02,1.787344366312026978e-02,2.093761414289474487e-02,5.232300143688917160e-03,-1.122085959650576115e-03,1.815511379390954971e-03,2.483691275119781494e-01,7.408155594021081924e-03,9.219091385602951050e-03,5.665476899594068527e-03,-9.741167887113988400e-04,1.966104507446289062e-01,2.015990614891052246e-01,3.581553325057029724e-02,-1.529925316572189331e-01,2.024075947701931000e-02,8.637329190969467163e-02,-2.351159695535898209e-03,3.460381031036376953e-01,5.831848364323377609e-03,1.470233500003814697e-01,1.719237565994262695e-01,-2.899423474445939064e-03,-2.761570271104574203e-03,3.083446249365806580e-02,2.963615655899047852e-01,6.056787911802530289e-03,-1.005489751696586609e-01,-8.681033737957477570e-03
